Taxon ID,Genome ID,Genome Name,Antibiotic,Resistant Phenotype,Measurement,Measurement Sign,Measurement Value,Measurement Unit,Laboratory Typing Method,Laboratory Typing Method Version,Laboratory Typing Platform,Vendor,Testing Standard,Testing Standard Year,Computational Method,Computational Method Version,Computational Method Performance,Evidence,Source,PubMed,Species,combo
562,562.114877,Escherichia coli AMR0264,piperacillin/tazobactam,Resistant,,,,,,,,,,,SIR XGBoost Model,202503101.0,"F1 score: 0.80, CI[0.78, 0.82]",Computational Method,,,Escherichia coli,Escherichia coli | piperacillin/tazobactam
562,562.114875,Escherichia coli AMR0177,streptomycin,Resistant,,,,,,,,,,,SIR XGBoost Model,202503101.0,"F1 score: 0.96, CI[0.90, 1.02]",Computational Method,,,Escherichia coli,Escherichia coli | streptomycin
1280,1280.48292,Staphylococcus aureus AMR9,erythromycin,Resistant,,,,,,,,,,,SIR XGBoost Model,202503101.0,"F1 score: 0.98, CI[0.97, 0.99]",Computational Method,,,Staphylococcus aureus,Staphylococcus aureus | erythromycin
573,573.62645,Klebsiella pneumoniae AMR180036,imipenem,Susceptible,,,,,,,,PATRIC,,,AdaBoost Classifier,,"Accuracy:0.931, F1 score:0.935, AUC:0.950",Computational Method,,,Klebsiella pneumoniae,Klebsiella pneumoniae | imipenem
1280,1280.48293,Staphylococcus aureus AMR6,erythromycin,Resistant,,,,,,,,PATRIC,,,AdaBoost Classifier,,"Accuracy:0.959, F1 score:0.962, AUC:0.981",Computational Method,,,Staphylococcus aureus,Staphylococcus aureus | erythromycin
562,562.114875,Escherichia coli AMR0177,chloramphenicol,Resistant,,,,,,,,,,,SIR XGBoost Model,202503101.0,"F1 score: 0.96, CI[0.93, 0.99]",Computational Method,,,Escherichia coli,Escherichia coli | chloramphenicol
562,562.114871,Escherichia coli AMR0265,trimethoprim/sulfamethoxazole,Resistant,,,,,,,,,,,SIR XGBoost Model,202503101.0,"F1 score: 0.94, CI[0.94, 0.95]",Computational Method,,,Escherichia coli,Escherichia coli | trimethoprim/sulfamethoxazole
611,611.298,Salmonella enterica subsp. enterica serovar Heidelberg strain AMR588-04-00437,chloramphenicol,Resistant,,,,,,,,,,,SIR XGBoost Model,202503101.0,"F1 score: 0.90, CI[0.88, 0.91]",Computational Method,,,Salmonella enterica,Salmonella enterica | chloramphenicol
611,611.111,Salmonella enterica subsp. enterica serovar Heidelberg strain AMR588-04-00435,sulfamethoxazole,Susceptible,,,,,,,,,,,SIR XGBoost Model,202503101.0,"F1 score: 0.95, CI[0.93, 0.97]",Computational Method,,,Salmonella enterica,Salmonella enterica | sulfamethoxazole
562,562.114877,Escherichia coli AMR0264,ampicillin/sulbactam,Resistant,,,,,,,,,,,SIR XGBoost Model,202503101.0,"F1 score: 0.88, CI[0.79, 0.98]",Computational Method,,,Escherichia coli,Escherichia coli | ampicillin/sulbactam
1280,1280.48288,Staphylococcus aureus AMR8,trimethoprim/sulfamethoxazole,Susceptible,,,,,,,,PATRIC,,,AdaBoost Classifier,,"Accuracy:0.939, F1 score:0.956, AUC:0.974",Computational Method,,,Staphylococcus aureus,Staphylococcus aureus | trimethoprim/sulfamethoxazole
611,611.29,Salmonella enterica subsp. enterica serovar Heidelberg strain AMR588-04-00318,trimethoprim/sulfamethoxazole,Susceptible,,,,,,,,,,,SIR XGBoost Model,202503101.0,"F1 score: 0.85, CI[0.82, 0.88]",Computational Method,,,Salmonella enterica,Salmonella enterica | trimethoprim/sulfamethoxazole
1280,1280.48288,Staphylococcus aureus AMR8,methicillin,Resistant,,,,,,,,PATRIC,,,AdaBoost Classifier,,"Accuracy:0.989, F1 score:0.989, AUC:0.994",Computational Method,,,Staphylococcus aureus,Staphylococcus aureus | methicillin
611,611.289,Salmonella enterica subsp. enterica serovar Heidelberg strain AMR588-04-00318,pefloxacin,Resistant,,,,,,,,,,,SIR XGBoost Model,202503101.0,"F1 score: 0.98, CI[0.96, 1.00]",Computational Method,,,Salmonella enterica,Salmonella enterica | pefloxacin
1280,1280.48294,Staphylococcus aureus AMR3,clindamycin,Susceptible,,,,,,,,,,,SIR XGBoost Model,202503101.0,"F1 score: 0.98, CI[0.97, 1.00]",Computational Method,,,Staphylococcus aureus,Staphylococcus aureus | clindamycin
562,562.114871,Escherichia coli AMR0265,piperacillin/tazobactam,Resistant,,,,,,,,,,,SIR XGBoost Model,202503101.0,"F1 score: 0.80, CI[0.78, 0.82]",Computational Method,,,Escherichia coli,Escherichia coli | piperacillin/tazobactam
611,611.295,Salmonella enterica subsp. enterica serovar Heidelberg strain AMR588-04-00435,spectinomycin,Susceptible,,,,,,,,,,,SIR XGBoost Model,202503101.0,"F1 score: 0.94, CI[0.90, 0.98]",Computational Method,,,Salmonella enterica,Salmonella enterica | spectinomycin
1280,1280.48294,Staphylococcus aureus AMR3,tetracycline,Susceptible,,,,,,,,PATRIC,,,AdaBoost Classifier,,"Accuracy:0.975, F1 score:0.974, AUC:0.986",Computational Method,,,Staphylococcus aureus,Staphylococcus aureus | tetracycline
611,611.292,Salmonella enterica subsp. enterica serovar Heidelberg strain AMR588-04-00320,trimethoprim/sulfamethoxazole,Susceptible,,,,,,,,,,,SIR XGBoost Model,202503101.0,"F1 score: 0.85, CI[0.82, 0.88]",Computational Method,,,Salmonella enterica,Salmonella enterica | trimethoprim/sulfamethoxazole
1280,1280.4829,Staphylococcus aureus AMR7,methicillin,Resistant,,,,,,,,PATRIC,,,AdaBoost Classifier,,"Accuracy:0.989, F1 score:0.989, AUC:0.994",Computational Method,,,Staphylococcus aureus,Staphylococcus aureus | methicillin
611,611.114,Salmonella enterica subsp. enterica serovar Heidelberg strain AMR588-04-00320,spectinomycin,Susceptible,,,,,,,,,,,SIR XGBoost Model,202503101.0,"F1 score: 0.94, CI[0.90, 0.98]",Computational Method,,,Salmonella enterica,Salmonella enterica | spectinomycin
611,611.116,Salmonella enterica subsp. enterica serovar Heidelberg strain AMR588-04-00437,ceftriaxone,Susceptible,,,,,,,,,,,SIR XGBoost Model,202503101.0,"F1 score: 0.98, CI[0.97, 1.00]",Computational Method,,,Salmonella enterica,Salmonella enterica | ceftriaxone
611,611.297,Salmonella enterica subsp. enterica serovar Heidelberg strain AMR588-04-00437,amoxicillin/clavulanic acid,Susceptible,,,,,,,,,,,SIR XGBoost Model,202503101.0,"F1 score: 0.96, CI[0.95, 0.97]",Computational Method,,,Salmonella enterica,Salmonella enterica | amoxicillin/clavulanic acid
1280,1280.483,Staphylococcus aureus AMR11,tetracycline,Susceptible,,,,,,,,,,,SIR XGBoost Model,202503101.0,"F1 score: 0.98, CI[0.97, 1.00]",Computational Method,,,Staphylococcus aureus,Staphylococcus aureus | tetracycline
1352,1352.16772,Enterococcus faecium KU-AMR0096,vancomycin,Resistant,,,,,,,,,,,SIR XGBoost Model,202503101.0,"F1 score: 0.97, CI[0.96, 0.98]",Computational Method,,,Enterococcus faecium,Enterococcus faecium | vancomycin
573,573.62642,Klebsiella pneumoniae AMR180026,gentamicin,Resistant,,,,,,,,PATRIC,,,AdaBoost Classifier,,"Accuracy:0.863, F1 score:0.863, AUC:0.930",Computational Method,,,Klebsiella pneumoniae,Klebsiella pneumoniae | gentamicin
573,573.62641,Klebsiella pneumoniae AMR180022,cefepime,Susceptible,,,,,,,,PATRIC,,,AdaBoost Classifier,,"Accuracy:0.697, F1 score:0.704, AUC:0.745",Computational Method,,,Klebsiella pneumoniae,Klebsiella pneumoniae | cefepime
611,611.298,Salmonella enterica subsp. enterica serovar Heidelberg strain AMR588-04-00437,pefloxacin,Resistant,,,,,,,,,,,SIR XGBoost Model,202503101.0,"F1 score: 0.98, CI[0.96, 1.00]",Computational Method,,,Salmonella enterica,Salmonella enterica | pefloxacin
611,611.29,Salmonella enterica subsp. enterica serovar Heidelberg strain AMR588-04-00318,gentamicin,Susceptible,,,,,,,,,,,SIR XGBoost Model,202503101.0,"F1 score: 0.92, CI[0.89, 0.95]",Computational Method,,,Salmonella enterica,Salmonella enterica | gentamicin
1280,1280.483,Staphylococcus aureus AMR11,penicillin,Resistant,,,,,,,,PATRIC,,,AdaBoost Classifier,,"Accuracy:0.963, F1 score:0.964, AUC:0.979",Computational Method,,,Staphylococcus aureus,Staphylococcus aureus | penicillin
562,562.114873,Escherichia coli AMR0279,aztreonam,Resistant,,,,,,,,,,,SIR XGBoost Model,202503101.0,"F1 score: 0.92, CI[0.89, 0.96]",Computational Method,,,Escherichia coli,Escherichia coli | aztreonam
573,573.65449,Klebsiella pneumoniae AMR20201034,cefepime,Resistant,,,,,,,,PATRIC,,,AdaBoost Classifier,,"Accuracy:0.697, F1 score:0.704, AUC:0.745",Computational Method,,,Klebsiella pneumoniae,Klebsiella pneumoniae | cefepime
562,562.114877,Escherichia coli AMR0264,ertapenem,Resistant,,,,,,,,,,,SIR XGBoost Model,202503101.0,"F1 score: 0.92, CI[0.90, 0.95]",Computational Method,,,Escherichia coli,Escherichia coli | ertapenem
1280,1280.48297,Staphylococcus aureus AMR2,penicillin,Resistant,,,,,,,,,,,SIR XGBoost Model,202503101.0,"F1 score: 0.94, CI[0.91, 0.98]",Computational Method,,,Staphylococcus aureus,Staphylococcus aureus | penicillin
611,611.291,Salmonella enterica subsp. enterica serovar Heidelberg strain AMR588-04-00318,gentamicin,Resistant,,,,,,,,,,,SIR XGBoost Model,202503101.0,"F1 score: 0.92, CI[0.89, 0.95]",Computational Method,,,Salmonella enterica,Salmonella enterica | gentamicin
611,611.291,Salmonella enterica subsp. enterica serovar Heidelberg strain AMR588-04-00318,sulfisoxazole,Susceptible,,,,,,,,,,,SIR XGBoost Model,202503101.0,"F1 score: 0.99, CI[0.98, 1.00]",Computational Method,,,Salmonella enterica,Salmonella enterica | sulfisoxazole
573,573.62645,Klebsiella pneumoniae AMR180036,amikacin,Resistant,,,,,,,,PATRIC,,,AdaBoost Classifier,,"Accuracy:0.910, F1 score:0.919, AUC:0.947",Computational Method,,,Klebsiella pneumoniae,Klebsiella pneumoniae | amikacin
611,611.294,Salmonella enterica subsp. enterica serovar Heidelberg strain AMR588-04-00320,azithromycin,Susceptible,,,,,,,,,,,SIR XGBoost Model,202503101.0,"F1 score: 0.92, CI[0.87, 0.98]",Computational Method,,,Salmonella enterica,Salmonella enterica | azithromycin
611,611.291,Salmonella enterica subsp. enterica serovar Heidelberg strain AMR588-04-00318,trimethoprim,Resistant,,,,,,,,,,,SIR XGBoost Model,202503101.0,"F1 score: 0.86, CI[0.78, 0.93]",Computational Method,,,Salmonella enterica,Salmonella enterica | trimethoprim
611,611.294,Salmonella enterica subsp. enterica serovar Heidelberg strain AMR588-04-00320,chloramphenicol,Resistant,,,,,,,,,,,SIR XGBoost Model,202503101.0,"F1 score: 0.90, CI[0.88, 0.91]",Computational Method,,,Salmonella enterica,Salmonella enterica | chloramphenicol
611,611.296,Salmonella enterica subsp. enterica serovar Heidelberg strain AMR588-04-00435,ceftriaxone,Susceptible,,,,,,,,,,,SIR XGBoost Model,202503101.0,"F1 score: 0.98, CI[0.97, 1.00]",Computational Method,,,Salmonella enterica,Salmonella enterica | ceftriaxone
611,611.116,Salmonella enterica subsp. enterica serovar Heidelberg strain AMR588-04-00437,cefotaxime,Susceptible,,,,,,,,,,,SIR XGBoost Model,202503101.0,"F1 score: 0.95, CI[0.90, 0.99]",Computational Method,,,Salmonella enterica,Salmonella enterica | cefotaxime
611,611.295,Salmonella enterica subsp. enterica serovar Heidelberg strain AMR588-04-00435,azithromycin,Susceptible,,,,,,,,,,,SIR XGBoost Model,202503101.0,"F1 score: 0.92, CI[0.87, 0.98]",Computational Method,,,Salmonella enterica,Salmonella enterica | azithromycin
1280,1280.48294,Staphylococcus aureus AMR3,erythromycin,Resistant,,,,,,,,,,,SIR XGBoost Model,202503101.0,"F1 score: 0.98, CI[0.97, 0.99]",Computational Method,,,Staphylococcus aureus,Staphylococcus aureus | erythromycin
611,611.294,Salmonella enterica subsp. enterica serovar Heidelberg strain AMR588-04-00320,amoxicillin/clavulanic acid,Resistant,,,,,,,,,,,SIR XGBoost Model,202503101.0,"F1 score: 0.96, CI[0.95, 0.97]",Computational Method,,,Salmonella enterica,Salmonella enterica | amoxicillin/clavulanic acid
611,611.116,Salmonella enterica subsp. enterica serovar Heidelberg strain AMR588-04-00437,ceftiofur,Susceptible,,,,,,,,,,,SIR XGBoost Model,202503101.0,"F1 score: 0.98, CI[0.97, 1.00]",Computational Method,,,Salmonella enterica,Salmonella enterica | ceftiofur
562,562.114875,Escherichia coli AMR0177,piperacillin/tazobactam,Resistant,,,,,,,,,,,SIR XGBoost Model,202503101.0,"F1 score: 0.80, CI[0.78, 0.82]",Computational Method,,,Escherichia coli,Escherichia coli | piperacillin/tazobactam
1280,1280.48296,Staphylococcus aureus AMR26,penicillin,Resistant,,,,,,,,,,,SIR XGBoost Model,202503101.0,"F1 score: 0.94, CI[0.91, 0.98]",Computational Method,,,Staphylococcus aureus,Staphylococcus aureus | penicillin
562,562.11254,Escherichia coli AMR0278,cefepime,Resistant,,,,,,,,,,,SIR XGBoost Model,202503101.0,"F1 score: 0.88, CI[0.84, 0.92]",Computational Method,,,Escherichia coli,Escherichia coli | cefepime
562,562.138665,Escherichia coli AMR_MDS_5755,doxycycline,Susceptible,,,,,,,,,,,SIR XGBoost Model,202503101.0,"F1 score: 0.87, CI[0.80, 0.95]",Computational Method,,,Escherichia coli,Escherichia coli | doxycycline
562,562.11254,Escherichia coli AMR0278,tobramycin,Resistant,,,,,,,,,,,SIR XGBoost Model,202503101.0,"F1 score: 0.92, CI[0.88, 0.96]",Computational Method,,,Escherichia coli,Escherichia coli | tobramycin
1280,1280.48293,Staphylococcus aureus AMR6,gentamicin,Susceptible,,,,,,,,,,,SIR XGBoost Model,202503101.0,"F1 score: 0.99, CI[0.99, 1.00]",Computational Method,,,Staphylococcus aureus,Staphylococcus aureus | gentamicin
1280,1280.48288,Staphylococcus aureus AMR8,oxacillin,Resistant,,,,,,,,,,,SIR XGBoost Model,202503101.0,"F1 score: 0.91, CI[0.87, 0.96]",Computational Method,,,Staphylococcus aureus,Staphylococcus aureus | oxacillin
1280,1280.48297,Staphylococcus aureus AMR2,oxacillin,Resistant,,,,,,,,,,,SIR XGBoost Model,202503101.0,"F1 score: 0.91, CI[0.87, 0.96]",Computational Method,,,Staphylococcus aureus,Staphylococcus aureus | oxacillin
611,611.293,Salmonella enterica subsp. enterica serovar Heidelberg strain AMR588-04-00320,ciprofloxacin,Susceptible,,,,,,,,,,,SIR XGBoost Model,202503101.0,"F1 score: 0.95, CI[0.93, 0.96]",Computational Method,,,Salmonella enterica,Salmonella enterica | ciprofloxacin
573,573.65449,Klebsiella pneumoniae AMR20201034,amikacin,Susceptible,,,,,,,,PATRIC,,,AdaBoost Classifier,,"Accuracy:0.910, F1 score:0.919, AUC:0.947",Computational Method,,,Klebsiella pneumoniae,Klebsiella pneumoniae | amikacin
562,562.114876,Escherichia coli AMR0262,amoxicillin/clavulanic acid,Resistant,,,,,,,,,,,SIR XGBoost Model,202503101.0,"F1 score: 0.84, CI[0.81, 0.88]",Computational Method,,,Escherichia coli,Escherichia coli | amoxicillin/clavulanic acid
562,562.114871,Escherichia coli AMR0265,levofloxacin,Resistant,,,,,,,,,,,SIR XGBoost Model,202503101.0,"F1 score: 0.97, CI[0.91, 1.02]",Computational Method,,,Escherichia coli,Escherichia coli | levofloxacin
611,611.111,Salmonella enterica subsp. enterica serovar Heidelberg strain AMR588-04-00435,chloramphenicol,Susceptible,,,,,,,,,,,SIR XGBoost Model,202503101.0,"F1 score: 0.90, CI[0.88, 0.91]",Computational Method,,,Salmonella enterica,Salmonella enterica | chloramphenicol
573,573.65449,Klebsiella pneumoniae AMR20201034,trimethoprim/sulfamethoxazole,Resistant,,,,,,,,PATRIC,,,AdaBoost Classifier,,"Accuracy:0.861, F1 score:0.865, AUC:0.930",Computational Method,,,Klebsiella pneumoniae,Klebsiella pneumoniae | trimethoprim/sulfamethoxazole
611,611.127,Salmonella enterica subsp. enterica serovar Heidelberg strain AMR588-04-00318,ceftiofur,Resistant,,,,,,,,,,,SIR XGBoost Model,202503101.0,"F1 score: 0.98, CI[0.97, 1.00]",Computational Method,,,Salmonella enterica,Salmonella enterica | ceftiofur
611,611.296,Salmonella enterica subsp. enterica serovar Heidelberg strain AMR588-04-00435,chloramphenicol,Resistant,,,,,,,,,,,SIR XGBoost Model,202503101.0,"F1 score: 0.90, CI[0.88, 0.91]",Computational Method,,,Salmonella enterica,Salmonella enterica | chloramphenicol
1280,1280.4829,Staphylococcus aureus AMR7,tetracycline,Susceptible,,,,,,,,PATRIC,,,AdaBoost Classifier,,"Accuracy:0.975, F1 score:0.974, AUC:0.986",Computational Method,,,Staphylococcus aureus,Staphylococcus aureus | tetracycline
1280,1280.483,Staphylococcus aureus AMR11,trimethoprim/sulfamethoxazole,Susceptible,,,,,,,,PATRIC,,,AdaBoost Classifier,,"Accuracy:0.939, F1 score:0.956, AUC:0.974",Computational Method,,,Staphylococcus aureus,Staphylococcus aureus | trimethoprim/sulfamethoxazole
1280,1280.48294,Staphylococcus aureus AMR3,gentamicin,Susceptible,,,,,,,,,,,SIR XGBoost Model,202503101.0,"F1 score: 0.99, CI[0.99, 1.00]",Computational Method,,,Staphylococcus aureus,Staphylococcus aureus | gentamicin
562,562.114877,Escherichia coli AMR0264,streptomycin,Resistant,,,,,,,,,,,SIR XGBoost Model,202503101.0,"F1 score: 0.96, CI[0.90, 1.02]",Computational Method,,,Escherichia coli,Escherichia coli | streptomycin
562,562.138665,Escherichia coli AMR_MDS_5755,cefotaxime,Susceptible,,,,,,,,,,,SIR XGBoost Model,202503101.0,"F1 score: 0.96, CI[0.96, 0.97]",Computational Method,,,Escherichia coli,Escherichia coli | cefotaxime
611,611.295,Salmonella enterica subsp. enterica serovar Heidelberg strain AMR588-04-00435,ampicillin,Susceptible,,,,,,,,,,,SIR XGBoost Model,202503101.0,"F1 score: 0.93, CI[0.92, 0.93]",Computational Method,,,Salmonella enterica,Salmonella enterica | ampicillin
611,611.297,Salmonella enterica subsp. enterica serovar Heidelberg strain AMR588-04-00437,kanamycin,Susceptible,,,,,,,,,,,SIR XGBoost Model,202503101.0,"F1 score: 0.86, CI[0.77, 0.95]",Computational Method,,,Salmonella enterica,Salmonella enterica | kanamycin
611,611.297,Salmonella enterica subsp. enterica serovar Heidelberg strain AMR588-04-00437,azithromycin,Susceptible,,,,,,,,,,,SIR XGBoost Model,202503101.0,"F1 score: 0.92, CI[0.87, 0.98]",Computational Method,,,Salmonella enterica,Salmonella enterica | azithromycin
562,562.114875,Escherichia coli AMR0177,amoxicillin/clavulanic acid,Resistant,,,,,,,,,,,SIR XGBoost Model,202503101.0,"F1 score: 0.84, CI[0.81, 0.88]",Computational Method,,,Escherichia coli,Escherichia coli | amoxicillin/clavulanic acid
562,562.138665,Escherichia coli AMR_MDS_5755,aztreonam,Susceptible,,,,,,,,,,,SIR XGBoost Model,202503101.0,"F1 score: 0.92, CI[0.89, 0.96]",Computational Method,,,Escherichia coli,Escherichia coli | aztreonam
611,611.296,Salmonella enterica subsp. enterica serovar Heidelberg strain AMR588-04-00435,ciprofloxacin,Susceptible,,,,,,,,,,,SIR XGBoost Model,202503101.0,"F1 score: 0.95, CI[0.93, 0.96]",Computational Method,,,Salmonella enterica,Salmonella enterica | ciprofloxacin
1280,1280.48296,Staphylococcus aureus AMR26,ciprofloxacin,Susceptible,,,,,,,,PATRIC,,,AdaBoost Classifier,,"Accuracy:0.977, F1 score:0.980, AUC:0.982",Computational Method,,,Staphylococcus aureus,Staphylococcus aureus | ciprofloxacin
573,573.62645,Klebsiella pneumoniae AMR180036,piperacillin/tazobactam,Susceptible,,,,,,,,PATRIC,,,AdaBoost Classifier,,"Accuracy:0.766, F1 score:0.759, AUC:0.825",Computational Method,,,Klebsiella pneumoniae,Klebsiella pneumoniae | piperacillin/tazobactam
562,562.114877,Escherichia coli AMR0264,cefotaxime,Resistant,,,,,,,,,,,SIR XGBoost Model,202503101.0,"F1 score: 0.96, CI[0.96, 0.97]",Computational Method,,,Escherichia coli,Escherichia coli | cefotaxime
611,611.114,Salmonella enterica subsp. enterica serovar Heidelberg strain AMR588-04-00320,pefloxacin,Susceptible,,,,,,,,,,,SIR XGBoost Model,202503101.0,"F1 score: 0.98, CI[0.96, 1.00]",Computational Method,,,Salmonella enterica,Salmonella enterica | pefloxacin
611,611.289,Salmonella enterica subsp. enterica serovar Heidelberg strain AMR588-04-00318,spectinomycin,Susceptible,,,,,,,,,,,SIR XGBoost Model,202503101.0,"F1 score: 0.94, CI[0.90, 0.98]",Computational Method,,,Salmonella enterica,Salmonella enterica | spectinomycin
1280,1280.4829,Staphylococcus aureus AMR7,cefoxitin,Resistant,,,,,,,,,,,SIR XGBoost Model,202503101.0,"F1 score: 0.97, CI[0.96, 0.99]",Computational Method,,,Staphylococcus aureus,Staphylococcus aureus | cefoxitin
1280,1280.48295,Staphylococcus aureus AMR28,penicillin,Resistant,,,,,,,,,,,SIR XGBoost Model,202503101.0,"F1 score: 0.94, CI[0.91, 0.98]",Computational Method,,,Staphylococcus aureus,Staphylococcus aureus | penicillin
1280,1280.48292,Staphylococcus aureus AMR9,penicillin,Resistant,,,,,,,,,,,SIR XGBoost Model,202503101.0,"F1 score: 0.94, CI[0.91, 0.98]",Computational Method,,,Staphylococcus aureus,Staphylococcus aureus | penicillin
1280,1280.48288,Staphylococcus aureus AMR8,tetracycline,Susceptible,,,,,,,,PATRIC,,,AdaBoost Classifier,,"Accuracy:0.975, F1 score:0.974, AUC:0.986",Computational Method,,,Staphylococcus aureus,Staphylococcus aureus | tetracycline
573,573.64652,Klebsiella pneumoniae AMR_MDS_5016,gentamicin,Susceptible,,,,,,,,PATRIC,,,AdaBoost Classifier,,"Accuracy:0.863, F1 score:0.863, AUC:0.930",Computational Method,,,Klebsiella pneumoniae,Klebsiella pneumoniae | gentamicin
611,611.292,Salmonella enterica subsp. enterica serovar Heidelberg strain AMR588-04-00320,kanamycin,Susceptible,,,,,,,,,,,SIR XGBoost Model,202503101.0,"F1 score: 0.86, CI[0.77, 0.95]",Computational Method,,,Salmonella enterica,Salmonella enterica | kanamycin
1280,1280.48295,Staphylococcus aureus AMR28,trimethoprim/sulfamethoxazole,Susceptible,,,,,,,,,,,SIR XGBoost Model,202503101.0,"F1 score: 0.94, CI[0.89, 0.98]",Computational Method,,,Staphylococcus aureus,Staphylococcus aureus | trimethoprim/sulfamethoxazole
611,611.296,Salmonella enterica subsp. enterica serovar Heidelberg strain AMR588-04-00435,cefotaxime,Susceptible,,,,,,,,,,,SIR XGBoost Model,202503101.0,"F1 score: 0.95, CI[0.90, 0.99]",Computational Method,,,Salmonella enterica,Salmonella enterica | cefotaxime
611,611.295,Salmonella enterica subsp. enterica serovar Heidelberg strain AMR588-04-00435,kanamycin,Susceptible,,,,,,,,,,,SIR XGBoost Model,202503101.0,"F1 score: 0.86, CI[0.77, 0.95]",Computational Method,,,Salmonella enterica,Salmonella enterica | kanamycin
562,562.11254,Escherichia coli AMR0278,piperacillin/tazobactam,Resistant,,,,,,,,,,,SIR XGBoost Model,202503101.0,"F1 score: 0.80, CI[0.78, 0.82]",Computational Method,,,Escherichia coli,Escherichia coli | piperacillin/tazobactam
611,611.292,Salmonella enterica subsp. enterica serovar Heidelberg strain AMR588-04-00320,gentamicin,Resistant,,,,,,,,,,,SIR XGBoost Model,202503101.0,"F1 score: 0.92, CI[0.89, 0.95]",Computational Method,,,Salmonella enterica,Salmonella enterica | gentamicin
611,611.292,Salmonella enterica subsp. enterica serovar Heidelberg strain AMR588-04-00320,cefotaxime,Susceptible,,,,,,,,,,,SIR XGBoost Model,202503101.0,"F1 score: 0.95, CI[0.90, 0.99]",Computational Method,,,Salmonella enterica,Salmonella enterica | cefotaxime
573,573.62642,Klebsiella pneumoniae AMR180026,imipenem,Susceptible,,,,,,,,PATRIC,,,AdaBoost Classifier,,"Accuracy:0.931, F1 score:0.935, AUC:0.950",Computational Method,,,Klebsiella pneumoniae,Klebsiella pneumoniae | imipenem
1352,1352.16769,Enterococcus faecium KU-AMR0098,linezolid,Susceptible,,,,,,,,,,,SIR XGBoost Model,202503101.0,"F1 score: 0.94, CI[0.90, 0.98]",Computational Method,,,Enterococcus faecium,Enterococcus faecium | linezolid
562,562.114876,Escherichia coli AMR0262,amoxicillin,Resistant,,,,,,,,,,,SIR XGBoost Model,202503101.0,"F1 score: 0.90, CI[0.87, 0.93]",Computational Method,,,Escherichia coli,Escherichia coli | amoxicillin
562,562.114875,Escherichia coli AMR0177,trimethoprim/sulfamethoxazole,Resistant,,,,,,,,,,,SIR XGBoost Model,202503101.0,"F1 score: 0.94, CI[0.94, 0.95]",Computational Method,,,Escherichia coli,Escherichia coli | trimethoprim/sulfamethoxazole
1280,1280.48292,Staphylococcus aureus AMR9,tetracycline,Susceptible,,,,,,,,PATRIC,,,AdaBoost Classifier,,"Accuracy:0.975, F1 score:0.974, AUC:0.986",Computational Method,,,Staphylococcus aureus,Staphylococcus aureus | tetracycline
573,573.64652,Klebsiella pneumoniae AMR_MDS_5016,cefoxitin,Susceptible,,,,,,,,PATRIC,,,AdaBoost Classifier,,"Accuracy:0.805, F1 score:0.796, AUC:0.864",Computational Method,,,Klebsiella pneumoniae,Klebsiella pneumoniae | cefoxitin
611,611.127,Salmonella enterica subsp. enterica serovar Heidelberg strain AMR588-04-00318,streptomycin,Susceptible,,,,,,,,,,,SIR XGBoost Model,202503101.0,"F1 score: 0.94, CI[0.93, 0.96]",Computational Method,,,Salmonella enterica,Salmonella enterica | streptomycin
1280,1280.48297,Staphylococcus aureus AMR2,gentamicin,Susceptible,,,,,,,,,,,SIR XGBoost Model,202503101.0,"F1 score: 0.99, CI[0.99, 1.00]",Computational Method,,,Staphylococcus aureus,Staphylococcus aureus | gentamicin
573,573.64652,Klebsiella pneumoniae AMR_MDS_5016,levofloxacin,Susceptible,,,,,,,,PATRIC,,,AdaBoost Classifier,,"Accuracy:0.917, F1 score:0.927, AUC:0.961",Computational Method,,,Klebsiella pneumoniae,Klebsiella pneumoniae | levofloxacin
573,573.62642,Klebsiella pneumoniae AMR180026,ciprofloxacin,Resistant,,,,,,,,PATRIC,,,AdaBoost Classifier,,"Accuracy:0.909, F1 score:0.912, AUC:0.947",Computational Method,,,Klebsiella pneumoniae,Klebsiella pneumoniae | ciprofloxacin
611,611.295,Salmonella enterica subsp. enterica serovar Heidelberg strain AMR588-04-00435,gentamicin,Resistant,,,,,,,,,,,SIR XGBoost Model,202503101.0,"F1 score: 0.92, CI[0.89, 0.95]",Computational Method,,,Salmonella enterica,Salmonella enterica | gentamicin
1280,1280.48297,Staphylococcus aureus AMR2,trimethoprim/sulfamethoxazole,Susceptible,,,,,,,,PATRIC,,,AdaBoost Classifier,,"Accuracy:0.939, F1 score:0.956, AUC:0.974",Computational Method,,,Staphylococcus aureus,Staphylococcus aureus | trimethoprim/sulfamethoxazole
611,611.294,Salmonella enterica subsp. enterica serovar Heidelberg strain AMR588-04-00320,trimethoprim/sulfamethoxazole,Susceptible,,,,,,,,,,,SIR XGBoost Model,202503101.0,"F1 score: 0.85, CI[0.82, 0.88]",Computational Method,,,Salmonella enterica,Salmonella enterica | trimethoprim/sulfamethoxazole
1280,1280.48305,Staphylococcus aureus AMR1,daptomycin,Resistant,,,,,,,,,,,SIR XGBoost Model,202503101.0,"F1 score: 0.30, CI[-0.26, 0.85]",Computational Method,,,Staphylococcus aureus,Staphylococcus aureus | daptomycin
611,611.297,Salmonella enterica subsp. enterica serovar Heidelberg strain AMR588-04-00437,chloramphenicol,Resistant,,,,,,,,,,,SIR XGBoost Model,202503101.0,"F1 score: 0.90, CI[0.88, 0.91]",Computational Method,,,Salmonella enterica,Salmonella enterica | chloramphenicol
562,562.114871,Escherichia coli AMR0265,cefepime,Resistant,,,,,,,,,,,SIR XGBoost Model,202503101.0,"F1 score: 0.88, CI[0.84, 0.92]",Computational Method,,,Escherichia coli,Escherichia coli | cefepime
573,573.62645,Klebsiella pneumoniae AMR180036,cefepime,Susceptible,,,,,,,,PATRIC,,,AdaBoost Classifier,,"Accuracy:0.697, F1 score:0.704, AUC:0.745",Computational Method,,,Klebsiella pneumoniae,Klebsiella pneumoniae | cefepime
573,573.62645,Klebsiella pneumoniae AMR180036,ciprofloxacin,Resistant,,,,,,,,PATRIC,,,AdaBoost Classifier,,"Accuracy:0.909, F1 score:0.912, AUC:0.947",Computational Method,,,Klebsiella pneumoniae,Klebsiella pneumoniae | ciprofloxacin
1280,1280.48294,Staphylococcus aureus AMR3,erythromycin,Resistant,,,,,,,,PATRIC,,,AdaBoost Classifier,,"Accuracy:0.959, F1 score:0.962, AUC:0.981",Computational Method,,,Staphylococcus aureus,Staphylococcus aureus | erythromycin
611,611.293,Salmonella enterica subsp. enterica serovar Heidelberg strain AMR588-04-00320,ceftriaxone,Susceptible,,,,,,,,,,,SIR XGBoost Model,202503101.0,"F1 score: 0.98, CI[0.97, 1.00]",Computational Method,,,Salmonella enterica,Salmonella enterica | ceftriaxone
611,611.289,Salmonella enterica subsp. enterica serovar Heidelberg strain AMR588-04-00318,ceftiofur,Susceptible,,,,,,,,,,,SIR XGBoost Model,202503101.0,"F1 score: 0.98, CI[0.97, 1.00]",Computational Method,,,Salmonella enterica,Salmonella enterica | ceftiofur
562,562.114873,Escherichia coli AMR0279,trimethoprim,Resistant,,,,,,,,,,,SIR XGBoost Model,202503101.0,"F1 score: 0.94, CI[0.91, 0.97]",Computational Method,,,Escherichia coli,Escherichia coli | trimethoprim
611,611.297,Salmonella enterica subsp. enterica serovar Heidelberg strain AMR588-04-00437,ceftiofur,Susceptible,,,,,,,,,,,SIR XGBoost Model,202503101.0,"F1 score: 0.98, CI[0.97, 1.00]",Computational Method,,,Salmonella enterica,Salmonella enterica | ceftiofur
573,573.62644,Klebsiella pneumoniae AMR200031,tetracycline,Susceptible,,,,,,,,PATRIC,,,AdaBoost Classifier,,"Accuracy:0.795, F1 score:0.794, AUC:0.842",Computational Method,,,Klebsiella pneumoniae,Klebsiella pneumoniae | tetracycline
611,611.292,Salmonella enterica subsp. enterica serovar Heidelberg strain AMR588-04-00320,chloramphenicol,Resistant,,,,,,,,,,,SIR XGBoost Model,202503101.0,"F1 score: 0.90, CI[0.88, 0.91]",Computational Method,,,Salmonella enterica,Salmonella enterica | chloramphenicol
562,562.138665,Escherichia coli AMR_MDS_5755,norfloxacin,Susceptible,,,,,,,,,,,SIR XGBoost Model,202503101.0,"F1 score: 0.96, CI[0.92, 1.01]",Computational Method,,,Escherichia coli,Escherichia coli | norfloxacin
562,562.114873,Escherichia coli AMR0279,ertapenem,Resistant,,,,,,,,,,,SIR XGBoost Model,202503101.0,"F1 score: 0.92, CI[0.90, 0.95]",Computational Method,,,Escherichia coli,Escherichia coli | ertapenem
1280,1280.4829,Staphylococcus aureus AMR7,clindamycin,Susceptible,,,,,,,,,,,SIR XGBoost Model,202503101.0,"F1 score: 0.98, CI[0.97, 1.00]",Computational Method,,,Staphylococcus aureus,Staphylococcus aureus | clindamycin
1280,1280.4829,Staphylococcus aureus AMR7,tetracycline,Susceptible,,,,,,,,,,,SIR XGBoost Model,202503101.0,"F1 score: 0.98, CI[0.97, 1.00]",Computational Method,,,Staphylococcus aureus,Staphylococcus aureus | tetracycline
1352,1352.16767,Enterococcus faecium KU-AMR114,streptomycin,Resistant,,,,,,,,,,,SIR XGBoost Model,202503101.0,"F1 score: 0.98, CI[0.94, 1.02]",Computational Method,,,Enterococcus faecium,Enterococcus faecium | streptomycin
1280,1280.4829,Staphylococcus aureus AMR7,ciprofloxacin,Resistant,,,,,,,,,,,SIR XGBoost Model,202503101.0,"F1 score: 0.99, CI[0.98, 1.00]",Computational Method,,,Staphylococcus aureus,Staphylococcus aureus | ciprofloxacin
611,611.127,Salmonella enterica subsp. enterica serovar Heidelberg strain AMR588-04-00318,gentamicin,Susceptible,,,,,,,,,,,SIR XGBoost Model,202503101.0,"F1 score: 0.92, CI[0.89, 0.95]",Computational Method,,,Salmonella enterica,Salmonella enterica | gentamicin
1352,1352.16767,Enterococcus faecium KU-AMR114,gentamicin,Resistant,,,,,,,,,,,SIR XGBoost Model,202503101.0,"F1 score: 0.92, CI[0.81, 1.02]",Computational Method,,,Enterococcus faecium,Enterococcus faecium | gentamicin
1280,1280.48296,Staphylococcus aureus AMR26,gentamicin,Susceptible,,,,,,,,PATRIC,,,AdaBoost Classifier,,"Accuracy:0.984, F1 score:0.984, AUC:0.980",Computational Method,,,Staphylococcus aureus,Staphylococcus aureus | gentamicin
611,611.111,Salmonella enterica subsp. enterica serovar Heidelberg strain AMR588-04-00435,streptomycin,Susceptible,,,,,,,,,,,SIR XGBoost Model,202503101.0,"F1 score: 0.94, CI[0.93, 0.96]",Computational Method,,,Salmonella enterica,Salmonella enterica | streptomycin
611,611.114,Salmonella enterica subsp. enterica serovar Heidelberg strain AMR588-04-00320,trimethoprim/sulfamethoxazole,Susceptible,,,,,,,,,,,SIR XGBoost Model,202503101.0,"F1 score: 0.85, CI[0.82, 0.88]",Computational Method,,,Salmonella enterica,Salmonella enterica | trimethoprim/sulfamethoxazole
573,573.62641,Klebsiella pneumoniae AMR180022,tetracycline,Resistant,,,,,,,,PATRIC,,,AdaBoost Classifier,,"Accuracy:0.795, F1 score:0.794, AUC:0.842",Computational Method,,,Klebsiella pneumoniae,Klebsiella pneumoniae | tetracycline
1280,1280.48292,Staphylococcus aureus AMR9,tetracycline,Susceptible,,,,,,,,,,,SIR XGBoost Model,202503101.0,"F1 score: 0.98, CI[0.97, 1.00]",Computational Method,,,Staphylococcus aureus,Staphylococcus aureus | tetracycline
611,611.111,Salmonella enterica subsp. enterica serovar Heidelberg strain AMR588-04-00435,ampicillin,Susceptible,,,,,,,,,,,SIR XGBoost Model,202503101.0,"F1 score: 0.93, CI[0.92, 0.93]",Computational Method,,,Salmonella enterica,Salmonella enterica | ampicillin
611,611.114,Salmonella enterica subsp. enterica serovar Heidelberg strain AMR588-04-00320,ceftiofur,Resistant,,,,,,,,,,,SIR XGBoost Model,202503101.0,"F1 score: 0.98, CI[0.97, 1.00]",Computational Method,,,Salmonella enterica,Salmonella enterica | ceftiofur
562,562.114873,Escherichia coli AMR0279,cefepime,Resistant,,,,,,,,,,,SIR XGBoost Model,202503101.0,"F1 score: 0.88, CI[0.84, 0.92]",Computational Method,,,Escherichia coli,Escherichia coli | cefepime
611,611.292,Salmonella enterica subsp. enterica serovar Heidelberg strain AMR588-04-00320,tetracycline,Susceptible,,,,,,,,,,,SIR XGBoost Model,202503101.0,"F1 score: 0.97, CI[0.96, 0.98]",Computational Method,,,Salmonella enterica,Salmonella enterica | tetracycline
562,562.114876,Escherichia coli AMR0262,ertapenem,Resistant,,,,,,,,,,,SIR XGBoost Model,202503101.0,"F1 score: 0.92, CI[0.90, 0.95]",Computational Method,,,Escherichia coli,Escherichia coli | ertapenem
573,573.62645,Klebsiella pneumoniae AMR180036,gentamicin,Resistant,,,,,,,,PATRIC,,,AdaBoost Classifier,,"Accuracy:0.863, F1 score:0.863, AUC:0.930",Computational Method,,,Klebsiella pneumoniae,Klebsiella pneumoniae | gentamicin
573,573.62641,Klebsiella pneumoniae AMR180022,ciprofloxacin,Resistant,,,,,,,,PATRIC,,,AdaBoost Classifier,,"Accuracy:0.909, F1 score:0.912, AUC:0.947",Computational Method,,,Klebsiella pneumoniae,Klebsiella pneumoniae | ciprofloxacin
611,611.111,Salmonella enterica subsp. enterica serovar Heidelberg strain AMR588-04-00435,cefoxitin,Susceptible,,,,,,,,,,,SIR XGBoost Model,202503101.0,"F1 score: 0.96, CI[0.93, 0.99]",Computational Method,,,Salmonella enterica,Salmonella enterica | cefoxitin
562,562.138665,Escherichia coli AMR_MDS_5755,piperacillin/tazobactam,Susceptible,,,,,,,,,,,SIR XGBoost Model,202503101.0,"F1 score: 0.80, CI[0.78, 0.82]",Computational Method,,,Escherichia coli,Escherichia coli | piperacillin/tazobactam
562,562.138665,Escherichia coli AMR_MDS_5755,amoxicillin/clavulanic acid,Susceptible,,,,,,,,,,,SIR XGBoost Model,202503101.0,"F1 score: 0.84, CI[0.81, 0.88]",Computational Method,,,Escherichia coli,Escherichia coli | amoxicillin/clavulanic acid
1280,1280.4829,Staphylococcus aureus AMR7,erythromycin,Resistant,,,,,,,,PATRIC,,,AdaBoost Classifier,,"Accuracy:0.959, F1 score:0.962, AUC:0.981",Computational Method,,,Staphylococcus aureus,Staphylococcus aureus | erythromycin
562,562.114871,Escherichia coli AMR0265,cefalothin,Resistant,,,,,,,,,,,SIR XGBoost Model,202503101.0,"F1 score: 0.92, CI[0.89, 0.96]",Computational Method,,,Escherichia coli,Escherichia coli | cefalothin
611,611.294,Salmonella enterica subsp. enterica serovar Heidelberg strain AMR588-04-00320,pefloxacin,Resistant,,,,,,,,,,,SIR XGBoost Model,202503101.0,"F1 score: 0.98, CI[0.96, 1.00]",Computational Method,,,Salmonella enterica,Salmonella enterica | pefloxacin
611,611.293,Salmonella enterica subsp. enterica serovar Heidelberg strain AMR588-04-00320,nalidixic acid,Resistant,,,,,,,,,,,SIR XGBoost Model,202503101.0,"F1 score: 0.95, CI[0.93, 0.96]",Computational Method,,,Salmonella enterica,Salmonella enterica | nalidixic acid
611,611.116,Salmonella enterica subsp. enterica serovar Heidelberg strain AMR588-04-00437,ciprofloxacin,Susceptible,,,,,,,,,,,SIR XGBoost Model,202503101.0,"F1 score: 0.95, CI[0.93, 0.96]",Computational Method,,,Salmonella enterica,Salmonella enterica | ciprofloxacin
573,573.62645,Klebsiella pneumoniae AMR180036,meropenem,Susceptible,,,,,,,,PATRIC,,,AdaBoost Classifier,,"Accuracy:0.916, F1 score:0.922, AUC:0.949",Computational Method,,,Klebsiella pneumoniae,Klebsiella pneumoniae | meropenem
1280,1280.48305,Staphylococcus aureus AMR1,trimethoprim/sulfamethoxazole,Susceptible,,,,,,,,PATRIC,,,AdaBoost Classifier,,"Accuracy:0.939, F1 score:0.956, AUC:0.974",Computational Method,,,Staphylococcus aureus,Staphylococcus aureus | trimethoprim/sulfamethoxazole
611,611.29,Salmonella enterica subsp. enterica serovar Heidelberg strain AMR588-04-00318,azithromycin,Susceptible,,,,,,,,,,,SIR XGBoost Model,202503101.0,"F1 score: 0.92, CI[0.87, 0.98]",Computational Method,,,Salmonella enterica,Salmonella enterica | azithromycin
611,611.29,Salmonella enterica subsp. enterica serovar Heidelberg strain AMR588-04-00318,sulfisoxazole,Susceptible,,,,,,,,,,,SIR XGBoost Model,202503101.0,"F1 score: 0.99, CI[0.98, 1.00]",Computational Method,,,Salmonella enterica,Salmonella enterica | sulfisoxazole
562,562.114873,Escherichia coli AMR0279,ampicillin,Susceptible,,,,,,,,,,,SIR XGBoost Model,202503101.0,"F1 score: 0.94, CI[0.93, 0.96]",Computational Method,,,Escherichia coli,Escherichia coli | ampicillin
611,611.296,Salmonella enterica subsp. enterica serovar Heidelberg strain AMR588-04-00435,cefoxitin,Susceptible,,,,,,,,,,,SIR XGBoost Model,202503101.0,"F1 score: 0.96, CI[0.93, 0.99]",Computational Method,,,Salmonella enterica,Salmonella enterica | cefoxitin
611,611.298,Salmonella enterica subsp. enterica serovar Heidelberg strain AMR588-04-00437,ampicillin,Susceptible,,,,,,,,,,,SIR XGBoost Model,202503101.0,"F1 score: 0.93, CI[0.92, 0.93]",Computational Method,,,Salmonella enterica,Salmonella enterica | ampicillin
611,611.291,Salmonella enterica subsp. enterica serovar Heidelberg strain AMR588-04-00318,cefoxitin,Susceptible,,,,,,,,,,,SIR XGBoost Model,202503101.0,"F1 score: 0.96, CI[0.93, 0.99]",Computational Method,,,Salmonella enterica,Salmonella enterica | cefoxitin
611,611.114,Salmonella enterica subsp. enterica serovar Heidelberg strain AMR588-04-00320,sulfamethoxazole,Susceptible,,,,,,,,,,,SIR XGBoost Model,202503101.0,"F1 score: 0.95, CI[0.93, 0.97]",Computational Method,,,Salmonella enterica,Salmonella enterica | sulfamethoxazole
611,611.295,Salmonella enterica subsp. enterica serovar Heidelberg strain AMR588-04-00435,streptomycin,Susceptible,,,,,,,,,,,SIR XGBoost Model,202503101.0,"F1 score: 0.94, CI[0.93, 0.96]",Computational Method,,,Salmonella enterica,Salmonella enterica | streptomycin
562,562.114877,Escherichia coli AMR0264,ceftazidime,Resistant,,,,,,,,,,,SIR XGBoost Model,202503101.0,"F1 score: 0.92, CI[0.90, 0.93]",Computational Method,,,Escherichia coli,Escherichia coli | ceftazidime
611,611.297,Salmonella enterica subsp. enterica serovar Heidelberg strain AMR588-04-00437,sulfisoxazole,Susceptible,,,,,,,,,,,SIR XGBoost Model,202503101.0,"F1 score: 0.99, CI[0.98, 1.00]",Computational Method,,,Salmonella enterica,Salmonella enterica | sulfisoxazole
1352,1352.16769,Enterococcus faecium KU-AMR0098,streptomycin,Resistant,,,,,,,,,,,SIR XGBoost Model,202503101.0,"F1 score: 0.98, CI[0.94, 1.02]",Computational Method,,,Enterococcus faecium,Enterococcus faecium | streptomycin
1280,1280.48292,Staphylococcus aureus AMR9,cefoxitin,Resistant,,,,,,,,,,,SIR XGBoost Model,202503101.0,"F1 score: 0.97, CI[0.96, 0.99]",Computational Method,,,Staphylococcus aureus,Staphylococcus aureus | cefoxitin
562,562.114871,Escherichia coli AMR0265,streptomycin,Resistant,,,,,,,,,,,SIR XGBoost Model,202503101.0,"F1 score: 0.96, CI[0.90, 1.02]",Computational Method,,,Escherichia coli,Escherichia coli | streptomycin
562,562.114871,Escherichia coli AMR0265,imipenem,Resistant,,,,,,,,,,,SIR XGBoost Model,202503101.0,"F1 score: 0.96, CI[0.94, 0.98]",Computational Method,,,Escherichia coli,Escherichia coli | imipenem
562,562.114873,Escherichia coli AMR0279,norfloxacin,Resistant,,,,,,,,,,,SIR XGBoost Model,202503101.0,"F1 score: 0.96, CI[0.92, 1.01]",Computational Method,,,Escherichia coli,Escherichia coli | norfloxacin
1280,1280.48288,Staphylococcus aureus AMR8,tetracycline,Susceptible,,,,,,,,,,,SIR XGBoost Model,202503101.0,"F1 score: 0.98, CI[0.97, 1.00]",Computational Method,,,Staphylococcus aureus,Staphylococcus aureus | tetracycline
611,611.29,Salmonella enterica subsp. enterica serovar Heidelberg strain AMR588-04-00318,kanamycin,Susceptible,,,,,,,,,,,SIR XGBoost Model,202503101.0,"F1 score: 0.86, CI[0.77, 0.95]",Computational Method,,,Salmonella enterica,Salmonella enterica | kanamycin
611,611.293,Salmonella enterica subsp. enterica serovar Heidelberg strain AMR588-04-00320,streptomycin,Susceptible,,,,,,,,,,,SIR XGBoost Model,202503101.0,"F1 score: 0.94, CI[0.93, 0.96]",Computational Method,,,Salmonella enterica,Salmonella enterica | streptomycin
1352,1352.1677,Enterococcus faecium KU-AMR0099,ampicillin,Resistant,,,,,,,,,,,SIR XGBoost Model,202503101.0,"F1 score: 0.98, CI[0.97, 0.98]",Computational Method,,,Enterococcus faecium,Enterococcus faecium | ampicillin
573,573.62641,Klebsiella pneumoniae AMR180022,cefoxitin,Resistant,,,,,,,,PATRIC,,,AdaBoost Classifier,,"Accuracy:0.805, F1 score:0.796, AUC:0.864",Computational Method,,,Klebsiella pneumoniae,Klebsiella pneumoniae | cefoxitin
1280,1280.48297,Staphylococcus aureus AMR2,trimethoprim/sulfamethoxazole,Susceptible,,,,,,,,,,,SIR XGBoost Model,202503101.0,"F1 score: 0.94, CI[0.89, 0.98]",Computational Method,,,Staphylococcus aureus,Staphylococcus aureus | trimethoprim/sulfamethoxazole
562,562.114871,Escherichia coli AMR0265,aztreonam,Resistant,,,,,,,,,,,SIR XGBoost Model,202503101.0,"F1 score: 0.92, CI[0.89, 0.96]",Computational Method,,,Escherichia coli,Escherichia coli | aztreonam
611,611.111,Salmonella enterica subsp. enterica serovar Heidelberg strain AMR588-04-00435,sulfisoxazole,Susceptible,,,,,,,,,,,SIR XGBoost Model,202503101.0,"F1 score: 0.99, CI[0.98, 1.00]",Computational Method,,,Salmonella enterica,Salmonella enterica | sulfisoxazole
1352,1352.16772,Enterococcus faecium KU-AMR0096,ampicillin,Resistant,,,,,,,,,,,SIR XGBoost Model,202503101.0,"F1 score: 0.98, CI[0.97, 0.98]",Computational Method,,,Enterococcus faecium,Enterococcus faecium | ampicillin
562,562.138665,Escherichia coli AMR_MDS_5755,gentamicin,Resistant,,,,,,,,,,,SIR XGBoost Model,202503101.0,"F1 score: 0.96, CI[0.95, 0.97]",Computational Method,,,Escherichia coli,Escherichia coli | gentamicin
562,562.114877,Escherichia coli AMR0264,ampicillin,Resistant,,,,,,,,,,,SIR XGBoost Model,202503101.0,"F1 score: 0.94, CI[0.93, 0.96]",Computational Method,,,Escherichia coli,Escherichia coli | ampicillin
562,562.114871,Escherichia coli AMR0265,trimethoprim,Resistant,,,,,,,,,,,SIR XGBoost Model,202503101.0,"F1 score: 0.94, CI[0.91, 0.97]",Computational Method,,,Escherichia coli,Escherichia coli | trimethoprim
562,562.114877,Escherichia coli AMR0264,tobramycin,Resistant,,,,,,,,,,,SIR XGBoost Model,202503101.0,"F1 score: 0.92, CI[0.88, 0.96]",Computational Method,,,Escherichia coli,Escherichia coli | tobramycin
562,562.114871,Escherichia coli AMR0265,cefazolin,Resistant,,,,,,,,,,,SIR XGBoost Model,202503101.0,"F1 score: 0.93, CI[0.86, 0.99]",Computational Method,,,Escherichia coli,Escherichia coli | cefazolin
1280,1280.48294,Staphylococcus aureus AMR3,gentamicin,Susceptible,,,,,,,,PATRIC,,,AdaBoost Classifier,,"Accuracy:0.984, F1 score:0.984, AUC:0.980",Computational Method,,,Staphylococcus aureus,Staphylococcus aureus | gentamicin
1280,1280.483,Staphylococcus aureus AMR11,penicillin,Resistant,,,,,,,,,,,SIR XGBoost Model,202503101.0,"F1 score: 0.94, CI[0.91, 0.98]",Computational Method,,,Staphylococcus aureus,Staphylococcus aureus | penicillin
611,611.293,Salmonella enterica subsp. enterica serovar Heidelberg strain AMR588-04-00320,ceftiofur,Susceptible,,,,,,,,,,,SIR XGBoost Model,202503101.0,"F1 score: 0.98, CI[0.97, 1.00]",Computational Method,,,Salmonella enterica,Salmonella enterica | ceftiofur
573,573.62642,Klebsiella pneumoniae AMR180026,trimethoprim/sulfamethoxazole,Resistant,,,,,,,,PATRIC,,,AdaBoost Classifier,,"Accuracy:0.861, F1 score:0.865, AUC:0.930",Computational Method,,,Klebsiella pneumoniae,Klebsiella pneumoniae | trimethoprim/sulfamethoxazole
611,611.295,Salmonella enterica subsp. enterica serovar Heidelberg strain AMR588-04-00435,cefotaxime,Susceptible,,,,,,,,,,,SIR XGBoost Model,202503101.0,"F1 score: 0.95, CI[0.90, 0.99]",Computational Method,,,Salmonella enterica,Salmonella enterica | cefotaxime
573,573.62644,Klebsiella pneumoniae AMR200031,cefepime,Susceptible,,,,,,,,PATRIC,,,AdaBoost Classifier,,"Accuracy:0.697, F1 score:0.704, AUC:0.745",Computational Method,,,Klebsiella pneumoniae,Klebsiella pneumoniae | cefepime
611,611.295,Salmonella enterica subsp. enterica serovar Heidelberg strain AMR588-04-00435,trimethoprim,Resistant,,,,,,,,,,,SIR XGBoost Model,202503101.0,"F1 score: 0.86, CI[0.78, 0.93]",Computational Method,,,Salmonella enterica,Salmonella enterica | trimethoprim
611,611.295,Salmonella enterica subsp. enterica serovar Heidelberg strain AMR588-04-00435,nalidixic acid,Resistant,,,,,,,,,,,SIR XGBoost Model,202503101.0,"F1 score: 0.95, CI[0.93, 0.96]",Computational Method,,,Salmonella enterica,Salmonella enterica | nalidixic acid
562,562.114875,Escherichia coli AMR0177,trimethoprim,Resistant,,,,,,,,,,,SIR XGBoost Model,202503101.0,"F1 score: 0.94, CI[0.91, 0.97]",Computational Method,,,Escherichia coli,Escherichia coli | trimethoprim
611,611.289,Salmonella enterica subsp. enterica serovar Heidelberg strain AMR588-04-00318,ciprofloxacin,Susceptible,,,,,,,,,,,SIR XGBoost Model,202503101.0,"F1 score: 0.95, CI[0.93, 0.96]",Computational Method,,,Salmonella enterica,Salmonella enterica | ciprofloxacin
562,562.114873,Escherichia coli AMR0279,trimethoprim/sulfamethoxazole,Resistant,,,,,,,,,,,SIR XGBoost Model,202503101.0,"F1 score: 0.94, CI[0.94, 0.95]",Computational Method,,,Escherichia coli,Escherichia coli | trimethoprim/sulfamethoxazole
1280,1280.483,Staphylococcus aureus AMR11,daptomycin,Resistant,,,,,,,,,,,SIR XGBoost Model,202503101.0,"F1 score: 0.30, CI[-0.26, 0.85]",Computational Method,,,Staphylococcus aureus,Staphylococcus aureus | daptomycin
611,611.293,Salmonella enterica subsp. enterica serovar Heidelberg strain AMR588-04-00320,amoxicillin/clavulanic acid,Susceptible,,,,,,,,,,,SIR XGBoost Model,202503101.0,"F1 score: 0.96, CI[0.95, 0.97]",Computational Method,,,Salmonella enterica,Salmonella enterica | amoxicillin/clavulanic acid
611,611.114,Salmonella enterica subsp. enterica serovar Heidelberg strain AMR588-04-00320,cefoxitin,Resistant,,,,,,,,,,,SIR XGBoost Model,202503101.0,"F1 score: 0.96, CI[0.93, 0.99]",Computational Method,,,Salmonella enterica,Salmonella enterica | cefoxitin
1280,1280.48292,Staphylococcus aureus AMR9,oxacillin,Resistant,,,,,,,,,,,SIR XGBoost Model,202503101.0,"F1 score: 0.91, CI[0.87, 0.96]",Computational Method,,,Staphylococcus aureus,Staphylococcus aureus | oxacillin
562,562.114875,Escherichia coli AMR0177,tobramycin,Resistant,,,,,,,,,,,SIR XGBoost Model,202503101.0,"F1 score: 0.92, CI[0.88, 0.96]",Computational Method,,,Escherichia coli,Escherichia coli | tobramycin
562,562.114871,Escherichia coli AMR0265,norfloxacin,Resistant,,,,,,,,,,,SIR XGBoost Model,202503101.0,"F1 score: 0.96, CI[0.92, 1.01]",Computational Method,,,Escherichia coli,Escherichia coli | norfloxacin
611,611.298,Salmonella enterica subsp. enterica serovar Heidelberg strain AMR588-04-00437,cefoxitin,Susceptible,,,,,,,,,,,SIR XGBoost Model,202503101.0,"F1 score: 0.96, CI[0.93, 0.99]",Computational Method,,,Salmonella enterica,Salmonella enterica | cefoxitin
611,611.296,Salmonella enterica subsp. enterica serovar Heidelberg strain AMR588-04-00435,tetracycline,Susceptible,,,,,,,,,,,SIR XGBoost Model,202503101.0,"F1 score: 0.97, CI[0.96, 0.98]",Computational Method,,,Salmonella enterica,Salmonella enterica | tetracycline
562,562.114876,Escherichia coli AMR0262,ceftiofur,Resistant,,,,,,,,,,,SIR XGBoost Model,202503101.0,"F1 score: 0.97, CI[0.88, 1.06]",Computational Method,,,Escherichia coli,Escherichia coli | ceftiofur
573,573.62642,Klebsiella pneumoniae AMR180026,meropenem,Susceptible,,,,,,,,PATRIC,,,AdaBoost Classifier,,"Accuracy:0.916, F1 score:0.922, AUC:0.949",Computational Method,,,Klebsiella pneumoniae,Klebsiella pneumoniae | meropenem
611,611.291,Salmonella enterica subsp. enterica serovar Heidelberg strain AMR588-04-00318,ceftiofur,Susceptible,,,,,,,,,,,SIR XGBoost Model,202503101.0,"F1 score: 0.98, CI[0.97, 1.00]",Computational Method,,,Salmonella enterica,Salmonella enterica | ceftiofur
611,611.116,Salmonella enterica subsp. enterica serovar Heidelberg strain AMR588-04-00437,sulfamethoxazole,Susceptible,,,,,,,,,,,SIR XGBoost Model,202503101.0,"F1 score: 0.95, CI[0.93, 0.97]",Computational Method,,,Salmonella enterica,Salmonella enterica | sulfamethoxazole
562,562.114876,Escherichia coli AMR0262,imipenem,Resistant,,,,,,,,,,,SIR XGBoost Model,202503101.0,"F1 score: 0.96, CI[0.94, 0.98]",Computational Method,,,Escherichia coli,Escherichia coli | imipenem
562,562.114875,Escherichia coli AMR0177,sulfamethoxazole,Resistant,,,,,,,,,,,SIR XGBoost Model,202503101.0,"F1 score: 0.93, CI[0.88, 0.99]",Computational Method,,,Escherichia coli,Escherichia coli | sulfamethoxazole
611,611.294,Salmonella enterica subsp. enterica serovar Heidelberg strain AMR588-04-00320,sulfisoxazole,Susceptible,,,,,,,,,,,SIR XGBoost Model,202503101.0,"F1 score: 0.99, CI[0.98, 1.00]",Computational Method,,,Salmonella enterica,Salmonella enterica | sulfisoxazole
562,562.114875,Escherichia coli AMR0177,aztreonam,Resistant,,,,,,,,,,,SIR XGBoost Model,202503101.0,"F1 score: 0.92, CI[0.89, 0.96]",Computational Method,,,Escherichia coli,Escherichia coli | aztreonam
1352,1352.1677,Enterococcus faecium KU-AMR0099,linezolid,Susceptible,,,,,,,,,,,SIR XGBoost Model,202503101.0,"F1 score: 0.94, CI[0.90, 0.98]",Computational Method,,,Enterococcus faecium,Enterococcus faecium | linezolid
611,611.292,Salmonella enterica subsp. enterica serovar Heidelberg strain AMR588-04-00320,ceftriaxone,Susceptible,,,,,,,,,,,SIR XGBoost Model,202503101.0,"F1 score: 0.98, CI[0.97, 1.00]",Computational Method,,,Salmonella enterica,Salmonella enterica | ceftriaxone
1280,1280.48297,Staphylococcus aureus AMR2,ciprofloxacin,Resistant,,,,,,,,,,,SIR XGBoost Model,202503101.0,"F1 score: 0.99, CI[0.98, 1.00]",Computational Method,,,Staphylococcus aureus,Staphylococcus aureus | ciprofloxacin
611,611.289,Salmonella enterica subsp. enterica serovar Heidelberg strain AMR588-04-00318,cefotaxime,Susceptible,,,,,,,,,,,SIR XGBoost Model,202503101.0,"F1 score: 0.95, CI[0.90, 0.99]",Computational Method,,,Salmonella enterica,Salmonella enterica | cefotaxime
611,611.127,Salmonella enterica subsp. enterica serovar Heidelberg strain AMR588-04-00318,trimethoprim/sulfamethoxazole,Susceptible,,,,,,,,,,,SIR XGBoost Model,202503101.0,"F1 score: 0.85, CI[0.82, 0.88]",Computational Method,,,Salmonella enterica,Salmonella enterica | trimethoprim/sulfamethoxazole
562,562.114871,Escherichia coli AMR0265,tetracycline,Resistant,,,,,,,,,,,SIR XGBoost Model,202503101.0,"F1 score: 0.93, CI[0.89, 0.97]",Computational Method,,,Escherichia coli,Escherichia coli | tetracycline
611,611.292,Salmonella enterica subsp. enterica serovar Heidelberg strain AMR588-04-00320,pefloxacin,Resistant,,,,,,,,,,,SIR XGBoost Model,202503101.0,"F1 score: 0.98, CI[0.96, 1.00]",Computational Method,,,Salmonella enterica,Salmonella enterica | pefloxacin
573,573.62641,Klebsiella pneumoniae AMR180022,levofloxacin,Resistant,,,,,,,,PATRIC,,,AdaBoost Classifier,,"Accuracy:0.917, F1 score:0.927, AUC:0.961",Computational Method,,,Klebsiella pneumoniae,Klebsiella pneumoniae | levofloxacin
1280,1280.48295,Staphylococcus aureus AMR28,methicillin,Resistant,,,,,,,,,,,SIR XGBoost Model,202503101.0,"F1 score: 0.99, CI[0.98, 1.00]",Computational Method,,,Staphylococcus aureus,Staphylococcus aureus | methicillin
562,562.114875,Escherichia coli AMR0177,imipenem,Resistant,,,,,,,,,,,SIR XGBoost Model,202503101.0,"F1 score: 0.96, CI[0.94, 0.98]",Computational Method,,,Escherichia coli,Escherichia coli | imipenem
562,562.11254,Escherichia coli AMR0278,tetracycline,Resistant,,,,,,,,,,,SIR XGBoost Model,202503101.0,"F1 score: 0.93, CI[0.89, 0.97]",Computational Method,,,Escherichia coli,Escherichia coli | tetracycline
562,562.114876,Escherichia coli AMR0262,ciprofloxacin,Resistant,,,,,,,,,,,SIR XGBoost Model,202503101.0,"F1 score: 0.98, CI[0.97, 0.98]",Computational Method,,,Escherichia coli,Escherichia coli | ciprofloxacin
1280,1280.48294,Staphylococcus aureus AMR3,penicillin,Resistant,,,,,,,,PATRIC,,,AdaBoost Classifier,,"Accuracy:0.963, F1 score:0.964, AUC:0.979",Computational Method,,,Staphylococcus aureus,Staphylococcus aureus | penicillin
611,611.294,Salmonella enterica subsp. enterica serovar Heidelberg strain AMR588-04-00320,ceftriaxone,Resistant,,,,,,,,,,,SIR XGBoost Model,202503101.0,"F1 score: 0.98, CI[0.97, 1.00]",Computational Method,,,Salmonella enterica,Salmonella enterica | ceftriaxone
611,611.293,Salmonella enterica subsp. enterica serovar Heidelberg strain AMR588-04-00320,tetracycline,Susceptible,,,,,,,,,,,SIR XGBoost Model,202503101.0,"F1 score: 0.97, CI[0.96, 0.98]",Computational Method,,,Salmonella enterica,Salmonella enterica | tetracycline
611,611.291,Salmonella enterica subsp. enterica serovar Heidelberg strain AMR588-04-00318,azithromycin,Susceptible,,,,,,,,,,,SIR XGBoost Model,202503101.0,"F1 score: 0.92, CI[0.87, 0.98]",Computational Method,,,Salmonella enterica,Salmonella enterica | azithromycin
611,611.296,Salmonella enterica subsp. enterica serovar Heidelberg strain AMR588-04-00435,sulfamethoxazole,Susceptible,,,,,,,,,,,SIR XGBoost Model,202503101.0,"F1 score: 0.95, CI[0.93, 0.97]",Computational Method,,,Salmonella enterica,Salmonella enterica | sulfamethoxazole
611,611.295,Salmonella enterica subsp. enterica serovar Heidelberg strain AMR588-04-00435,ceftriaxone,Susceptible,,,,,,,,,,,SIR XGBoost Model,202503101.0,"F1 score: 0.98, CI[0.97, 1.00]",Computational Method,,,Salmonella enterica,Salmonella enterica | ceftriaxone
611,611.116,Salmonella enterica subsp. enterica serovar Heidelberg strain AMR588-04-00437,spectinomycin,Susceptible,,,,,,,,,,,SIR XGBoost Model,202503101.0,"F1 score: 0.94, CI[0.90, 0.98]",Computational Method,,,Salmonella enterica,Salmonella enterica | spectinomycin
611,611.111,Salmonella enterica subsp. enterica serovar Heidelberg strain AMR588-04-00435,trimethoprim,Susceptible,,,,,,,,,,,SIR XGBoost Model,202503101.0,"F1 score: 0.86, CI[0.78, 0.93]",Computational Method,,,Salmonella enterica,Salmonella enterica | trimethoprim
611,611.29,Salmonella enterica subsp. enterica serovar Heidelberg strain AMR588-04-00318,nalidixic acid,Resistant,,,,,,,,,,,SIR XGBoost Model,202503101.0,"F1 score: 0.95, CI[0.93, 0.96]",Computational Method,,,Salmonella enterica,Salmonella enterica | nalidixic acid
1280,1280.483,Staphylococcus aureus AMR11,methicillin,Resistant,,,,,,,,,,,SIR XGBoost Model,202503101.0,"F1 score: 0.99, CI[0.98, 1.00]",Computational Method,,,Staphylococcus aureus,Staphylococcus aureus | methicillin
611,611.289,Salmonella enterica subsp. enterica serovar Heidelberg strain AMR588-04-00318,streptomycin,Susceptible,,,,,,,,,,,SIR XGBoost Model,202503101.0,"F1 score: 0.94, CI[0.93, 0.96]",Computational Method,,,Salmonella enterica,Salmonella enterica | streptomycin
1280,1280.48305,Staphylococcus aureus AMR1,ciprofloxacin,Resistant,,,,,,,,,,,SIR XGBoost Model,202503101.0,"F1 score: 0.99, CI[0.98, 1.00]",Computational Method,,,Staphylococcus aureus,Staphylococcus aureus | ciprofloxacin
1280,1280.48288,Staphylococcus aureus AMR8,daptomycin,Resistant,,,,,,,,,,,SIR XGBoost Model,202503101.0,"F1 score: 0.30, CI[-0.26, 0.85]",Computational Method,,,Staphylococcus aureus,Staphylococcus aureus | daptomycin
573,573.65449,Klebsiella pneumoniae AMR20201034,piperacillin/tazobactam,Susceptible,,,,,,,,PATRIC,,,AdaBoost Classifier,,"Accuracy:0.766, F1 score:0.759, AUC:0.825",Computational Method,,,Klebsiella pneumoniae,Klebsiella pneumoniae | piperacillin/tazobactam
611,611.297,Salmonella enterica subsp. enterica serovar Heidelberg strain AMR588-04-00437,ciprofloxacin,Susceptible,,,,,,,,,,,SIR XGBoost Model,202503101.0,"F1 score: 0.95, CI[0.93, 0.96]",Computational Method,,,Salmonella enterica,Salmonella enterica | ciprofloxacin
562,562.138665,Escherichia coli AMR_MDS_5755,meropenem,Susceptible,,,,,,,,,,,SIR XGBoost Model,202503101.0,"F1 score: 0.76, CI[0.68, 0.84]",Computational Method,,,Escherichia coli,Escherichia coli | meropenem
1280,1280.48294,Staphylococcus aureus AMR3,trimethoprim/sulfamethoxazole,Susceptible,,,,,,,,,,,SIR XGBoost Model,202503101.0,"F1 score: 0.94, CI[0.89, 0.98]",Computational Method,,,Staphylococcus aureus,Staphylococcus aureus | trimethoprim/sulfamethoxazole
1280,1280.48294,Staphylococcus aureus AMR3,tetracycline,Susceptible,,,,,,,,,,,SIR XGBoost Model,202503101.0,"F1 score: 0.98, CI[0.97, 1.00]",Computational Method,,,Staphylococcus aureus,Staphylococcus aureus | tetracycline
1280,1280.48292,Staphylococcus aureus AMR9,ciprofloxacin,Susceptible,,,,,,,,PATRIC,,,AdaBoost Classifier,,"Accuracy:0.977, F1 score:0.980, AUC:0.982",Computational Method,,,Staphylococcus aureus,Staphylococcus aureus | ciprofloxacin
1280,1280.48294,Staphylococcus aureus AMR3,clindamycin,Susceptible,,,,,,,,PATRIC,,,AdaBoost Classifier,,"Accuracy:0.963, F1 score:0.965, AUC:0.977",Computational Method,,,Staphylococcus aureus,Staphylococcus aureus | clindamycin
562,562.138665,Escherichia coli AMR_MDS_5755,ampicillin,Resistant,,,,,,,,,,,SIR XGBoost Model,202503101.0,"F1 score: 0.94, CI[0.93, 0.96]",Computational Method,,,Escherichia coli,Escherichia coli | ampicillin
573,573.62645,Klebsiella pneumoniae AMR180036,ertapenem,Susceptible,,,,,,,,PATRIC,,,AdaBoost Classifier,,"Accuracy:0.956, F1 score:0.955, AUC:0.972",Computational Method,,,Klebsiella pneumoniae,Klebsiella pneumoniae | ertapenem
562,562.11254,Escherichia coli AMR0278,sulfamethoxazole,Resistant,,,,,,,,,,,SIR XGBoost Model,202503101.0,"F1 score: 0.93, CI[0.88, 0.99]",Computational Method,,,Escherichia coli,Escherichia coli | sulfamethoxazole
1280,1280.48292,Staphylococcus aureus AMR9,fusidic acid,Susceptible,,,,,,,,,,,SIR XGBoost Model,202503101.0,"F1 score: 0.97, CI[0.96, 0.98]",Computational Method,,,Staphylococcus aureus,Staphylococcus aureus | fusidic acid
1280,1280.4829,Staphylococcus aureus AMR7,gentamicin,Susceptible,,,,,,,,,,,SIR XGBoost Model,202503101.0,"F1 score: 0.99, CI[0.99, 1.00]",Computational Method,,,Staphylococcus aureus,Staphylococcus aureus | gentamicin
562,562.114871,Escherichia coli AMR0265,ceftriaxone,Resistant,,,,,,,,,,,SIR XGBoost Model,202503101.0,"F1 score: 0.96, CI[0.92, 0.99]",Computational Method,,,Escherichia coli,Escherichia coli | ceftriaxone
1280,1280.48288,Staphylococcus aureus AMR8,cefoxitin,Resistant,,,,,,,,,,,SIR XGBoost Model,202503101.0,"F1 score: 0.97, CI[0.96, 0.99]",Computational Method,,,Staphylococcus aureus,Staphylococcus aureus | cefoxitin
1280,1280.48295,Staphylococcus aureus AMR28,ciprofloxacin,Susceptible,,,,,,,,PATRIC,,,AdaBoost Classifier,,"Accuracy:0.977, F1 score:0.980, AUC:0.982",Computational Method,,,Staphylococcus aureus,Staphylococcus aureus | ciprofloxacin
611,611.29,Salmonella enterica subsp. enterica serovar Heidelberg strain AMR588-04-00318,cefoxitin,Resistant,,,,,,,,,,,SIR XGBoost Model,202503101.0,"F1 score: 0.96, CI[0.93, 0.99]",Computational Method,,,Salmonella enterica,Salmonella enterica | cefoxitin
573,573.65449,Klebsiella pneumoniae AMR20201034,tobramycin,Resistant,,,,,,,,PATRIC,,,AdaBoost Classifier,,"Accuracy:0.882, F1 score:0.889, AUC:0.939",Computational Method,,,Klebsiella pneumoniae,Klebsiella pneumoniae | tobramycin
562,562.114876,Escherichia coli AMR0262,tetracycline,Resistant,,,,,,,,,,,SIR XGBoost Model,202503101.0,"F1 score: 0.93, CI[0.89, 0.97]",Computational Method,,,Escherichia coli,Escherichia coli | tetracycline
1280,1280.483,Staphylococcus aureus AMR11,clindamycin,Susceptible,,,,,,,,,,,SIR XGBoost Model,202503101.0,"F1 score: 0.98, CI[0.97, 1.00]",Computational Method,,,Staphylococcus aureus,Staphylococcus aureus | clindamycin
562,562.114876,Escherichia coli AMR0262,chloramphenicol,Susceptible,,,,,,,,,,,SIR XGBoost Model,202503101.0,"F1 score: 0.96, CI[0.93, 0.99]",Computational Method,,,Escherichia coli,Escherichia coli | chloramphenicol
611,611.293,Salmonella enterica subsp. enterica serovar Heidelberg strain AMR588-04-00320,spectinomycin,Susceptible,,,,,,,,,,,SIR XGBoost Model,202503101.0,"F1 score: 0.94, CI[0.90, 0.98]",Computational Method,,,Salmonella enterica,Salmonella enterica | spectinomycin
1280,1280.48288,Staphylococcus aureus AMR8,clindamycin,Susceptible,,,,,,,,,,,SIR XGBoost Model,202503101.0,"F1 score: 0.98, CI[0.97, 1.00]",Computational Method,,,Staphylococcus aureus,Staphylococcus aureus | clindamycin
611,611.29,Salmonella enterica subsp. enterica serovar Heidelberg strain AMR588-04-00318,streptomycin,Susceptible,,,,,,,,,,,SIR XGBoost Model,202503101.0,"F1 score: 0.94, CI[0.93, 0.96]",Computational Method,,,Salmonella enterica,Salmonella enterica | streptomycin
562,562.11254,Escherichia coli AMR0278,norfloxacin,Resistant,,,,,,,,,,,SIR XGBoost Model,202503101.0,"F1 score: 0.96, CI[0.92, 1.01]",Computational Method,,,Escherichia coli,Escherichia coli | norfloxacin
1280,1280.48297,Staphylococcus aureus AMR2,tetracycline,Susceptible,,,,,,,,PATRIC,,,AdaBoost Classifier,,"Accuracy:0.975, F1 score:0.974, AUC:0.986",Computational Method,,,Staphylococcus aureus,Staphylococcus aureus | tetracycline
1280,1280.48292,Staphylococcus aureus AMR9,trimethoprim/sulfamethoxazole,Susceptible,,,,,,,,,,,SIR XGBoost Model,202503101.0,"F1 score: 0.94, CI[0.89, 0.98]",Computational Method,,,Staphylococcus aureus,Staphylococcus aureus | trimethoprim/sulfamethoxazole
562,562.114873,Escherichia coli AMR0279,amoxicillin/clavulanic acid,Susceptible,,,,,,,,,,,SIR XGBoost Model,202503101.0,"F1 score: 0.84, CI[0.81, 0.88]",Computational Method,,,Escherichia coli,Escherichia coli | amoxicillin/clavulanic acid
1280,1280.48294,Staphylococcus aureus AMR3,ciprofloxacin,Susceptible,,,,,,,,PATRIC,,,AdaBoost Classifier,,"Accuracy:0.977, F1 score:0.980, AUC:0.982",Computational Method,,,Staphylococcus aureus,Staphylococcus aureus | ciprofloxacin
1280,1280.48296,Staphylococcus aureus AMR26,methicillin,Resistant,,,,,,,,,,,SIR XGBoost Model,202503101.0,"F1 score: 0.99, CI[0.98, 1.00]",Computational Method,,,Staphylococcus aureus,Staphylococcus aureus | methicillin
611,611.293,Salmonella enterica subsp. enterica serovar Heidelberg strain AMR588-04-00320,gentamicin,Resistant,,,,,,,,,,,SIR XGBoost Model,202503101.0,"F1 score: 0.92, CI[0.89, 0.95]",Computational Method,,,Salmonella enterica,Salmonella enterica | gentamicin
1280,1280.4829,Staphylococcus aureus AMR7,trimethoprim/sulfamethoxazole,Susceptible,,,,,,,,,,,SIR XGBoost Model,202503101.0,"F1 score: 0.94, CI[0.89, 0.98]",Computational Method,,,Staphylococcus aureus,Staphylococcus aureus | trimethoprim/sulfamethoxazole
573,573.64652,Klebsiella pneumoniae AMR_MDS_5016,tobramycin,Susceptible,,,,,,,,PATRIC,,,AdaBoost Classifier,,"Accuracy:0.882, F1 score:0.889, AUC:0.939",Computational Method,,,Klebsiella pneumoniae,Klebsiella pneumoniae | tobramycin
573,573.62644,Klebsiella pneumoniae AMR200031,ertapenem,Susceptible,,,,,,,,PATRIC,,,AdaBoost Classifier,,"Accuracy:0.956, F1 score:0.955, AUC:0.972",Computational Method,,,Klebsiella pneumoniae,Klebsiella pneumoniae | ertapenem
611,611.297,Salmonella enterica subsp. enterica serovar Heidelberg strain AMR588-04-00437,nalidixic acid,Resistant,,,,,,,,,,,SIR XGBoost Model,202503101.0,"F1 score: 0.95, CI[0.93, 0.96]",Computational Method,,,Salmonella enterica,Salmonella enterica | nalidixic acid
611,611.298,Salmonella enterica subsp. enterica serovar Heidelberg strain AMR588-04-00437,spectinomycin,Susceptible,,,,,,,,,,,SIR XGBoost Model,202503101.0,"F1 score: 0.94, CI[0.90, 0.98]",Computational Method,,,Salmonella enterica,Salmonella enterica | spectinomycin
1280,1280.48297,Staphylococcus aureus AMR2,clindamycin,Susceptible,,,,,,,,,,,SIR XGBoost Model,202503101.0,"F1 score: 0.98, CI[0.97, 1.00]",Computational Method,,,Staphylococcus aureus,Staphylococcus aureus | clindamycin
611,611.298,Salmonella enterica subsp. enterica serovar Heidelberg strain AMR588-04-00437,sulfamethoxazole,Susceptible,,,,,,,,,,,SIR XGBoost Model,202503101.0,"F1 score: 0.95, CI[0.93, 0.97]",Computational Method,,,Salmonella enterica,Salmonella enterica | sulfamethoxazole
1280,1280.483,Staphylococcus aureus AMR11,gentamicin,Susceptible,,,,,,,,PATRIC,,,AdaBoost Classifier,,"Accuracy:0.984, F1 score:0.984, AUC:0.980",Computational Method,,,Staphylococcus aureus,Staphylococcus aureus | gentamicin
562,562.114871,Escherichia coli AMR0265,ertapenem,Resistant,,,,,,,,,,,SIR XGBoost Model,202503101.0,"F1 score: 0.92, CI[0.90, 0.95]",Computational Method,,,Escherichia coli,Escherichia coli | ertapenem
611,611.296,Salmonella enterica subsp. enterica serovar Heidelberg strain AMR588-04-00435,streptomycin,Susceptible,,,,,,,,,,,SIR XGBoost Model,202503101.0,"F1 score: 0.94, CI[0.93, 0.96]",Computational Method,,,Salmonella enterica,Salmonella enterica | streptomycin
1280,1280.48305,Staphylococcus aureus AMR1,tetracycline,Susceptible,,,,,,,,,,,SIR XGBoost Model,202503101.0,"F1 score: 0.98, CI[0.97, 1.00]",Computational Method,,,Staphylococcus aureus,Staphylococcus aureus | tetracycline
1280,1280.48288,Staphylococcus aureus AMR8,penicillin,Resistant,,,,,,,,,,,SIR XGBoost Model,202503101.0,"F1 score: 0.94, CI[0.91, 0.98]",Computational Method,,,Staphylococcus aureus,Staphylococcus aureus | penicillin
573,573.65449,Klebsiella pneumoniae AMR20201034,gentamicin,Resistant,,,,,,,,PATRIC,,,AdaBoost Classifier,,"Accuracy:0.863, F1 score:0.863, AUC:0.930",Computational Method,,,Klebsiella pneumoniae,Klebsiella pneumoniae | gentamicin
1280,1280.48295,Staphylococcus aureus AMR28,tetracycline,Susceptible,,,,,,,,PATRIC,,,AdaBoost Classifier,,"Accuracy:0.975, F1 score:0.974, AUC:0.986",Computational Method,,,Staphylococcus aureus,Staphylococcus aureus | tetracycline
611,611.289,Salmonella enterica subsp. enterica serovar Heidelberg strain AMR588-04-00318,ampicillin,Susceptible,,,,,,,,,,,SIR XGBoost Model,202503101.0,"F1 score: 0.93, CI[0.92, 0.93]",Computational Method,,,Salmonella enterica,Salmonella enterica | ampicillin
611,611.127,Salmonella enterica subsp. enterica serovar Heidelberg strain AMR588-04-00318,ceftriaxone,Resistant,,,,,,,,,,,SIR XGBoost Model,202503101.0,"F1 score: 0.98, CI[0.97, 1.00]",Computational Method,,,Salmonella enterica,Salmonella enterica | ceftriaxone
611,611.114,Salmonella enterica subsp. enterica serovar Heidelberg strain AMR588-04-00320,streptomycin,Susceptible,,,,,,,,,,,SIR XGBoost Model,202503101.0,"F1 score: 0.94, CI[0.93, 0.96]",Computational Method,,,Salmonella enterica,Salmonella enterica | streptomycin
1352,1352.16772,Enterococcus faecium KU-AMR0096,gentamicin,Resistant,,,,,,,,,,,SIR XGBoost Model,202503101.0,"F1 score: 0.92, CI[0.81, 1.02]",Computational Method,,,Enterococcus faecium,Enterococcus faecium | gentamicin
562,562.114876,Escherichia coli AMR0262,cefazolin,Resistant,,,,,,,,,,,SIR XGBoost Model,202503101.0,"F1 score: 0.93, CI[0.86, 0.99]",Computational Method,,,Escherichia coli,Escherichia coli | cefazolin
1280,1280.4829,Staphylococcus aureus AMR7,erythromycin,Resistant,,,,,,,,,,,SIR XGBoost Model,202503101.0,"F1 score: 0.98, CI[0.97, 0.99]",Computational Method,,,Staphylococcus aureus,Staphylococcus aureus | erythromycin
611,611.114,Salmonella enterica subsp. enterica serovar Heidelberg strain AMR588-04-00320,nalidixic acid,Susceptible,,,,,,,,,,,SIR XGBoost Model,202503101.0,"F1 score: 0.95, CI[0.93, 0.96]",Computational Method,,,Salmonella enterica,Salmonella enterica | nalidixic acid
562,562.138665,Escherichia coli AMR_MDS_5755,nalidixic acid,Susceptible,,,,,,,,,,,SIR XGBoost Model,202503101.0,"F1 score: 0.98, CI[0.96, 1.00]",Computational Method,,,Escherichia coli,Escherichia coli | nalidixic acid
1280,1280.483,Staphylococcus aureus AMR11,gentamicin,Susceptible,,,,,,,,,,,SIR XGBoost Model,202503101.0,"F1 score: 0.99, CI[0.99, 1.00]",Computational Method,,,Staphylococcus aureus,Staphylococcus aureus | gentamicin
1280,1280.4829,Staphylococcus aureus AMR7,penicillin,Resistant,,,,,,,,,,,SIR XGBoost Model,202503101.0,"F1 score: 0.94, CI[0.91, 0.98]",Computational Method,,,Staphylococcus aureus,Staphylococcus aureus | penicillin
562,562.114876,Escherichia coli AMR0262,cefoxitin,Resistant,,,,,,,,,,,SIR XGBoost Model,202503101.0,"F1 score: 0.88, CI[0.83, 0.92]",Computational Method,,,Escherichia coli,Escherichia coli | cefoxitin
562,562.114876,Escherichia coli AMR0262,meropenem,Resistant,,,,,,,,,,,SIR XGBoost Model,202503101.0,"F1 score: 0.76, CI[0.68, 0.84]",Computational Method,,,Escherichia coli,Escherichia coli | meropenem
1280,1280.48293,Staphylococcus aureus AMR6,trimethoprim/sulfamethoxazole,Susceptible,,,,,,,,PATRIC,,,AdaBoost Classifier,,"Accuracy:0.939, F1 score:0.956, AUC:0.974",Computational Method,,,Staphylococcus aureus,Staphylococcus aureus | trimethoprim/sulfamethoxazole
1280,1280.48296,Staphylococcus aureus AMR26,methicillin,Resistant,,,,,,,,PATRIC,,,AdaBoost Classifier,,"Accuracy:0.989, F1 score:0.989, AUC:0.994",Computational Method,,,Staphylococcus aureus,Staphylococcus aureus | methicillin
611,611.294,Salmonella enterica subsp. enterica serovar Heidelberg strain AMR588-04-00320,ciprofloxacin,Susceptible,,,,,,,,,,,SIR XGBoost Model,202503101.0,"F1 score: 0.95, CI[0.93, 0.96]",Computational Method,,,Salmonella enterica,Salmonella enterica | ciprofloxacin
562,562.114876,Escherichia coli AMR0262,tobramycin,Resistant,,,,,,,,,,,SIR XGBoost Model,202503101.0,"F1 score: 0.92, CI[0.88, 0.96]",Computational Method,,,Escherichia coli,Escherichia coli | tobramycin
562,562.11254,Escherichia coli AMR0278,streptomycin,Resistant,,,,,,,,,,,SIR XGBoost Model,202503101.0,"F1 score: 0.96, CI[0.90, 1.02]",Computational Method,,,Escherichia coli,Escherichia coli | streptomycin
562,562.11254,Escherichia coli AMR0278,ciprofloxacin,Resistant,,,,,,,,,,,SIR XGBoost Model,202503101.0,"F1 score: 0.98, CI[0.97, 0.98]",Computational Method,,,Escherichia coli,Escherichia coli | ciprofloxacin
611,611.296,Salmonella enterica subsp. enterica serovar Heidelberg strain AMR588-04-00435,gentamicin,Resistant,,,,,,,,,,,SIR XGBoost Model,202503101.0,"F1 score: 0.92, CI[0.89, 0.95]",Computational Method,,,Salmonella enterica,Salmonella enterica | gentamicin
1352,1352.16769,Enterococcus faecium KU-AMR0098,vancomycin,Resistant,,,,,,,,,,,SIR XGBoost Model,202503101.0,"F1 score: 0.97, CI[0.96, 0.98]",Computational Method,,,Enterococcus faecium,Enterococcus faecium | vancomycin
1280,1280.483,Staphylococcus aureus AMR11,tetracycline,Resistant,,,,,,,,PATRIC,,,AdaBoost Classifier,,"Accuracy:0.975, F1 score:0.974, AUC:0.986",Computational Method,,,Staphylococcus aureus,Staphylococcus aureus | tetracycline
611,611.295,Salmonella enterica subsp. enterica serovar Heidelberg strain AMR588-04-00435,sulfisoxazole,Susceptible,,,,,,,,,,,SIR XGBoost Model,202503101.0,"F1 score: 0.99, CI[0.98, 1.00]",Computational Method,,,Salmonella enterica,Salmonella enterica | sulfisoxazole
1280,1280.48297,Staphylococcus aureus AMR2,erythromycin,Resistant,,,,,,,,PATRIC,,,AdaBoost Classifier,,"Accuracy:0.959, F1 score:0.962, AUC:0.981",Computational Method,,,Staphylococcus aureus,Staphylococcus aureus | erythromycin
611,611.116,Salmonella enterica subsp. enterica serovar Heidelberg strain AMR588-04-00437,ampicillin,Susceptible,,,,,,,,,,,SIR XGBoost Model,202503101.0,"F1 score: 0.93, CI[0.92, 0.93]",Computational Method,,,Salmonella enterica,Salmonella enterica | ampicillin
1280,1280.48288,Staphylococcus aureus AMR8,trimethoprim/sulfamethoxazole,Susceptible,,,,,,,,,,,SIR XGBoost Model,202503101.0,"F1 score: 0.94, CI[0.89, 0.98]",Computational Method,,,Staphylococcus aureus,Staphylococcus aureus | trimethoprim/sulfamethoxazole
611,611.295,Salmonella enterica subsp. enterica serovar Heidelberg strain AMR588-04-00435,trimethoprim/sulfamethoxazole,Susceptible,,,,,,,,,,,SIR XGBoost Model,202503101.0,"F1 score: 0.85, CI[0.82, 0.88]",Computational Method,,,Salmonella enterica,Salmonella enterica | trimethoprim/sulfamethoxazole
573,573.62642,Klebsiella pneumoniae AMR180026,ertapenem,Susceptible,,,,,,,,PATRIC,,,AdaBoost Classifier,,"Accuracy:0.956, F1 score:0.955, AUC:0.972",Computational Method,,,Klebsiella pneumoniae,Klebsiella pneumoniae | ertapenem
573,573.64652,Klebsiella pneumoniae AMR_MDS_5016,trimethoprim/sulfamethoxazole,Susceptible,,,,,,,,PATRIC,,,AdaBoost Classifier,,"Accuracy:0.861, F1 score:0.865, AUC:0.930",Computational Method,,,Klebsiella pneumoniae,Klebsiella pneumoniae | trimethoprim/sulfamethoxazole
611,611.289,Salmonella enterica subsp. enterica serovar Heidelberg strain AMR588-04-00318,ceftriaxone,Susceptible,,,,,,,,,,,SIR XGBoost Model,202503101.0,"F1 score: 0.98, CI[0.97, 1.00]",Computational Method,,,Salmonella enterica,Salmonella enterica | ceftriaxone
562,562.114871,Escherichia coli AMR0265,ceftazidime,Resistant,,,,,,,,,,,SIR XGBoost Model,202503101.0,"F1 score: 0.92, CI[0.90, 0.93]",Computational Method,,,Escherichia coli,Escherichia coli | ceftazidime
562,562.114877,Escherichia coli AMR0264,sulfamethoxazole,Resistant,,,,,,,,,,,SIR XGBoost Model,202503101.0,"F1 score: 0.93, CI[0.88, 0.99]",Computational Method,,,Escherichia coli,Escherichia coli | sulfamethoxazole
611,611.294,Salmonella enterica subsp. enterica serovar Heidelberg strain AMR588-04-00320,ceftiofur,Resistant,,,,,,,,,,,SIR XGBoost Model,202503101.0,"F1 score: 0.98, CI[0.97, 1.00]",Computational Method,,,Salmonella enterica,Salmonella enterica | ceftiofur
611,611.127,Salmonella enterica subsp. enterica serovar Heidelberg strain AMR588-04-00318,chloramphenicol,Susceptible,,,,,,,,,,,SIR XGBoost Model,202503101.0,"F1 score: 0.90, CI[0.88, 0.91]",Computational Method,,,Salmonella enterica,Salmonella enterica | chloramphenicol
611,611.296,Salmonella enterica subsp. enterica serovar Heidelberg strain AMR588-04-00435,trimethoprim/sulfamethoxazole,Susceptible,,,,,,,,,,,SIR XGBoost Model,202503101.0,"F1 score: 0.85, CI[0.82, 0.88]",Computational Method,,,Salmonella enterica,Salmonella enterica | trimethoprim/sulfamethoxazole
562,562.114877,Escherichia coli AMR0264,ceftiofur,Resistant,,,,,,,,,,,SIR XGBoost Model,202503101.0,"F1 score: 0.97, CI[0.88, 1.06]",Computational Method,,,Escherichia coli,Escherichia coli | ceftiofur
1280,1280.48305,Staphylococcus aureus AMR1,erythromycin,Resistant,,,,,,,,PATRIC,,,AdaBoost Classifier,,"Accuracy:0.959, F1 score:0.962, AUC:0.981",Computational Method,,,Staphylococcus aureus,Staphylococcus aureus | erythromycin
562,562.114875,Escherichia coli AMR0177,cefoxitin,Resistant,,,,,,,,,,,SIR XGBoost Model,202503101.0,"F1 score: 0.88, CI[0.83, 0.92]",Computational Method,,,Escherichia coli,Escherichia coli | cefoxitin
562,562.114871,Escherichia coli AMR0265,cefuroxime,Resistant,,,,,,,,,,,SIR XGBoost Model,202503101.0,"F1 score: 0.88, CI[0.86, 0.90]",Computational Method,,,Escherichia coli,Escherichia coli | cefuroxime
1280,1280.48305,Staphylococcus aureus AMR1,cefoxitin,Resistant,,,,,,,,,,,SIR XGBoost Model,202503101.0,"F1 score: 0.97, CI[0.96, 0.99]",Computational Method,,,Staphylococcus aureus,Staphylococcus aureus | cefoxitin
1280,1280.48296,Staphylococcus aureus AMR26,trimethoprim/sulfamethoxazole,Susceptible,,,,,,,,,,,SIR XGBoost Model,202503101.0,"F1 score: 0.94, CI[0.89, 0.98]",Computational Method,,,Staphylococcus aureus,Staphylococcus aureus | trimethoprim/sulfamethoxazole
1280,1280.48294,Staphylococcus aureus AMR3,methicillin,Resistant,,,,,,,,,,,SIR XGBoost Model,202503101.0,"F1 score: 0.99, CI[0.98, 1.00]",Computational Method,,,Staphylococcus aureus,Staphylococcus aureus | methicillin
611,611.293,Salmonella enterica subsp. enterica serovar Heidelberg strain AMR588-04-00320,ampicillin,Susceptible,,,,,,,,,,,SIR XGBoost Model,202503101.0,"F1 score: 0.93, CI[0.92, 0.93]",Computational Method,,,Salmonella enterica,Salmonella enterica | ampicillin
562,562.138665,Escherichia coli AMR_MDS_5755,ertapenem,Susceptible,,,,,,,,,,,SIR XGBoost Model,202503101.0,"F1 score: 0.92, CI[0.90, 0.95]",Computational Method,,,Escherichia coli,Escherichia coli | ertapenem
573,573.64652,Klebsiella pneumoniae AMR_MDS_5016,ciprofloxacin,Susceptible,,,,,,,,PATRIC,,,AdaBoost Classifier,,"Accuracy:0.909, F1 score:0.912, AUC:0.947",Computational Method,,,Klebsiella pneumoniae,Klebsiella pneumoniae | ciprofloxacin
562,562.114877,Escherichia coli AMR0264,gentamicin,Resistant,,,,,,,,,,,SIR XGBoost Model,202503101.0,"F1 score: 0.96, CI[0.95, 0.97]",Computational Method,,,Escherichia coli,Escherichia coli | gentamicin
562,562.138665,Escherichia coli AMR_MDS_5755,ampicillin/sulbactam,Susceptible,,,,,,,,,,,SIR XGBoost Model,202503101.0,"F1 score: 0.88, CI[0.79, 0.98]",Computational Method,,,Escherichia coli,Escherichia coli | ampicillin/sulbactam
611,611.29,Salmonella enterica subsp. enterica serovar Heidelberg strain AMR588-04-00318,pefloxacin,Resistant,,,,,,,,,,,SIR XGBoost Model,202503101.0,"F1 score: 0.98, CI[0.96, 1.00]",Computational Method,,,Salmonella enterica,Salmonella enterica | pefloxacin
611,611.295,Salmonella enterica subsp. enterica serovar Heidelberg strain AMR588-04-00435,cefoxitin,Susceptible,,,,,,,,,,,SIR XGBoost Model,202503101.0,"F1 score: 0.96, CI[0.93, 0.99]",Computational Method,,,Salmonella enterica,Salmonella enterica | cefoxitin
562,562.138665,Escherichia coli AMR_MDS_5755,trimethoprim/sulfamethoxazole,Susceptible,,,,,,,,,,,SIR XGBoost Model,202503101.0,"F1 score: 0.94, CI[0.94, 0.95]",Computational Method,,,Escherichia coli,Escherichia coli | trimethoprim/sulfamethoxazole
611,611.292,Salmonella enterica subsp. enterica serovar Heidelberg strain AMR588-04-00320,sulfamethoxazole,Susceptible,,,,,,,,,,,SIR XGBoost Model,202503101.0,"F1 score: 0.95, CI[0.93, 0.97]",Computational Method,,,Salmonella enterica,Salmonella enterica | sulfamethoxazole
573,573.65449,Klebsiella pneumoniae AMR20201034,ertapenem,Susceptible,,,,,,,,PATRIC,,,AdaBoost Classifier,,"Accuracy:0.956, F1 score:0.955, AUC:0.972",Computational Method,,,Klebsiella pneumoniae,Klebsiella pneumoniae | ertapenem
1280,1280.4829,Staphylococcus aureus AMR7,oxacillin,Resistant,,,,,,,,,,,SIR XGBoost Model,202503101.0,"F1 score: 0.91, CI[0.87, 0.96]",Computational Method,,,Staphylococcus aureus,Staphylococcus aureus | oxacillin
562,562.114871,Escherichia coli AMR0265,tobramycin,Resistant,,,,,,,,,,,SIR XGBoost Model,202503101.0,"F1 score: 0.92, CI[0.88, 0.96]",Computational Method,,,Escherichia coli,Escherichia coli | tobramycin
611,611.296,Salmonella enterica subsp. enterica serovar Heidelberg strain AMR588-04-00435,trimethoprim,Resistant,,,,,,,,,,,SIR XGBoost Model,202503101.0,"F1 score: 0.86, CI[0.78, 0.93]",Computational Method,,,Salmonella enterica,Salmonella enterica | trimethoprim
611,611.116,Salmonella enterica subsp. enterica serovar Heidelberg strain AMR588-04-00437,streptomycin,Susceptible,,,,,,,,,,,SIR XGBoost Model,202503101.0,"F1 score: 0.94, CI[0.93, 0.96]",Computational Method,,,Salmonella enterica,Salmonella enterica | streptomycin
611,611.111,Salmonella enterica subsp. enterica serovar Heidelberg strain AMR588-04-00435,pefloxacin,Susceptible,,,,,,,,,,,SIR XGBoost Model,202503101.0,"F1 score: 0.98, CI[0.96, 1.00]",Computational Method,,,Salmonella enterica,Salmonella enterica | pefloxacin
611,611.127,Salmonella enterica subsp. enterica serovar Heidelberg strain AMR588-04-00318,cefotaxime,Susceptible,,,,,,,,,,,SIR XGBoost Model,202503101.0,"F1 score: 0.95, CI[0.90, 0.99]",Computational Method,,,Salmonella enterica,Salmonella enterica | cefotaxime
562,562.11254,Escherichia coli AMR0278,ceftriaxone,Resistant,,,,,,,,,,,SIR XGBoost Model,202503101.0,"F1 score: 0.96, CI[0.92, 0.99]",Computational Method,,,Escherichia coli,Escherichia coli | ceftriaxone
1280,1280.48292,Staphylococcus aureus AMR9,methicillin,Resistant,,,,,,,,PATRIC,,,AdaBoost Classifier,,"Accuracy:0.989, F1 score:0.989, AUC:0.994",Computational Method,,,Staphylococcus aureus,Staphylococcus aureus | methicillin
573,573.64652,Klebsiella pneumoniae AMR_MDS_5016,imipenem,Susceptible,,,,,,,,PATRIC,,,AdaBoost Classifier,,"Accuracy:0.931, F1 score:0.935, AUC:0.950",Computational Method,,,Klebsiella pneumoniae,Klebsiella pneumoniae | imipenem
611,611.296,Salmonella enterica subsp. enterica serovar Heidelberg strain AMR588-04-00435,nalidixic acid,Resistant,,,,,,,,,,,SIR XGBoost Model,202503101.0,"F1 score: 0.95, CI[0.93, 0.96]",Computational Method,,,Salmonella enterica,Salmonella enterica | nalidixic acid
573,573.64652,Klebsiella pneumoniae AMR_MDS_5016,tetracycline,Susceptible,,,,,,,,PATRIC,,,AdaBoost Classifier,,"Accuracy:0.795, F1 score:0.794, AUC:0.842",Computational Method,,,Klebsiella pneumoniae,Klebsiella pneumoniae | tetracycline
562,562.114877,Escherichia coli AMR0264,ceftriaxone,Resistant,,,,,,,,,,,SIR XGBoost Model,202503101.0,"F1 score: 0.96, CI[0.92, 0.99]",Computational Method,,,Escherichia coli,Escherichia coli | ceftriaxone
611,611.291,Salmonella enterica subsp. enterica serovar Heidelberg strain AMR588-04-00318,pefloxacin,Resistant,,,,,,,,,,,SIR XGBoost Model,202503101.0,"F1 score: 0.98, CI[0.96, 1.00]",Computational Method,,,Salmonella enterica,Salmonella enterica | pefloxacin
562,562.138665,Escherichia coli AMR_MDS_5755,cefoxitin,Susceptible,,,,,,,,,,,SIR XGBoost Model,202503101.0,"F1 score: 0.88, CI[0.83, 0.92]",Computational Method,,,Escherichia coli,Escherichia coli | cefoxitin
562,562.11254,Escherichia coli AMR0278,ampicillin,Resistant,,,,,,,,,,,SIR XGBoost Model,202503101.0,"F1 score: 0.94, CI[0.93, 0.96]",Computational Method,,,Escherichia coli,Escherichia coli | ampicillin
562,562.114875,Escherichia coli AMR0177,ampicillin/sulbactam,Resistant,,,,,,,,,,,SIR XGBoost Model,202503101.0,"F1 score: 0.88, CI[0.79, 0.98]",Computational Method,,,Escherichia coli,Escherichia coli | ampicillin/sulbactam
1280,1280.4829,Staphylococcus aureus AMR7,fusidic acid,Susceptible,,,,,,,,,,,SIR XGBoost Model,202503101.0,"F1 score: 0.97, CI[0.96, 0.98]",Computational Method,,,Staphylococcus aureus,Staphylococcus aureus | fusidic acid
611,611.293,Salmonella enterica subsp. enterica serovar Heidelberg strain AMR588-04-00320,chloramphenicol,Resistant,,,,,,,,,,,SIR XGBoost Model,202503101.0,"F1 score: 0.90, CI[0.88, 0.91]",Computational Method,,,Salmonella enterica,Salmonella enterica | chloramphenicol
562,562.138665,Escherichia coli AMR_MDS_5755,sulfamethoxazole,Susceptible,,,,,,,,,,,SIR XGBoost Model,202503101.0,"F1 score: 0.93, CI[0.88, 0.99]",Computational Method,,,Escherichia coli,Escherichia coli | sulfamethoxazole
1280,1280.48293,Staphylococcus aureus AMR6,penicillin,Resistant,,,,,,,,,,,SIR XGBoost Model,202503101.0,"F1 score: 0.94, CI[0.91, 0.98]",Computational Method,,,Staphylococcus aureus,Staphylococcus aureus | penicillin
1280,1280.48295,Staphylococcus aureus AMR28,erythromycin,Susceptible,,,,,,,,,,,SIR XGBoost Model,202503101.0,"F1 score: 0.98, CI[0.97, 0.99]",Computational Method,,,Staphylococcus aureus,Staphylococcus aureus | erythromycin
562,562.114876,Escherichia coli AMR0262,trimethoprim,Resistant,,,,,,,,,,,SIR XGBoost Model,202503101.0,"F1 score: 0.94, CI[0.91, 0.97]",Computational Method,,,Escherichia coli,Escherichia coli | trimethoprim
611,611.291,Salmonella enterica subsp. enterica serovar Heidelberg strain AMR588-04-00318,ciprofloxacin,Susceptible,,,,,,,,,,,SIR XGBoost Model,202503101.0,"F1 score: 0.95, CI[0.93, 0.96]",Computational Method,,,Salmonella enterica,Salmonella enterica | ciprofloxacin
611,611.111,Salmonella enterica subsp. enterica serovar Heidelberg strain AMR588-04-00435,kanamycin,Susceptible,,,,,,,,,,,SIR XGBoost Model,202503101.0,"F1 score: 0.86, CI[0.77, 0.95]",Computational Method,,,Salmonella enterica,Salmonella enterica | kanamycin
611,611.297,Salmonella enterica subsp. enterica serovar Heidelberg strain AMR588-04-00437,cefotaxime,Susceptible,,,,,,,,,,,SIR XGBoost Model,202503101.0,"F1 score: 0.95, CI[0.90, 0.99]",Computational Method,,,Salmonella enterica,Salmonella enterica | cefotaxime
562,562.138665,Escherichia coli AMR_MDS_5755,ciprofloxacin,Susceptible,,,,,,,,,,,SIR XGBoost Model,202503101.0,"F1 score: 0.98, CI[0.97, 0.98]",Computational Method,,,Escherichia coli,Escherichia coli | ciprofloxacin
611,611.289,Salmonella enterica subsp. enterica serovar Heidelberg strain AMR588-04-00318,gentamicin,Resistant,,,,,,,,,,,SIR XGBoost Model,202503101.0,"F1 score: 0.92, CI[0.89, 0.95]",Computational Method,,,Salmonella enterica,Salmonella enterica | gentamicin
562,562.114876,Escherichia coli AMR0262,ceftriaxone,Resistant,,,,,,,,,,,SIR XGBoost Model,202503101.0,"F1 score: 0.96, CI[0.92, 0.99]",Computational Method,,,Escherichia coli,Escherichia coli | ceftriaxone
1280,1280.4829,Staphylococcus aureus AMR7,methicillin,Resistant,,,,,,,,,,,SIR XGBoost Model,202503101.0,"F1 score: 0.99, CI[0.98, 1.00]",Computational Method,,,Staphylococcus aureus,Staphylococcus aureus | methicillin
1352,1352.16769,Enterococcus faecium KU-AMR0098,gentamicin,Susceptible,,,,,,,,,,,SIR XGBoost Model,202503101.0,"F1 score: 0.92, CI[0.81, 1.02]",Computational Method,,,Enterococcus faecium,Enterococcus faecium | gentamicin
562,562.114871,Escherichia coli AMR0265,gentamicin,Resistant,,,,,,,,,,,SIR XGBoost Model,202503101.0,"F1 score: 0.96, CI[0.95, 0.97]",Computational Method,,,Escherichia coli,Escherichia coli | gentamicin
611,611.295,Salmonella enterica subsp. enterica serovar Heidelberg strain AMR588-04-00435,ciprofloxacin,Susceptible,,,,,,,,,,,SIR XGBoost Model,202503101.0,"F1 score: 0.95, CI[0.93, 0.96]",Computational Method,,,Salmonella enterica,Salmonella enterica | ciprofloxacin
1352,1352.1677,Enterococcus faecium KU-AMR0099,vancomycin,Resistant,,,,,,,,,,,SIR XGBoost Model,202503101.0,"F1 score: 0.97, CI[0.96, 0.98]",Computational Method,,,Enterococcus faecium,Enterococcus faecium | vancomycin
611,611.298,Salmonella enterica subsp. enterica serovar Heidelberg strain AMR588-04-00437,amoxicillin/clavulanic acid,Susceptible,,,,,,,,,,,SIR XGBoost Model,202503101.0,"F1 score: 0.96, CI[0.95, 0.97]",Computational Method,,,Salmonella enterica,Salmonella enterica | amoxicillin/clavulanic acid
611,611.291,Salmonella enterica subsp. enterica serovar Heidelberg strain AMR588-04-00318,nalidixic acid,Resistant,,,,,,,,,,,SIR XGBoost Model,202503101.0,"F1 score: 0.95, CI[0.93, 0.96]",Computational Method,,,Salmonella enterica,Salmonella enterica | nalidixic acid
1280,1280.48295,Staphylococcus aureus AMR28,tetracycline,Susceptible,,,,,,,,,,,SIR XGBoost Model,202503101.0,"F1 score: 0.98, CI[0.97, 1.00]",Computational Method,,,Staphylococcus aureus,Staphylococcus aureus | tetracycline
562,562.114871,Escherichia coli AMR0265,ampicillin/sulbactam,Resistant,,,,,,,,,,,SIR XGBoost Model,202503101.0,"F1 score: 0.88, CI[0.79, 0.98]",Computational Method,,,Escherichia coli,Escherichia coli | ampicillin/sulbactam
573,573.62645,Klebsiella pneumoniae AMR180036,tetracycline,Resistant,,,,,,,,PATRIC,,,AdaBoost Classifier,,"Accuracy:0.795, F1 score:0.794, AUC:0.842",Computational Method,,,Klebsiella pneumoniae,Klebsiella pneumoniae | tetracycline
562,562.114877,Escherichia coli AMR0264,amoxicillin/clavulanic acid,Resistant,,,,,,,,,,,SIR XGBoost Model,202503101.0,"F1 score: 0.84, CI[0.81, 0.88]",Computational Method,,,Escherichia coli,Escherichia coli | amoxicillin/clavulanic acid
1280,1280.48295,Staphylococcus aureus AMR28,fusidic acid,Susceptible,,,,,,,,,,,SIR XGBoost Model,202503101.0,"F1 score: 0.97, CI[0.96, 0.98]",Computational Method,,,Staphylococcus aureus,Staphylococcus aureus | fusidic acid
611,611.296,Salmonella enterica subsp. enterica serovar Heidelberg strain AMR588-04-00435,amoxicillin/clavulanic acid,Susceptible,,,,,,,,,,,SIR XGBoost Model,202503101.0,"F1 score: 0.96, CI[0.95, 0.97]",Computational Method,,,Salmonella enterica,Salmonella enterica | amoxicillin/clavulanic acid
1280,1280.48297,Staphylococcus aureus AMR2,clindamycin,Susceptible,,,,,,,,PATRIC,,,AdaBoost Classifier,,"Accuracy:0.963, F1 score:0.965, AUC:0.977",Computational Method,,,Staphylococcus aureus,Staphylococcus aureus | clindamycin
562,562.138665,Escherichia coli AMR_MDS_5755,cefalothin,Susceptible,,,,,,,,,,,SIR XGBoost Model,202503101.0,"F1 score: 0.92, CI[0.89, 0.96]",Computational Method,,,Escherichia coli,Escherichia coli | cefalothin
611,611.114,Salmonella enterica subsp. enterica serovar Heidelberg strain AMR588-04-00320,trimethoprim,Susceptible,,,,,,,,,,,SIR XGBoost Model,202503101.0,"F1 score: 0.86, CI[0.78, 0.93]",Computational Method,,,Salmonella enterica,Salmonella enterica | trimethoprim
573,573.64652,Klebsiella pneumoniae AMR_MDS_5016,meropenem,Susceptible,,,,,,,,PATRIC,,,AdaBoost Classifier,,"Accuracy:0.916, F1 score:0.922, AUC:0.949",Computational Method,,,Klebsiella pneumoniae,Klebsiella pneumoniae | meropenem
562,562.114871,Escherichia coli AMR0265,meropenem,Resistant,,,,,,,,,,,SIR XGBoost Model,202503101.0,"F1 score: 0.76, CI[0.68, 0.84]",Computational Method,,,Escherichia coli,Escherichia coli | meropenem
562,562.114876,Escherichia coli AMR0262,sulfamethoxazole,Resistant,,,,,,,,,,,SIR XGBoost Model,202503101.0,"F1 score: 0.93, CI[0.88, 0.99]",Computational Method,,,Escherichia coli,Escherichia coli | sulfamethoxazole
611,611.292,Salmonella enterica subsp. enterica serovar Heidelberg strain AMR588-04-00320,azithromycin,Susceptible,,,,,,,,,,,SIR XGBoost Model,202503101.0,"F1 score: 0.92, CI[0.87, 0.98]",Computational Method,,,Salmonella enterica,Salmonella enterica | azithromycin
562,562.114876,Escherichia coli AMR0262,aztreonam,Resistant,,,,,,,,,,,SIR XGBoost Model,202503101.0,"F1 score: 0.92, CI[0.89, 0.96]",Computational Method,,,Escherichia coli,Escherichia coli | aztreonam
1280,1280.48297,Staphylococcus aureus AMR2,tetracycline,Susceptible,,,,,,,,,,,SIR XGBoost Model,202503101.0,"F1 score: 0.98, CI[0.97, 1.00]",Computational Method,,,Staphylococcus aureus,Staphylococcus aureus | tetracycline
562,562.114877,Escherichia coli AMR0264,cefuroxime,Resistant,,,,,,,,,,,SIR XGBoost Model,202503101.0,"F1 score: 0.88, CI[0.86, 0.90]",Computational Method,,,Escherichia coli,Escherichia coli | cefuroxime
562,562.114873,Escherichia coli AMR0279,gentamicin,Resistant,,,,,,,,,,,SIR XGBoost Model,202503101.0,"F1 score: 0.96, CI[0.95, 0.97]",Computational Method,,,Escherichia coli,Escherichia coli | gentamicin
1280,1280.48295,Staphylococcus aureus AMR28,clindamycin,Susceptible,,,,,,,,,,,SIR XGBoost Model,202503101.0,"F1 score: 0.98, CI[0.97, 1.00]",Computational Method,,,Staphylococcus aureus,Staphylococcus aureus | clindamycin
1280,1280.48294,Staphylococcus aureus AMR3,trimethoprim/sulfamethoxazole,Susceptible,,,,,,,,PATRIC,,,AdaBoost Classifier,,"Accuracy:0.939, F1 score:0.956, AUC:0.974",Computational Method,,,Staphylococcus aureus,Staphylococcus aureus | trimethoprim/sulfamethoxazole
1280,1280.48293,Staphylococcus aureus AMR6,penicillin,Resistant,,,,,,,,PATRIC,,,AdaBoost Classifier,,"Accuracy:0.963, F1 score:0.964, AUC:0.979",Computational Method,,,Staphylococcus aureus,Staphylococcus aureus | penicillin
562,562.114875,Escherichia coli AMR0177,ciprofloxacin,Resistant,,,,,,,,,,,SIR XGBoost Model,202503101.0,"F1 score: 0.98, CI[0.97, 0.98]",Computational Method,,,Escherichia coli,Escherichia coli | ciprofloxacin
1280,1280.48296,Staphylococcus aureus AMR26,penicillin,Resistant,,,,,,,,PATRIC,,,AdaBoost Classifier,,"Accuracy:0.963, F1 score:0.964, AUC:0.979",Computational Method,,,Staphylococcus aureus,Staphylococcus aureus | penicillin
1280,1280.483,Staphylococcus aureus AMR11,clindamycin,Susceptible,,,,,,,,PATRIC,,,AdaBoost Classifier,,"Accuracy:0.963, F1 score:0.965, AUC:0.977",Computational Method,,,Staphylococcus aureus,Staphylococcus aureus | clindamycin
562,562.114871,Escherichia coli AMR0265,amoxicillin/clavulanic acid,Resistant,,,,,,,,,,,SIR XGBoost Model,202503101.0,"F1 score: 0.84, CI[0.81, 0.88]",Computational Method,,,Escherichia coli,Escherichia coli | amoxicillin/clavulanic acid
611,611.293,Salmonella enterica subsp. enterica serovar Heidelberg strain AMR588-04-00320,sulfisoxazole,Susceptible,,,,,,,,,,,SIR XGBoost Model,202503101.0,"F1 score: 0.99, CI[0.98, 1.00]",Computational Method,,,Salmonella enterica,Salmonella enterica | sulfisoxazole
562,562.11254,Escherichia coli AMR0278,cefoxitin,Resistant,,,,,,,,,,,SIR XGBoost Model,202503101.0,"F1 score: 0.88, CI[0.83, 0.92]",Computational Method,,,Escherichia coli,Escherichia coli | cefoxitin
562,562.114871,Escherichia coli AMR0265,ceftiofur,Susceptible,,,,,,,,,,,SIR XGBoost Model,202503101.0,"F1 score: 0.97, CI[0.88, 1.06]",Computational Method,,,Escherichia coli,Escherichia coli | ceftiofur
611,611.29,Salmonella enterica subsp. enterica serovar Heidelberg strain AMR588-04-00318,amoxicillin/clavulanic acid,Resistant,,,,,,,,,,,SIR XGBoost Model,202503101.0,"F1 score: 0.96, CI[0.95, 0.97]",Computational Method,,,Salmonella enterica,Salmonella enterica | amoxicillin/clavulanic acid
611,611.291,Salmonella enterica subsp. enterica serovar Heidelberg strain AMR588-04-00318,amoxicillin/clavulanic acid,Susceptible,,,,,,,,,,,SIR XGBoost Model,202503101.0,"F1 score: 0.96, CI[0.95, 0.97]",Computational Method,,,Salmonella enterica,Salmonella enterica | amoxicillin/clavulanic acid
611,611.114,Salmonella enterica subsp. enterica serovar Heidelberg strain AMR588-04-00320,gentamicin,Susceptible,,,,,,,,,,,SIR XGBoost Model,202503101.0,"F1 score: 0.92, CI[0.89, 0.95]",Computational Method,,,Salmonella enterica,Salmonella enterica | gentamicin
562,562.114877,Escherichia coli AMR0264,ciprofloxacin,Resistant,,,,,,,,,,,SIR XGBoost Model,202503101.0,"F1 score: 0.98, CI[0.97, 0.98]",Computational Method,,,Escherichia coli,Escherichia coli | ciprofloxacin
611,611.298,Salmonella enterica subsp. enterica serovar Heidelberg strain AMR588-04-00437,cefotaxime,Susceptible,,,,,,,,,,,SIR XGBoost Model,202503101.0,"F1 score: 0.95, CI[0.90, 0.99]",Computational Method,,,Salmonella enterica,Salmonella enterica | cefotaxime
573,573.62641,Klebsiella pneumoniae AMR180022,amikacin,Susceptible,,,,,,,,PATRIC,,,AdaBoost Classifier,,"Accuracy:0.910, F1 score:0.919, AUC:0.947",Computational Method,,,Klebsiella pneumoniae,Klebsiella pneumoniae | amikacin
611,611.298,Salmonella enterica subsp. enterica serovar Heidelberg strain AMR588-04-00437,sulfisoxazole,Susceptible,,,,,,,,,,,SIR XGBoost Model,202503101.0,"F1 score: 0.99, CI[0.98, 1.00]",Computational Method,,,Salmonella enterica,Salmonella enterica | sulfisoxazole
611,611.289,Salmonella enterica subsp. enterica serovar Heidelberg strain AMR588-04-00318,sulfisoxazole,Susceptible,,,,,,,,,,,SIR XGBoost Model,202503101.0,"F1 score: 0.99, CI[0.98, 1.00]",Computational Method,,,Salmonella enterica,Salmonella enterica | sulfisoxazole
611,611.291,Salmonella enterica subsp. enterica serovar Heidelberg strain AMR588-04-00318,tetracycline,Susceptible,,,,,,,,,,,SIR XGBoost Model,202503101.0,"F1 score: 0.97, CI[0.96, 0.98]",Computational Method,,,Salmonella enterica,Salmonella enterica | tetracycline
573,573.62645,Klebsiella pneumoniae AMR180036,cefoxitin,Resistant,,,,,,,,PATRIC,,,AdaBoost Classifier,,"Accuracy:0.805, F1 score:0.796, AUC:0.864",Computational Method,,,Klebsiella pneumoniae,Klebsiella pneumoniae | cefoxitin
562,562.114875,Escherichia coli AMR0177,cefazolin,Resistant,,,,,,,,,,,SIR XGBoost Model,202503101.0,"F1 score: 0.93, CI[0.86, 0.99]",Computational Method,,,Escherichia coli,Escherichia coli | cefazolin
611,611.127,Salmonella enterica subsp. enterica serovar Heidelberg strain AMR588-04-00318,ciprofloxacin,Susceptible,,,,,,,,,,,SIR XGBoost Model,202503101.0,"F1 score: 0.95, CI[0.93, 0.96]",Computational Method,,,Salmonella enterica,Salmonella enterica | ciprofloxacin
562,562.11254,Escherichia coli AMR0278,imipenem,Resistant,,,,,,,,,,,SIR XGBoost Model,202503101.0,"F1 score: 0.96, CI[0.94, 0.98]",Computational Method,,,Escherichia coli,Escherichia coli | imipenem
1280,1280.4829,Staphylococcus aureus AMR7,clindamycin,Susceptible,,,,,,,,PATRIC,,,AdaBoost Classifier,,"Accuracy:0.963, F1 score:0.965, AUC:0.977",Computational Method,,,Staphylococcus aureus,Staphylococcus aureus | clindamycin
1280,1280.48295,Staphylococcus aureus AMR28,gentamicin,Susceptible,,,,,,,,,,,SIR XGBoost Model,202503101.0,"F1 score: 0.99, CI[0.99, 1.00]",Computational Method,,,Staphylococcus aureus,Staphylococcus aureus | gentamicin
562,562.114876,Escherichia coli AMR0262,cefalothin,Resistant,,,,,,,,,,,SIR XGBoost Model,202503101.0,"F1 score: 0.92, CI[0.89, 0.96]",Computational Method,,,Escherichia coli,Escherichia coli | cefalothin
1280,1280.48305,Staphylococcus aureus AMR1,methicillin,Resistant,,,,,,,,PATRIC,,,AdaBoost Classifier,,"Accuracy:0.989, F1 score:0.989, AUC:0.994",Computational Method,,,Staphylococcus aureus,Staphylococcus aureus | methicillin
611,611.114,Salmonella enterica subsp. enterica serovar Heidelberg strain AMR588-04-00320,ciprofloxacin,Susceptible,,,,,,,,,,,SIR XGBoost Model,202503101.0,"F1 score: 0.95, CI[0.93, 0.96]",Computational Method,,,Salmonella enterica,Salmonella enterica | ciprofloxacin
1280,1280.48293,Staphylococcus aureus AMR6,daptomycin,Resistant,,,,,,,,,,,SIR XGBoost Model,202503101.0,"F1 score: 0.30, CI[-0.26, 0.85]",Computational Method,,,Staphylococcus aureus,Staphylococcus aureus | daptomycin
1280,1280.483,Staphylococcus aureus AMR11,trimethoprim/sulfamethoxazole,Susceptible,,,,,,,,,,,SIR XGBoost Model,202503101.0,"F1 score: 0.94, CI[0.89, 0.98]",Computational Method,,,Staphylococcus aureus,Staphylococcus aureus | trimethoprim/sulfamethoxazole
573,573.62644,Klebsiella pneumoniae AMR200031,cefoxitin,Resistant,,,,,,,,PATRIC,,,AdaBoost Classifier,,"Accuracy:0.805, F1 score:0.796, AUC:0.864",Computational Method,,,Klebsiella pneumoniae,Klebsiella pneumoniae | cefoxitin
562,562.114873,Escherichia coli AMR0279,chloramphenicol,Resistant,,,,,,,,,,,SIR XGBoost Model,202503101.0,"F1 score: 0.96, CI[0.93, 0.99]",Computational Method,,,Escherichia coli,Escherichia coli | chloramphenicol
1280,1280.48292,Staphylococcus aureus AMR9,clindamycin,Susceptible,,,,,,,,PATRIC,,,AdaBoost Classifier,,"Accuracy:0.963, F1 score:0.965, AUC:0.977",Computational Method,,,Staphylococcus aureus,Staphylococcus aureus | clindamycin
611,611.294,Salmonella enterica subsp. enterica serovar Heidelberg strain AMR588-04-00320,cefoxitin,Resistant,,,,,,,,,,,SIR XGBoost Model,202503101.0,"F1 score: 0.96, CI[0.93, 0.99]",Computational Method,,,Salmonella enterica,Salmonella enterica | cefoxitin
1280,1280.48295,Staphylococcus aureus AMR28,erythromycin,Resistant,,,,,,,,PATRIC,,,AdaBoost Classifier,,"Accuracy:0.959, F1 score:0.962, AUC:0.981",Computational Method,,,Staphylococcus aureus,Staphylococcus aureus | erythromycin
1280,1280.48305,Staphylococcus aureus AMR1,methicillin,Resistant,,,,,,,,,,,SIR XGBoost Model,202503101.0,"F1 score: 0.99, CI[0.98, 1.00]",Computational Method,,,Staphylococcus aureus,Staphylococcus aureus | methicillin
611,611.111,Salmonella enterica subsp. enterica serovar Heidelberg strain AMR588-04-00435,ciprofloxacin,Susceptible,,,,,,,,,,,SIR XGBoost Model,202503101.0,"F1 score: 0.95, CI[0.93, 0.96]",Computational Method,,,Salmonella enterica,Salmonella enterica | ciprofloxacin
611,611.297,Salmonella enterica subsp. enterica serovar Heidelberg strain AMR588-04-00437,trimethoprim/sulfamethoxazole,Susceptible,,,,,,,,,,,SIR XGBoost Model,202503101.0,"F1 score: 0.85, CI[0.82, 0.88]",Computational Method,,,Salmonella enterica,Salmonella enterica | trimethoprim/sulfamethoxazole
1280,1280.48305,Staphylococcus aureus AMR1,gentamicin,Susceptible,,,,,,,,,,,SIR XGBoost Model,202503101.0,"F1 score: 0.99, CI[0.99, 1.00]",Computational Method,,,Staphylococcus aureus,Staphylococcus aureus | gentamicin
1280,1280.48305,Staphylococcus aureus AMR1,oxacillin,Resistant,,,,,,,,,,,SIR XGBoost Model,202503101.0,"F1 score: 0.91, CI[0.87, 0.96]",Computational Method,,,Staphylococcus aureus,Staphylococcus aureus | oxacillin
611,611.296,Salmonella enterica subsp. enterica serovar Heidelberg strain AMR588-04-00435,ceftiofur,Susceptible,,,,,,,,,,,SIR XGBoost Model,202503101.0,"F1 score: 0.98, CI[0.97, 1.00]",Computational Method,,,Salmonella enterica,Salmonella enterica | ceftiofur
611,611.111,Salmonella enterica subsp. enterica serovar Heidelberg strain AMR588-04-00435,azithromycin,Susceptible,,,,,,,,,,,SIR XGBoost Model,202503101.0,"F1 score: 0.92, CI[0.87, 0.98]",Computational Method,,,Salmonella enterica,Salmonella enterica | azithromycin
562,562.114873,Escherichia coli AMR0279,nalidixic acid,Resistant,,,,,,,,,,,SIR XGBoost Model,202503101.0,"F1 score: 0.98, CI[0.96, 1.00]",Computational Method,,,Escherichia coli,Escherichia coli | nalidixic acid
1280,1280.48292,Staphylococcus aureus AMR9,clindamycin,Susceptible,,,,,,,,,,,SIR XGBoost Model,202503101.0,"F1 score: 0.98, CI[0.97, 1.00]",Computational Method,,,Staphylococcus aureus,Staphylococcus aureus | clindamycin
611,611.298,Salmonella enterica subsp. enterica serovar Heidelberg strain AMR588-04-00437,nalidixic acid,Resistant,,,,,,,,,,,SIR XGBoost Model,202503101.0,"F1 score: 0.95, CI[0.93, 0.96]",Computational Method,,,Salmonella enterica,Salmonella enterica | nalidixic acid
1280,1280.48295,Staphylococcus aureus AMR28,penicillin,Resistant,,,,,,,,PATRIC,,,AdaBoost Classifier,,"Accuracy:0.963, F1 score:0.964, AUC:0.979",Computational Method,,,Staphylococcus aureus,Staphylococcus aureus | penicillin
611,611.292,Salmonella enterica subsp. enterica serovar Heidelberg strain AMR588-04-00320,cefoxitin,Susceptible,,,,,,,,,,,SIR XGBoost Model,202503101.0,"F1 score: 0.96, CI[0.93, 0.99]",Computational Method,,,Salmonella enterica,Salmonella enterica | cefoxitin
611,611.297,Salmonella enterica subsp. enterica serovar Heidelberg strain AMR588-04-00437,gentamicin,Resistant,,,,,,,,,,,SIR XGBoost Model,202503101.0,"F1 score: 0.92, CI[0.89, 0.95]",Computational Method,,,Salmonella enterica,Salmonella enterica | gentamicin
1280,1280.483,Staphylococcus aureus AMR11,oxacillin,Resistant,,,,,,,,,,,SIR XGBoost Model,202503101.0,"F1 score: 0.91, CI[0.87, 0.96]",Computational Method,,,Staphylococcus aureus,Staphylococcus aureus | oxacillin
611,611.298,Salmonella enterica subsp. enterica serovar Heidelberg strain AMR588-04-00437,ceftriaxone,Susceptible,,,,,,,,,,,SIR XGBoost Model,202503101.0,"F1 score: 0.98, CI[0.97, 1.00]",Computational Method,,,Salmonella enterica,Salmonella enterica | ceftriaxone
562,562.114876,Escherichia coli AMR0262,ceftazidime,Resistant,,,,,,,,,,,SIR XGBoost Model,202503101.0,"F1 score: 0.92, CI[0.90, 0.93]",Computational Method,,,Escherichia coli,Escherichia coli | ceftazidime
611,611.289,Salmonella enterica subsp. enterica serovar Heidelberg strain AMR588-04-00318,tetracycline,Susceptible,,,,,,,,,,,SIR XGBoost Model,202503101.0,"F1 score: 0.97, CI[0.96, 0.98]",Computational Method,,,Salmonella enterica,Salmonella enterica | tetracycline
562,562.114875,Escherichia coli AMR0177,meropenem,Resistant,,,,,,,,,,,SIR XGBoost Model,202503101.0,"F1 score: 0.76, CI[0.68, 0.84]",Computational Method,,,Escherichia coli,Escherichia coli | meropenem
1280,1280.48295,Staphylococcus aureus AMR28,daptomycin,Resistant,,,,,,,,,,,SIR XGBoost Model,202503101.0,"F1 score: 0.30, CI[-0.26, 0.85]",Computational Method,,,Staphylococcus aureus,Staphylococcus aureus | daptomycin
611,611.295,Salmonella enterica subsp. enterica serovar Heidelberg strain AMR588-04-00435,chloramphenicol,Resistant,,,,,,,,,,,SIR XGBoost Model,202503101.0,"F1 score: 0.90, CI[0.88, 0.91]",Computational Method,,,Salmonella enterica,Salmonella enterica | chloramphenicol
562,562.11254,Escherichia coli AMR0278,trimethoprim/sulfamethoxazole,Resistant,,,,,,,,,,,SIR XGBoost Model,202503101.0,"F1 score: 0.94, CI[0.94, 0.95]",Computational Method,,,Escherichia coli,Escherichia coli | trimethoprim/sulfamethoxazole
611,611.294,Salmonella enterica subsp. enterica serovar Heidelberg strain AMR588-04-00320,nalidixic acid,Resistant,,,,,,,,,,,SIR XGBoost Model,202503101.0,"F1 score: 0.95, CI[0.93, 0.96]",Computational Method,,,Salmonella enterica,Salmonella enterica | nalidixic acid
611,611.127,Salmonella enterica subsp. enterica serovar Heidelberg strain AMR588-04-00318,amoxicillin/clavulanic acid,Resistant,,,,,,,,,,,SIR XGBoost Model,202503101.0,"F1 score: 0.96, CI[0.95, 0.97]",Computational Method,,,Salmonella enterica,Salmonella enterica | amoxicillin/clavulanic acid
611,611.289,Salmonella enterica subsp. enterica serovar Heidelberg strain AMR588-04-00318,kanamycin,Susceptible,,,,,,,,,,,SIR XGBoost Model,202503101.0,"F1 score: 0.86, CI[0.77, 0.95]",Computational Method,,,Salmonella enterica,Salmonella enterica | kanamycin
1280,1280.48305,Staphylococcus aureus AMR1,tetracycline,Susceptible,,,,,,,,PATRIC,,,AdaBoost Classifier,,"Accuracy:0.975, F1 score:0.974, AUC:0.986",Computational Method,,,Staphylococcus aureus,Staphylococcus aureus | tetracycline
611,611.29,Salmonella enterica subsp. enterica serovar Heidelberg strain AMR588-04-00318,ampicillin,Resistant,,,,,,,,,,,SIR XGBoost Model,202503101.0,"F1 score: 0.93, CI[0.92, 0.93]",Computational Method,,,Salmonella enterica,Salmonella enterica | ampicillin
562,562.11254,Escherichia coli AMR0278,amoxicillin/clavulanic acid,Resistant,,,,,,,,,,,SIR XGBoost Model,202503101.0,"F1 score: 0.84, CI[0.81, 0.88]",Computational Method,,,Escherichia coli,Escherichia coli | amoxicillin/clavulanic acid
1280,1280.48293,Staphylococcus aureus AMR6,clindamycin,Susceptible,,,,,,,,,,,SIR XGBoost Model,202503101.0,"F1 score: 0.98, CI[0.97, 1.00]",Computational Method,,,Staphylococcus aureus,Staphylococcus aureus | clindamycin
611,611.297,Salmonella enterica subsp. enterica serovar Heidelberg strain AMR588-04-00437,sulfamethoxazole,Susceptible,,,,,,,,,,,SIR XGBoost Model,202503101.0,"F1 score: 0.95, CI[0.93, 0.97]",Computational Method,,,Salmonella enterica,Salmonella enterica | sulfamethoxazole
562,562.114875,Escherichia coli AMR0177,cefepime,Resistant,,,,,,,,,,,SIR XGBoost Model,202503101.0,"F1 score: 0.88, CI[0.84, 0.92]",Computational Method,,,Escherichia coli,Escherichia coli | cefepime
1280,1280.48294,Staphylococcus aureus AMR3,daptomycin,Resistant,,,,,,,,,,,SIR XGBoost Model,202503101.0,"F1 score: 0.30, CI[-0.26, 0.85]",Computational Method,,,Staphylococcus aureus,Staphylococcus aureus | daptomycin
611,611.29,Salmonella enterica subsp. enterica serovar Heidelberg strain AMR588-04-00318,sulfamethoxazole,Susceptible,,,,,,,,,,,SIR XGBoost Model,202503101.0,"F1 score: 0.95, CI[0.93, 0.97]",Computational Method,,,Salmonella enterica,Salmonella enterica | sulfamethoxazole
611,611.295,Salmonella enterica subsp. enterica serovar Heidelberg strain AMR588-04-00435,amoxicillin/clavulanic acid,Susceptible,,,,,,,,,,,SIR XGBoost Model,202503101.0,"F1 score: 0.96, CI[0.95, 0.97]",Computational Method,,,Salmonella enterica,Salmonella enterica | amoxicillin/clavulanic acid
611,611.293,Salmonella enterica subsp. enterica serovar Heidelberg strain AMR588-04-00320,kanamycin,Susceptible,,,,,,,,,,,SIR XGBoost Model,202503101.0,"F1 score: 0.86, CI[0.77, 0.95]",Computational Method,,,Salmonella enterica,Salmonella enterica | kanamycin
573,573.64652,Klebsiella pneumoniae AMR_MDS_5016,aztreonam,Susceptible,,,,,,,,PATRIC,,,AdaBoost Classifier,,"Accuracy:0.680, F1 score:0.752, AUC:0.735",Computational Method,,,Klebsiella pneumoniae,Klebsiella pneumoniae | aztreonam
611,611.289,Salmonella enterica subsp. enterica serovar Heidelberg strain AMR588-04-00318,azithromycin,Susceptible,,,,,,,,,,,SIR XGBoost Model,202503101.0,"F1 score: 0.92, CI[0.87, 0.98]",Computational Method,,,Salmonella enterica,Salmonella enterica | azithromycin
1280,1280.48296,Staphylococcus aureus AMR26,cefoxitin,Resistant,,,,,,,,,,,SIR XGBoost Model,202503101.0,"F1 score: 0.97, CI[0.96, 0.99]",Computational Method,,,Staphylococcus aureus,Staphylococcus aureus | cefoxitin
611,611.29,Salmonella enterica subsp. enterica serovar Heidelberg strain AMR588-04-00318,spectinomycin,Susceptible,,,,,,,,,,,SIR XGBoost Model,202503101.0,"F1 score: 0.94, CI[0.90, 0.98]",Computational Method,,,Salmonella enterica,Salmonella enterica | spectinomycin
562,562.114876,Escherichia coli AMR0262,levofloxacin,Resistant,,,,,,,,,,,SIR XGBoost Model,202503101.0,"F1 score: 0.97, CI[0.91, 1.02]",Computational Method,,,Escherichia coli,Escherichia coli | levofloxacin
611,611.29,Salmonella enterica subsp. enterica serovar Heidelberg strain AMR588-04-00318,cefotaxime,Susceptible,,,,,,,,,,,SIR XGBoost Model,202503101.0,"F1 score: 0.95, CI[0.90, 0.99]",Computational Method,,,Salmonella enterica,Salmonella enterica | cefotaxime
1280,1280.48288,Staphylococcus aureus AMR8,gentamicin,Susceptible,,,,,,,,PATRIC,,,AdaBoost Classifier,,"Accuracy:0.984, F1 score:0.984, AUC:0.980",Computational Method,,,Staphylococcus aureus,Staphylococcus aureus | gentamicin
1280,1280.483,Staphylococcus aureus AMR11,ciprofloxacin,Susceptible,,,,,,,,PATRIC,,,AdaBoost Classifier,,"Accuracy:0.977, F1 score:0.980, AUC:0.982",Computational Method,,,Staphylococcus aureus,Staphylococcus aureus | ciprofloxacin
573,573.62641,Klebsiella pneumoniae AMR180022,piperacillin/tazobactam,Resistant,,,,,,,,PATRIC,,,AdaBoost Classifier,,"Accuracy:0.766, F1 score:0.759, AUC:0.825",Computational Method,,,Klebsiella pneumoniae,Klebsiella pneumoniae | piperacillin/tazobactam
611,611.294,Salmonella enterica subsp. enterica serovar Heidelberg strain AMR588-04-00320,cefotaxime,Susceptible,,,,,,,,,,,SIR XGBoost Model,202503101.0,"F1 score: 0.95, CI[0.90, 0.99]",Computational Method,,,Salmonella enterica,Salmonella enterica | cefotaxime
611,611.296,Salmonella enterica subsp. enterica serovar Heidelberg strain AMR588-04-00435,azithromycin,Susceptible,,,,,,,,,,,SIR XGBoost Model,202503101.0,"F1 score: 0.92, CI[0.87, 0.98]",Computational Method,,,Salmonella enterica,Salmonella enterica | azithromycin
611,611.298,Salmonella enterica subsp. enterica serovar Heidelberg strain AMR588-04-00437,tetracycline,Susceptible,,,,,,,,,,,SIR XGBoost Model,202503101.0,"F1 score: 0.97, CI[0.96, 0.98]",Computational Method,,,Salmonella enterica,Salmonella enterica | tetracycline
611,611.116,Salmonella enterica subsp. enterica serovar Heidelberg strain AMR588-04-00437,gentamicin,Susceptible,,,,,,,,,,,SIR XGBoost Model,202503101.0,"F1 score: 0.92, CI[0.89, 0.95]",Computational Method,,,Salmonella enterica,Salmonella enterica | gentamicin
611,611.294,Salmonella enterica subsp. enterica serovar Heidelberg strain AMR588-04-00320,gentamicin,Susceptible,,,,,,,,,,,SIR XGBoost Model,202503101.0,"F1 score: 0.92, CI[0.89, 0.95]",Computational Method,,,Salmonella enterica,Salmonella enterica | gentamicin
1280,1280.48296,Staphylococcus aureus AMR26,clindamycin,Susceptible,,,,,,,,PATRIC,,,AdaBoost Classifier,,"Accuracy:0.963, F1 score:0.965, AUC:0.977",Computational Method,,,Staphylococcus aureus,Staphylococcus aureus | clindamycin
611,611.289,Salmonella enterica subsp. enterica serovar Heidelberg strain AMR588-04-00318,trimethoprim/sulfamethoxazole,Susceptible,,,,,,,,,,,SIR XGBoost Model,202503101.0,"F1 score: 0.85, CI[0.82, 0.88]",Computational Method,,,Salmonella enterica,Salmonella enterica | trimethoprim/sulfamethoxazole
1280,1280.48296,Staphylococcus aureus AMR26,erythromycin,Resistant,,,,,,,,,,,SIR XGBoost Model,202503101.0,"F1 score: 0.98, CI[0.97, 0.99]",Computational Method,,,Staphylococcus aureus,Staphylococcus aureus | erythromycin
1352,1352.1677,Enterococcus faecium KU-AMR0099,streptomycin,Susceptible,,,,,,,,,,,SIR XGBoost Model,202503101.0,"F1 score: 0.98, CI[0.94, 1.02]",Computational Method,,,Enterococcus faecium,Enterococcus faecium | streptomycin
562,562.114875,Escherichia coli AMR0177,amoxicillin,Resistant,,,,,,,,,,,SIR XGBoost Model,202503101.0,"F1 score: 0.90, CI[0.87, 0.93]",Computational Method,,,Escherichia coli,Escherichia coli | amoxicillin
562,562.11254,Escherichia coli AMR0278,ceftazidime,Resistant,,,,,,,,,,,SIR XGBoost Model,202503101.0,"F1 score: 0.92, CI[0.90, 0.93]",Computational Method,,,Escherichia coli,Escherichia coli | ceftazidime
611,611.293,Salmonella enterica subsp. enterica serovar Heidelberg strain AMR588-04-00320,trimethoprim/sulfamethoxazole,Susceptible,,,,,,,,,,,SIR XGBoost Model,202503101.0,"F1 score: 0.85, CI[0.82, 0.88]",Computational Method,,,Salmonella enterica,Salmonella enterica | trimethoprim/sulfamethoxazole
562,562.114875,Escherichia coli AMR0177,ceftiofur,Resistant,,,,,,,,,,,SIR XGBoost Model,202503101.0,"F1 score: 0.97, CI[0.88, 1.06]",Computational Method,,,Escherichia coli,Escherichia coli | ceftiofur
611,611.297,Salmonella enterica subsp. enterica serovar Heidelberg strain AMR588-04-00437,pefloxacin,Resistant,,,,,,,,,,,SIR XGBoost Model,202503101.0,"F1 score: 0.98, CI[0.96, 1.00]",Computational Method,,,Salmonella enterica,Salmonella enterica | pefloxacin
573,573.65449,Klebsiella pneumoniae AMR20201034,meropenem,Susceptible,,,,,,,,PATRIC,,,AdaBoost Classifier,,"Accuracy:0.916, F1 score:0.922, AUC:0.949",Computational Method,,,Klebsiella pneumoniae,Klebsiella pneumoniae | meropenem
562,562.114873,Escherichia coli AMR0279,imipenem,Resistant,,,,,,,,,,,SIR XGBoost Model,202503101.0,"F1 score: 0.96, CI[0.94, 0.98]",Computational Method,,,Escherichia coli,Escherichia coli | imipenem
611,611.298,Salmonella enterica subsp. enterica serovar Heidelberg strain AMR588-04-00437,streptomycin,Susceptible,,,,,,,,,,,SIR XGBoost Model,202503101.0,"F1 score: 0.94, CI[0.93, 0.96]",Computational Method,,,Salmonella enterica,Salmonella enterica | streptomycin
562,562.138665,Escherichia coli AMR_MDS_5755,cefuroxime,Susceptible,,,,,,,,,,,SIR XGBoost Model,202503101.0,"F1 score: 0.88, CI[0.86, 0.90]",Computational Method,,,Escherichia coli,Escherichia coli | cefuroxime
562,562.114876,Escherichia coli AMR0262,ampicillin/sulbactam,Resistant,,,,,,,,,,,SIR XGBoost Model,202503101.0,"F1 score: 0.88, CI[0.79, 0.98]",Computational Method,,,Escherichia coli,Escherichia coli | ampicillin/sulbactam
562,562.114873,Escherichia coli AMR0279,tetracycline,Susceptible,,,,,,,,,,,SIR XGBoost Model,202503101.0,"F1 score: 0.93, CI[0.89, 0.97]",Computational Method,,,Escherichia coli,Escherichia coli | tetracycline
611,611.295,Salmonella enterica subsp. enterica serovar Heidelberg strain AMR588-04-00435,tetracycline,Susceptible,,,,,,,,,,,SIR XGBoost Model,202503101.0,"F1 score: 0.97, CI[0.96, 0.98]",Computational Method,,,Salmonella enterica,Salmonella enterica | tetracycline
611,611.293,Salmonella enterica subsp. enterica serovar Heidelberg strain AMR588-04-00320,cefotaxime,Susceptible,,,,,,,,,,,SIR XGBoost Model,202503101.0,"F1 score: 0.95, CI[0.90, 0.99]",Computational Method,,,Salmonella enterica,Salmonella enterica | cefotaxime
1280,1280.48295,Staphylococcus aureus AMR28,gentamicin,Susceptible,,,,,,,,PATRIC,,,AdaBoost Classifier,,"Accuracy:0.984, F1 score:0.984, AUC:0.980",Computational Method,,,Staphylococcus aureus,Staphylococcus aureus | gentamicin
562,562.11254,Escherichia coli AMR0278,cefuroxime,Resistant,,,,,,,,,,,SIR XGBoost Model,202503101.0,"F1 score: 0.88, CI[0.86, 0.90]",Computational Method,,,Escherichia coli,Escherichia coli | cefuroxime
1280,1280.48305,Staphylococcus aureus AMR1,clindamycin,Susceptible,,,,,,,,PATRIC,,,AdaBoost Classifier,,"Accuracy:0.963, F1 score:0.965, AUC:0.977",Computational Method,,,Staphylococcus aureus,Staphylococcus aureus | clindamycin
1352,1352.16772,Enterococcus faecium KU-AMR0096,streptomycin,Susceptible,,,,,,,,,,,SIR XGBoost Model,202503101.0,"F1 score: 0.98, CI[0.94, 1.02]",Computational Method,,,Enterococcus faecium,Enterococcus faecium | streptomycin
611,611.293,Salmonella enterica subsp. enterica serovar Heidelberg strain AMR588-04-00320,cefoxitin,Susceptible,,,,,,,,,,,SIR XGBoost Model,202503101.0,"F1 score: 0.96, CI[0.93, 0.99]",Computational Method,,,Salmonella enterica,Salmonella enterica | cefoxitin
562,562.11254,Escherichia coli AMR0278,doxycycline,Resistant,,,,,,,,,,,SIR XGBoost Model,202503101.0,"F1 score: 0.87, CI[0.80, 0.95]",Computational Method,,,Escherichia coli,Escherichia coli | doxycycline
562,562.114875,Escherichia coli AMR0177,ertapenem,Resistant,,,,,,,,,,,SIR XGBoost Model,202503101.0,"F1 score: 0.92, CI[0.90, 0.95]",Computational Method,,,Escherichia coli,Escherichia coli | ertapenem
562,562.114875,Escherichia coli AMR0177,tetracycline,Resistant,,,,,,,,,,,SIR XGBoost Model,202503101.0,"F1 score: 0.93, CI[0.89, 0.97]",Computational Method,,,Escherichia coli,Escherichia coli | tetracycline
562,562.11254,Escherichia coli AMR0278,trimethoprim,Resistant,,,,,,,,,,,SIR XGBoost Model,202503101.0,"F1 score: 0.94, CI[0.91, 0.97]",Computational Method,,,Escherichia coli,Escherichia coli | trimethoprim
611,611.289,Salmonella enterica subsp. enterica serovar Heidelberg strain AMR588-04-00318,sulfamethoxazole,Susceptible,,,,,,,,,,,SIR XGBoost Model,202503101.0,"F1 score: 0.95, CI[0.93, 0.97]",Computational Method,,,Salmonella enterica,Salmonella enterica | sulfamethoxazole
573,573.62642,Klebsiella pneumoniae AMR180026,levofloxacin,Resistant,,,,,,,,PATRIC,,,AdaBoost Classifier,,"Accuracy:0.917, F1 score:0.927, AUC:0.961",Computational Method,,,Klebsiella pneumoniae,Klebsiella pneumoniae | levofloxacin
1280,1280.48296,Staphylococcus aureus AMR26,clindamycin,Susceptible,,,,,,,,,,,SIR XGBoost Model,202503101.0,"F1 score: 0.98, CI[0.97, 1.00]",Computational Method,,,Staphylococcus aureus,Staphylococcus aureus | clindamycin
611,611.292,Salmonella enterica subsp. enterica serovar Heidelberg strain AMR588-04-00320,ceftiofur,Susceptible,,,,,,,,,,,SIR XGBoost Model,202503101.0,"F1 score: 0.98, CI[0.97, 1.00]",Computational Method,,,Salmonella enterica,Salmonella enterica | ceftiofur
1280,1280.48294,Staphylococcus aureus AMR3,ciprofloxacin,Resistant,,,,,,,,,,,SIR XGBoost Model,202503101.0,"F1 score: 0.99, CI[0.98, 1.00]",Computational Method,,,Staphylococcus aureus,Staphylococcus aureus | ciprofloxacin
611,611.289,Salmonella enterica subsp. enterica serovar Heidelberg strain AMR588-04-00318,chloramphenicol,Resistant,,,,,,,,,,,SIR XGBoost Model,202503101.0,"F1 score: 0.90, CI[0.88, 0.91]",Computational Method,,,Salmonella enterica,Salmonella enterica | chloramphenicol
1280,1280.4829,Staphylococcus aureus AMR7,penicillin,Resistant,,,,,,,,PATRIC,,,AdaBoost Classifier,,"Accuracy:0.963, F1 score:0.964, AUC:0.979",Computational Method,,,Staphylococcus aureus,Staphylococcus aureus | penicillin
611,611.294,Salmonella enterica subsp. enterica serovar Heidelberg strain AMR588-04-00320,kanamycin,Susceptible,,,,,,,,,,,SIR XGBoost Model,202503101.0,"F1 score: 0.86, CI[0.77, 0.95]",Computational Method,,,Salmonella enterica,Salmonella enterica | kanamycin
562,562.11254,Escherichia coli AMR0278,cefalothin,Resistant,,,,,,,,,,,SIR XGBoost Model,202503101.0,"F1 score: 0.92, CI[0.89, 0.96]",Computational Method,,,Escherichia coli,Escherichia coli | cefalothin
611,611.116,Salmonella enterica subsp. enterica serovar Heidelberg strain AMR588-04-00437,cefoxitin,Susceptible,,,,,,,,,,,SIR XGBoost Model,202503101.0,"F1 score: 0.96, CI[0.93, 0.99]",Computational Method,,,Salmonella enterica,Salmonella enterica | cefoxitin
562,562.138665,Escherichia coli AMR_MDS_5755,cefepime,Susceptible,,,,,,,,,,,SIR XGBoost Model,202503101.0,"F1 score: 0.88, CI[0.84, 0.92]",Computational Method,,,Escherichia coli,Escherichia coli | cefepime
562,562.114875,Escherichia coli AMR0177,norfloxacin,Resistant,,,,,,,,,,,SIR XGBoost Model,202503101.0,"F1 score: 0.96, CI[0.92, 1.01]",Computational Method,,,Escherichia coli,Escherichia coli | norfloxacin
573,573.62644,Klebsiella pneumoniae AMR200031,imipenem,Resistant,,,,,,,,PATRIC,,,AdaBoost Classifier,,"Accuracy:0.931, F1 score:0.935, AUC:0.950",Computational Method,,,Klebsiella pneumoniae,Klebsiella pneumoniae | imipenem
1280,1280.48293,Staphylococcus aureus AMR6,methicillin,Resistant,,,,,,,,,,,SIR XGBoost Model,202503101.0,"F1 score: 0.99, CI[0.98, 1.00]",Computational Method,,,Staphylococcus aureus,Staphylococcus aureus | methicillin
1280,1280.48305,Staphylococcus aureus AMR1,fusidic acid,Susceptible,,,,,,,,,,,SIR XGBoost Model,202503101.0,"F1 score: 0.97, CI[0.96, 0.98]",Computational Method,,,Staphylococcus aureus,Staphylococcus aureus | fusidic acid
562,562.114873,Escherichia coli AMR0279,tobramycin,Resistant,,,,,,,,,,,SIR XGBoost Model,202503101.0,"F1 score: 0.92, CI[0.88, 0.96]",Computational Method,,,Escherichia coli,Escherichia coli | tobramycin
611,611.289,Salmonella enterica subsp. enterica serovar Heidelberg strain AMR588-04-00318,amoxicillin/clavulanic acid,Susceptible,,,,,,,,,,,SIR XGBoost Model,202503101.0,"F1 score: 0.96, CI[0.95, 0.97]",Computational Method,,,Salmonella enterica,Salmonella enterica | amoxicillin/clavulanic acid
562,562.138665,Escherichia coli AMR_MDS_5755,tobramycin,Resistant,,,,,,,,,,,SIR XGBoost Model,202503101.0,"F1 score: 0.92, CI[0.88, 0.96]",Computational Method,,,Escherichia coli,Escherichia coli | tobramycin
573,573.62642,Klebsiella pneumoniae AMR180026,cefoxitin,Resistant,,,,,,,,PATRIC,,,AdaBoost Classifier,,"Accuracy:0.805, F1 score:0.796, AUC:0.864",Computational Method,,,Klebsiella pneumoniae,Klebsiella pneumoniae | cefoxitin
562,562.114877,Escherichia coli AMR0264,cefalothin,Resistant,,,,,,,,,,,SIR XGBoost Model,202503101.0,"F1 score: 0.92, CI[0.89, 0.96]",Computational Method,,,Escherichia coli,Escherichia coli | cefalothin
562,562.114877,Escherichia coli AMR0264,aztreonam,Resistant,,,,,,,,,,,SIR XGBoost Model,202503101.0,"F1 score: 0.92, CI[0.89, 0.96]",Computational Method,,,Escherichia coli,Escherichia coli | aztreonam
573,573.62644,Klebsiella pneumoniae AMR200031,piperacillin/tazobactam,Susceptible,,,,,,,,PATRIC,,,AdaBoost Classifier,,"Accuracy:0.766, F1 score:0.759, AUC:0.825",Computational Method,,,Klebsiella pneumoniae,Klebsiella pneumoniae | piperacillin/tazobactam
611,611.111,Salmonella enterica subsp. enterica serovar Heidelberg strain AMR588-04-00435,gentamicin,Susceptible,,,,,,,,,,,SIR XGBoost Model,202503101.0,"F1 score: 0.92, CI[0.89, 0.95]",Computational Method,,,Salmonella enterica,Salmonella enterica | gentamicin
611,611.116,Salmonella enterica subsp. enterica serovar Heidelberg strain AMR588-04-00437,pefloxacin,Susceptible,,,,,,,,,,,SIR XGBoost Model,202503101.0,"F1 score: 0.98, CI[0.96, 1.00]",Computational Method,,,Salmonella enterica,Salmonella enterica | pefloxacin
1280,1280.48296,Staphylococcus aureus AMR26,oxacillin,Resistant,,,,,,,,,,,SIR XGBoost Model,202503101.0,"F1 score: 0.91, CI[0.87, 0.96]",Computational Method,,,Staphylococcus aureus,Staphylococcus aureus | oxacillin
573,573.62642,Klebsiella pneumoniae AMR180026,aztreonam,Susceptible,,,,,,,,PATRIC,,,AdaBoost Classifier,,"Accuracy:0.680, F1 score:0.752, AUC:0.735",Computational Method,,,Klebsiella pneumoniae,Klebsiella pneumoniae | aztreonam
573,573.62645,Klebsiella pneumoniae AMR180036,trimethoprim/sulfamethoxazole,Resistant,,,,,,,,PATRIC,,,AdaBoost Classifier,,"Accuracy:0.861, F1 score:0.865, AUC:0.930",Computational Method,,,Klebsiella pneumoniae,Klebsiella pneumoniae | trimethoprim/sulfamethoxazole
562,562.11254,Escherichia coli AMR0278,levofloxacin,Resistant,,,,,,,,,,,SIR XGBoost Model,202503101.0,"F1 score: 0.97, CI[0.91, 1.02]",Computational Method,,,Escherichia coli,Escherichia coli | levofloxacin
1280,1280.48293,Staphylococcus aureus AMR6,methicillin,Resistant,,,,,,,,PATRIC,,,AdaBoost Classifier,,"Accuracy:0.989, F1 score:0.989, AUC:0.994",Computational Method,,,Staphylococcus aureus,Staphylococcus aureus | methicillin
1280,1280.48288,Staphylococcus aureus AMR8,clindamycin,Susceptible,,,,,,,,PATRIC,,,AdaBoost Classifier,,"Accuracy:0.963, F1 score:0.965, AUC:0.977",Computational Method,,,Staphylococcus aureus,Staphylococcus aureus | clindamycin
562,562.114873,Escherichia coli AMR0279,cefalothin,Resistant,,,,,,,,,,,SIR XGBoost Model,202503101.0,"F1 score: 0.92, CI[0.89, 0.96]",Computational Method,,,Escherichia coli,Escherichia coli | cefalothin
562,562.114871,Escherichia coli AMR0265,cefotaxime,Resistant,,,,,,,,,,,SIR XGBoost Model,202503101.0,"F1 score: 0.96, CI[0.96, 0.97]",Computational Method,,,Escherichia coli,Escherichia coli | cefotaxime
1280,1280.48292,Staphylococcus aureus AMR9,trimethoprim/sulfamethoxazole,Susceptible,,,,,,,,PATRIC,,,AdaBoost Classifier,,"Accuracy:0.939, F1 score:0.956, AUC:0.974",Computational Method,,,Staphylococcus aureus,Staphylococcus aureus | trimethoprim/sulfamethoxazole
562,562.114877,Escherichia coli AMR0264,cefepime,Resistant,,,,,,,,,,,SIR XGBoost Model,202503101.0,"F1 score: 0.88, CI[0.84, 0.92]",Computational Method,,,Escherichia coli,Escherichia coli | cefepime
611,611.298,Salmonella enterica subsp. enterica serovar Heidelberg strain AMR588-04-00437,ciprofloxacin,Susceptible,,,,,,,,,,,SIR XGBoost Model,202503101.0,"F1 score: 0.95, CI[0.93, 0.96]",Computational Method,,,Salmonella enterica,Salmonella enterica | ciprofloxacin
611,611.127,Salmonella enterica subsp. enterica serovar Heidelberg strain AMR588-04-00318,azithromycin,Susceptible,,,,,,,,,,,SIR XGBoost Model,202503101.0,"F1 score: 0.92, CI[0.87, 0.98]",Computational Method,,,Salmonella enterica,Salmonella enterica | azithromycin
611,611.296,Salmonella enterica subsp. enterica serovar Heidelberg strain AMR588-04-00435,kanamycin,Susceptible,,,,,,,,,,,SIR XGBoost Model,202503101.0,"F1 score: 0.86, CI[0.77, 0.95]",Computational Method,,,Salmonella enterica,Salmonella enterica | kanamycin
573,573.62642,Klebsiella pneumoniae AMR180026,cefepime,Susceptible,,,,,,,,PATRIC,,,AdaBoost Classifier,,"Accuracy:0.697, F1 score:0.704, AUC:0.745",Computational Method,,,Klebsiella pneumoniae,Klebsiella pneumoniae | cefepime
573,573.62645,Klebsiella pneumoniae AMR180036,tobramycin,Resistant,,,,,,,,PATRIC,,,AdaBoost Classifier,,"Accuracy:0.882, F1 score:0.889, AUC:0.939",Computational Method,,,Klebsiella pneumoniae,Klebsiella pneumoniae | tobramycin
611,611.291,Salmonella enterica subsp. enterica serovar Heidelberg strain AMR588-04-00318,sulfamethoxazole,Susceptible,,,,,,,,,,,SIR XGBoost Model,202503101.0,"F1 score: 0.95, CI[0.93, 0.97]",Computational Method,,,Salmonella enterica,Salmonella enterica | sulfamethoxazole
611,611.116,Salmonella enterica subsp. enterica serovar Heidelberg strain AMR588-04-00437,trimethoprim,Susceptible,,,,,,,,,,,SIR XGBoost Model,202503101.0,"F1 score: 0.86, CI[0.78, 0.93]",Computational Method,,,Salmonella enterica,Salmonella enterica | trimethoprim
1280,1280.48292,Staphylococcus aureus AMR9,ciprofloxacin,Resistant,,,,,,,,,,,SIR XGBoost Model,202503101.0,"F1 score: 0.99, CI[0.98, 1.00]",Computational Method,,,Staphylococcus aureus,Staphylococcus aureus | ciprofloxacin
1280,1280.48294,Staphylococcus aureus AMR3,methicillin,Resistant,,,,,,,,PATRIC,,,AdaBoost Classifier,,"Accuracy:0.989, F1 score:0.989, AUC:0.994",Computational Method,,,Staphylococcus aureus,Staphylococcus aureus | methicillin
1352,1352.16767,Enterococcus faecium KU-AMR114,linezolid,Susceptible,,,,,,,,,,,SIR XGBoost Model,202503101.0,"F1 score: 0.94, CI[0.90, 0.98]",Computational Method,,,Enterococcus faecium,Enterococcus faecium | linezolid
562,562.138665,Escherichia coli AMR_MDS_5755,ceftazidime,Susceptible,,,,,,,,,,,SIR XGBoost Model,202503101.0,"F1 score: 0.92, CI[0.90, 0.93]",Computational Method,,,Escherichia coli,Escherichia coli | ceftazidime
1352,1352.16772,Enterococcus faecium KU-AMR0096,linezolid,Susceptible,,,,,,,,,,,SIR XGBoost Model,202503101.0,"F1 score: 0.94, CI[0.90, 0.98]",Computational Method,,,Enterococcus faecium,Enterococcus faecium | linezolid
562,562.114873,Escherichia coli AMR0279,meropenem,Resistant,,,,,,,,,,,SIR XGBoost Model,202503101.0,"F1 score: 0.76, CI[0.68, 0.84]",Computational Method,,,Escherichia coli,Escherichia coli | meropenem
562,562.138665,Escherichia coli AMR_MDS_5755,amoxicillin,Resistant,,,,,,,,,,,SIR XGBoost Model,202503101.0,"F1 score: 0.90, CI[0.87, 0.93]",Computational Method,,,Escherichia coli,Escherichia coli | amoxicillin
562,562.114875,Escherichia coli AMR0177,levofloxacin,Resistant,,,,,,,,,,,SIR XGBoost Model,202503101.0,"F1 score: 0.97, CI[0.91, 1.02]",Computational Method,,,Escherichia coli,Escherichia coli | levofloxacin
562,562.114876,Escherichia coli AMR0262,nalidixic acid,Resistant,,,,,,,,,,,SIR XGBoost Model,202503101.0,"F1 score: 0.98, CI[0.96, 1.00]",Computational Method,,,Escherichia coli,Escherichia coli | nalidixic acid
1280,1280.48292,Staphylococcus aureus AMR9,gentamicin,Susceptible,,,,,,,,PATRIC,,,AdaBoost Classifier,,"Accuracy:0.984, F1 score:0.984, AUC:0.980",Computational Method,,,Staphylococcus aureus,Staphylococcus aureus | gentamicin
1280,1280.48296,Staphylococcus aureus AMR26,erythromycin,Resistant,,,,,,,,PATRIC,,,AdaBoost Classifier,,"Accuracy:0.959, F1 score:0.962, AUC:0.981",Computational Method,,,Staphylococcus aureus,Staphylococcus aureus | erythromycin
611,611.298,Salmonella enterica subsp. enterica serovar Heidelberg strain AMR588-04-00437,kanamycin,Susceptible,,,,,,,,,,,SIR XGBoost Model,202503101.0,"F1 score: 0.86, CI[0.77, 0.95]",Computational Method,,,Salmonella enterica,Salmonella enterica | kanamycin
1280,1280.48292,Staphylococcus aureus AMR9,gentamicin,Susceptible,,,,,,,,,,,SIR XGBoost Model,202503101.0,"F1 score: 0.99, CI[0.99, 1.00]",Computational Method,,,Staphylococcus aureus,Staphylococcus aureus | gentamicin
562,562.114877,Escherichia coli AMR0264,norfloxacin,Resistant,,,,,,,,,,,SIR XGBoost Model,202503101.0,"F1 score: 0.96, CI[0.92, 1.01]",Computational Method,,,Escherichia coli,Escherichia coli | norfloxacin
611,611.116,Salmonella enterica subsp. enterica serovar Heidelberg strain AMR588-04-00437,tetracycline,Susceptible,,,,,,,,,,,SIR XGBoost Model,202503101.0,"F1 score: 0.97, CI[0.96, 0.98]",Computational Method,,,Salmonella enterica,Salmonella enterica | tetracycline
562,562.138665,Escherichia coli AMR_MDS_5755,trimethoprim,Susceptible,,,,,,,,,,,SIR XGBoost Model,202503101.0,"F1 score: 0.94, CI[0.91, 0.97]",Computational Method,,,Escherichia coli,Escherichia coli | trimethoprim
562,562.114873,Escherichia coli AMR0279,cefuroxime,Resistant,,,,,,,,,,,SIR XGBoost Model,202503101.0,"F1 score: 0.88, CI[0.86, 0.90]",Computational Method,,,Escherichia coli,Escherichia coli | cefuroxime
1280,1280.48288,Staphylococcus aureus AMR8,erythromycin,Resistant,,,,,,,,PATRIC,,,AdaBoost Classifier,,"Accuracy:0.959, F1 score:0.962, AUC:0.981",Computational Method,,,Staphylococcus aureus,Staphylococcus aureus | erythromycin
562,562.114873,Escherichia coli AMR0279,ciprofloxacin,Resistant,,,,,,,,,,,SIR XGBoost Model,202503101.0,"F1 score: 0.98, CI[0.97, 0.98]",Computational Method,,,Escherichia coli,Escherichia coli | ciprofloxacin
611,611.116,Salmonella enterica subsp. enterica serovar Heidelberg strain AMR588-04-00437,trimethoprim/sulfamethoxazole,Susceptible,,,,,,,,,,,SIR XGBoost Model,202503101.0,"F1 score: 0.85, CI[0.82, 0.88]",Computational Method,,,Salmonella enterica,Salmonella enterica | trimethoprim/sulfamethoxazole
573,573.64652,Klebsiella pneumoniae AMR_MDS_5016,ertapenem,Susceptible,,,,,,,,PATRIC,,,AdaBoost Classifier,,"Accuracy:0.956, F1 score:0.955, AUC:0.972",Computational Method,,,Klebsiella pneumoniae,Klebsiella pneumoniae | ertapenem
611,611.291,Salmonella enterica subsp. enterica serovar Heidelberg strain AMR588-04-00318,kanamycin,Susceptible,,,,,,,,,,,SIR XGBoost Model,202503101.0,"F1 score: 0.86, CI[0.77, 0.95]",Computational Method,,,Salmonella enterica,Salmonella enterica | kanamycin
1280,1280.48288,Staphylococcus aureus AMR8,ciprofloxacin,Susceptible,,,,,,,,PATRIC,,,AdaBoost Classifier,,"Accuracy:0.977, F1 score:0.980, AUC:0.982",Computational Method,,,Staphylococcus aureus,Staphylococcus aureus | ciprofloxacin
1280,1280.48288,Staphylococcus aureus AMR8,fusidic acid,Susceptible,,,,,,,,,,,SIR XGBoost Model,202503101.0,"F1 score: 0.97, CI[0.96, 0.98]",Computational Method,,,Staphylococcus aureus,Staphylococcus aureus | fusidic acid
562,562.11254,Escherichia coli AMR0278,meropenem,Resistant,,,,,,,,,,,SIR XGBoost Model,202503101.0,"F1 score: 0.76, CI[0.68, 0.84]",Computational Method,,,Escherichia coli,Escherichia coli | meropenem
573,573.62644,Klebsiella pneumoniae AMR200031,aztreonam,Susceptible,,,,,,,,PATRIC,,,AdaBoost Classifier,,"Accuracy:0.680, F1 score:0.752, AUC:0.735",Computational Method,,,Klebsiella pneumoniae,Klebsiella pneumoniae | aztreonam
562,562.11254,Escherichia coli AMR0278,aztreonam,Resistant,,,,,,,,,,,SIR XGBoost Model,202503101.0,"F1 score: 0.92, CI[0.89, 0.96]",Computational Method,,,Escherichia coli,Escherichia coli | aztreonam
1280,1280.48297,Staphylococcus aureus AMR2,daptomycin,Resistant,,,,,,,,,,,SIR XGBoost Model,202503101.0,"F1 score: 0.30, CI[-0.26, 0.85]",Computational Method,,,Staphylococcus aureus,Staphylococcus aureus | daptomycin
611,611.291,Salmonella enterica subsp. enterica serovar Heidelberg strain AMR588-04-00318,chloramphenicol,Resistant,,,,,,,,,,,SIR XGBoost Model,202503101.0,"F1 score: 0.90, CI[0.88, 0.91]",Computational Method,,,Salmonella enterica,Salmonella enterica | chloramphenicol
573,573.62644,Klebsiella pneumoniae AMR200031,meropenem,Susceptible,,,,,,,,PATRIC,,,AdaBoost Classifier,,"Accuracy:0.916, F1 score:0.922, AUC:0.949",Computational Method,,,Klebsiella pneumoniae,Klebsiella pneumoniae | meropenem
562,562.114876,Escherichia coli AMR0262,ampicillin,Resistant,,,,,,,,,,,SIR XGBoost Model,202503101.0,"F1 score: 0.94, CI[0.93, 0.96]",Computational Method,,,Escherichia coli,Escherichia coli | ampicillin
1352,1352.1677,Enterococcus faecium KU-AMR0099,gentamicin,Susceptible,,,,,,,,,,,SIR XGBoost Model,202503101.0,"F1 score: 0.92, CI[0.81, 1.02]",Computational Method,,,Enterococcus faecium,Enterococcus faecium | gentamicin
611,611.298,Salmonella enterica subsp. enterica serovar Heidelberg strain AMR588-04-00437,azithromycin,Susceptible,,,,,,,,,,,SIR XGBoost Model,202503101.0,"F1 score: 0.92, CI[0.87, 0.98]",Computational Method,,,Salmonella enterica,Salmonella enterica | azithromycin
611,611.295,Salmonella enterica subsp. enterica serovar Heidelberg strain AMR588-04-00435,pefloxacin,Resistant,,,,,,,,,,,SIR XGBoost Model,202503101.0,"F1 score: 0.98, CI[0.96, 1.00]",Computational Method,,,Salmonella enterica,Salmonella enterica | pefloxacin
1280,1280.48296,Staphylococcus aureus AMR26,trimethoprim/sulfamethoxazole,Susceptible,,,,,,,,PATRIC,,,AdaBoost Classifier,,"Accuracy:0.939, F1 score:0.956, AUC:0.974",Computational Method,,,Staphylococcus aureus,Staphylococcus aureus | trimethoprim/sulfamethoxazole
1280,1280.48295,Staphylococcus aureus AMR28,cefoxitin,Resistant,,,,,,,,,,,SIR XGBoost Model,202503101.0,"F1 score: 0.97, CI[0.96, 0.99]",Computational Method,,,Staphylococcus aureus,Staphylococcus aureus | cefoxitin
1280,1280.48293,Staphylococcus aureus AMR6,ciprofloxacin,Resistant,,,,,,,,,,,SIR XGBoost Model,202503101.0,"F1 score: 0.99, CI[0.98, 1.00]",Computational Method,,,Staphylococcus aureus,Staphylococcus aureus | ciprofloxacin
1280,1280.48296,Staphylococcus aureus AMR26,fusidic acid,Susceptible,,,,,,,,,,,SIR XGBoost Model,202503101.0,"F1 score: 0.97, CI[0.96, 0.98]",Computational Method,,,Staphylococcus aureus,Staphylococcus aureus | fusidic acid
562,562.11254,Escherichia coli AMR0278,cefazolin,Resistant,,,,,,,,,,,SIR XGBoost Model,202503101.0,"F1 score: 0.93, CI[0.86, 0.99]",Computational Method,,,Escherichia coli,Escherichia coli | cefazolin
1280,1280.48295,Staphylococcus aureus AMR28,ciprofloxacin,Resistant,,,,,,,,,,,SIR XGBoost Model,202503101.0,"F1 score: 0.99, CI[0.98, 1.00]",Computational Method,,,Staphylococcus aureus,Staphylococcus aureus | ciprofloxacin
611,611.127,Salmonella enterica subsp. enterica serovar Heidelberg strain AMR588-04-00318,sulfisoxazole,Susceptible,,,,,,,,,,,SIR XGBoost Model,202503101.0,"F1 score: 0.99, CI[0.98, 1.00]",Computational Method,,,Salmonella enterica,Salmonella enterica | sulfisoxazole
562,562.114873,Escherichia coli AMR0279,ceftazidime,Resistant,,,,,,,,,,,SIR XGBoost Model,202503101.0,"F1 score: 0.92, CI[0.90, 0.93]",Computational Method,,,Escherichia coli,Escherichia coli | ceftazidime
611,611.292,Salmonella enterica subsp. enterica serovar Heidelberg strain AMR588-04-00320,ampicillin,Susceptible,,,,,,,,,,,SIR XGBoost Model,202503101.0,"F1 score: 0.93, CI[0.92, 0.93]",Computational Method,,,Salmonella enterica,Salmonella enterica | ampicillin
611,611.292,Salmonella enterica subsp. enterica serovar Heidelberg strain AMR588-04-00320,ciprofloxacin,Susceptible,,,,,,,,,,,SIR XGBoost Model,202503101.0,"F1 score: 0.95, CI[0.93, 0.96]",Computational Method,,,Salmonella enterica,Salmonella enterica | ciprofloxacin
611,611.296,Salmonella enterica subsp. enterica serovar Heidelberg strain AMR588-04-00435,sulfisoxazole,Susceptible,,,,,,,,,,,SIR XGBoost Model,202503101.0,"F1 score: 0.99, CI[0.98, 1.00]",Computational Method,,,Salmonella enterica,Salmonella enterica | sulfisoxazole
611,611.298,Salmonella enterica subsp. enterica serovar Heidelberg strain AMR588-04-00437,gentamicin,Resistant,,,,,,,,,,,SIR XGBoost Model,202503101.0,"F1 score: 0.92, CI[0.89, 0.95]",Computational Method,,,Salmonella enterica,Salmonella enterica | gentamicin
1280,1280.48293,Staphylococcus aureus AMR6,gentamicin,Susceptible,,,,,,,,PATRIC,,,AdaBoost Classifier,,"Accuracy:0.984, F1 score:0.984, AUC:0.980",Computational Method,,,Staphylococcus aureus,Staphylococcus aureus | gentamicin
611,611.116,Salmonella enterica subsp. enterica serovar Heidelberg strain AMR588-04-00437,nalidixic acid,Susceptible,,,,,,,,,,,SIR XGBoost Model,202503101.0,"F1 score: 0.95, CI[0.93, 0.96]",Computational Method,,,Salmonella enterica,Salmonella enterica | nalidixic acid
562,562.11254,Escherichia coli AMR0278,ertapenem,Resistant,,,,,,,,,,,SIR XGBoost Model,202503101.0,"F1 score: 0.92, CI[0.90, 0.95]",Computational Method,,,Escherichia coli,Escherichia coli | ertapenem
573,573.65449,Klebsiella pneumoniae AMR20201034,cefoxitin,Susceptible,,,,,,,,PATRIC,,,AdaBoost Classifier,,"Accuracy:0.805, F1 score:0.796, AUC:0.864",Computational Method,,,Klebsiella pneumoniae,Klebsiella pneumoniae | cefoxitin
1280,1280.48292,Staphylococcus aureus AMR9,daptomycin,Resistant,,,,,,,,,,,SIR XGBoost Model,202503101.0,"F1 score: 0.30, CI[-0.26, 0.85]",Computational Method,,,Staphylococcus aureus,Staphylococcus aureus | daptomycin
1280,1280.48294,Staphylococcus aureus AMR3,fusidic acid,Susceptible,,,,,,,,,,,SIR XGBoost Model,202503101.0,"F1 score: 0.97, CI[0.96, 0.98]",Computational Method,,,Staphylococcus aureus,Staphylococcus aureus | fusidic acid
1280,1280.48295,Staphylococcus aureus AMR28,trimethoprim/sulfamethoxazole,Susceptible,,,,,,,,PATRIC,,,AdaBoost Classifier,,"Accuracy:0.939, F1 score:0.956, AUC:0.974",Computational Method,,,Staphylococcus aureus,Staphylococcus aureus | trimethoprim/sulfamethoxazole
611,611.293,Salmonella enterica subsp. enterica serovar Heidelberg strain AMR588-04-00320,sulfamethoxazole,Susceptible,,,,,,,,,,,SIR XGBoost Model,202503101.0,"F1 score: 0.95, CI[0.93, 0.97]",Computational Method,,,Salmonella enterica,Salmonella enterica | sulfamethoxazole
1280,1280.48288,Staphylococcus aureus AMR8,erythromycin,Resistant,,,,,,,,,,,SIR XGBoost Model,202503101.0,"F1 score: 0.98, CI[0.97, 0.99]",Computational Method,,,Staphylococcus aureus,Staphylococcus aureus | erythromycin
1280,1280.48288,Staphylococcus aureus AMR8,penicillin,Resistant,,,,,,,,PATRIC,,,AdaBoost Classifier,,"Accuracy:0.963, F1 score:0.964, AUC:0.979",Computational Method,,,Staphylococcus aureus,Staphylococcus aureus | penicillin
611,611.296,Salmonella enterica subsp. enterica serovar Heidelberg strain AMR588-04-00435,pefloxacin,Resistant,,,,,,,,,,,SIR XGBoost Model,202503101.0,"F1 score: 0.98, CI[0.96, 1.00]",Computational Method,,,Salmonella enterica,Salmonella enterica | pefloxacin
611,611.294,Salmonella enterica subsp. enterica serovar Heidelberg strain AMR588-04-00320,trimethoprim,Resistant,,,,,,,,,,,SIR XGBoost Model,202503101.0,"F1 score: 0.86, CI[0.78, 0.93]",Computational Method,,,Salmonella enterica,Salmonella enterica | trimethoprim
573,573.65449,Klebsiella pneumoniae AMR20201034,imipenem,Susceptible,,,,,,,,PATRIC,,,AdaBoost Classifier,,"Accuracy:0.931, F1 score:0.935, AUC:0.950",Computational Method,,,Klebsiella pneumoniae,Klebsiella pneumoniae | imipenem
611,611.127,Salmonella enterica subsp. enterica serovar Heidelberg strain AMR588-04-00318,ampicillin,Resistant,,,,,,,,,,,SIR XGBoost Model,202503101.0,"F1 score: 0.93, CI[0.92, 0.93]",Computational Method,,,Salmonella enterica,Salmonella enterica | ampicillin
611,611.298,Salmonella enterica subsp. enterica serovar Heidelberg strain AMR588-04-00437,trimethoprim,Resistant,,,,,,,,,,,SIR XGBoost Model,202503101.0,"F1 score: 0.86, CI[0.78, 0.93]",Computational Method,,,Salmonella enterica,Salmonella enterica | trimethoprim
611,611.114,Salmonella enterica subsp. enterica serovar Heidelberg strain AMR588-04-00320,amoxicillin/clavulanic acid,Resistant,,,,,,,,,,,SIR XGBoost Model,202503101.0,"F1 score: 0.96, CI[0.95, 0.97]",Computational Method,,,Salmonella enterica,Salmonella enterica | amoxicillin/clavulanic acid
611,611.127,Salmonella enterica subsp. enterica serovar Heidelberg strain AMR588-04-00318,kanamycin,Susceptible,,,,,,,,,,,SIR XGBoost Model,202503101.0,"F1 score: 0.86, CI[0.77, 0.95]",Computational Method,,,Salmonella enterica,Salmonella enterica | kanamycin
611,611.293,Salmonella enterica subsp. enterica serovar Heidelberg strain AMR588-04-00320,trimethoprim,Resistant,,,,,,,,,,,SIR XGBoost Model,202503101.0,"F1 score: 0.86, CI[0.78, 0.93]",Computational Method,,,Salmonella enterica,Salmonella enterica | trimethoprim
1280,1280.48292,Staphylococcus aureus AMR9,methicillin,Resistant,,,,,,,,,,,SIR XGBoost Model,202503101.0,"F1 score: 0.99, CI[0.98, 1.00]",Computational Method,,,Staphylococcus aureus,Staphylococcus aureus | methicillin
573,573.62645,Klebsiella pneumoniae AMR180036,aztreonam,Susceptible,,,,,,,,PATRIC,,,AdaBoost Classifier,,"Accuracy:0.680, F1 score:0.752, AUC:0.735",Computational Method,,,Klebsiella pneumoniae,Klebsiella pneumoniae | aztreonam
1280,1280.48296,Staphylococcus aureus AMR26,daptomycin,Resistant,,,,,,,,,,,SIR XGBoost Model,202503101.0,"F1 score: 0.30, CI[-0.26, 0.85]",Computational Method,,,Staphylococcus aureus,Staphylococcus aureus | daptomycin
611,611.111,Salmonella enterica subsp. enterica serovar Heidelberg strain AMR588-04-00435,ceftriaxone,Susceptible,,,,,,,,,,,SIR XGBoost Model,202503101.0,"F1 score: 0.98, CI[0.97, 1.00]",Computational Method,,,Salmonella enterica,Salmonella enterica | ceftriaxone
1280,1280.48305,Staphylococcus aureus AMR1,clindamycin,Susceptible,,,,,,,,,,,SIR XGBoost Model,202503101.0,"F1 score: 0.98, CI[0.97, 1.00]",Computational Method,,,Staphylococcus aureus,Staphylococcus aureus | clindamycin
1352,1352.16767,Enterococcus faecium KU-AMR114,ampicillin,Resistant,,,,,,,,,,,SIR XGBoost Model,202503101.0,"F1 score: 0.98, CI[0.97, 0.98]",Computational Method,,,Enterococcus faecium,Enterococcus faecium | ampicillin
1280,1280.48293,Staphylococcus aureus AMR6,tetracycline,Susceptible,,,,,,,,PATRIC,,,AdaBoost Classifier,,"Accuracy:0.975, F1 score:0.974, AUC:0.986",Computational Method,,,Staphylococcus aureus,Staphylococcus aureus | tetracycline
1280,1280.48296,Staphylococcus aureus AMR26,gentamicin,Susceptible,,,,,,,,,,,SIR XGBoost Model,202503101.0,"F1 score: 0.99, CI[0.99, 1.00]",Computational Method,,,Staphylococcus aureus,Staphylococcus aureus | gentamicin
1352,1352.16767,Enterococcus faecium KU-AMR114,vancomycin,Resistant,,,,,,,,,,,SIR XGBoost Model,202503101.0,"F1 score: 0.97, CI[0.96, 0.98]",Computational Method,,,Enterococcus faecium,Enterococcus faecium | vancomycin
611,611.289,Salmonella enterica subsp. enterica serovar Heidelberg strain AMR588-04-00318,trimethoprim,Resistant,,,,,,,,,,,SIR XGBoost Model,202503101.0,"F1 score: 0.86, CI[0.78, 0.93]",Computational Method,,,Salmonella enterica,Salmonella enterica | trimethoprim
562,562.114875,Escherichia coli AMR0177,ceftriaxone,Resistant,,,,,,,,,,,SIR XGBoost Model,202503101.0,"F1 score: 0.96, CI[0.92, 0.99]",Computational Method,,,Escherichia coli,Escherichia coli | ceftriaxone
562,562.114877,Escherichia coli AMR0264,cefazolin,Resistant,,,,,,,,,,,SIR XGBoost Model,202503101.0,"F1 score: 0.93, CI[0.86, 0.99]",Computational Method,,,Escherichia coli,Escherichia coli | cefazolin
611,611.292,Salmonella enterica subsp. enterica serovar Heidelberg strain AMR588-04-00320,sulfisoxazole,Susceptible,,,,,,,,,,,SIR XGBoost Model,202503101.0,"F1 score: 0.99, CI[0.98, 1.00]",Computational Method,,,Salmonella enterica,Salmonella enterica | sulfisoxazole
573,573.62641,Klebsiella pneumoniae AMR180022,ertapenem,Susceptible,,,,,,,,PATRIC,,,AdaBoost Classifier,,"Accuracy:0.956, F1 score:0.955, AUC:0.972",Computational Method,,,Klebsiella pneumoniae,Klebsiella pneumoniae | ertapenem
573,573.65449,Klebsiella pneumoniae AMR20201034,levofloxacin,Resistant,,,,,,,,PATRIC,,,AdaBoost Classifier,,"Accuracy:0.917, F1 score:0.927, AUC:0.961",Computational Method,,,Klebsiella pneumoniae,Klebsiella pneumoniae | levofloxacin
611,611.127,Salmonella enterica subsp. enterica serovar Heidelberg strain AMR588-04-00318,trimethoprim,Susceptible,,,,,,,,,,,SIR XGBoost Model,202503101.0,"F1 score: 0.86, CI[0.78, 0.93]",Computational Method,,,Salmonella enterica,Salmonella enterica | trimethoprim
611,611.298,Salmonella enterica subsp. enterica serovar Heidelberg strain AMR588-04-00437,trimethoprim/sulfamethoxazole,Susceptible,,,,,,,,,,,SIR XGBoost Model,202503101.0,"F1 score: 0.85, CI[0.82, 0.88]",Computational Method,,,Salmonella enterica,Salmonella enterica | trimethoprim/sulfamethoxazole
611,611.114,Salmonella enterica subsp. enterica serovar Heidelberg strain AMR588-04-00320,ampicillin,Resistant,,,,,,,,,,,SIR XGBoost Model,202503101.0,"F1 score: 0.93, CI[0.92, 0.93]",Computational Method,,,Salmonella enterica,Salmonella enterica | ampicillin
562,562.114875,Escherichia coli AMR0177,nalidixic acid,Resistant,,,,,,,,,,,SIR XGBoost Model,202503101.0,"F1 score: 0.98, CI[0.96, 1.00]",Computational Method,,,Escherichia coli,Escherichia coli | nalidixic acid
1280,1280.48305,Staphylococcus aureus AMR1,ciprofloxacin,Susceptible,,,,,,,,PATRIC,,,AdaBoost Classifier,,"Accuracy:0.977, F1 score:0.980, AUC:0.982",Computational Method,,,Staphylococcus aureus,Staphylococcus aureus | ciprofloxacin
611,611.296,Salmonella enterica subsp. enterica serovar Heidelberg strain AMR588-04-00435,ampicillin,Susceptible,,,,,,,,,,,SIR XGBoost Model,202503101.0,"F1 score: 0.93, CI[0.92, 0.93]",Computational Method,,,Salmonella enterica,Salmonella enterica | ampicillin
611,611.292,Salmonella enterica subsp. enterica serovar Heidelberg strain AMR588-04-00320,streptomycin,Susceptible,,,,,,,,,,,SIR XGBoost Model,202503101.0,"F1 score: 0.94, CI[0.93, 0.96]",Computational Method,,,Salmonella enterica,Salmonella enterica | streptomycin
1280,1280.48295,Staphylococcus aureus AMR28,methicillin,Resistant,,,,,,,,PATRIC,,,AdaBoost Classifier,,"Accuracy:0.989, F1 score:0.989, AUC:0.994",Computational Method,,,Staphylococcus aureus,Staphylococcus aureus | methicillin
611,611.111,Salmonella enterica subsp. enterica serovar Heidelberg strain AMR588-04-00435,cefotaxime,Susceptible,,,,,,,,,,,SIR XGBoost Model,202503101.0,"F1 score: 0.95, CI[0.90, 0.99]",Computational Method,,,Salmonella enterica,Salmonella enterica | cefotaxime
611,611.29,Salmonella enterica subsp. enterica serovar Heidelberg strain AMR588-04-00318,ciprofloxacin,Susceptible,,,,,,,,,,,SIR XGBoost Model,202503101.0,"F1 score: 0.95, CI[0.93, 0.96]",Computational Method,,,Salmonella enterica,Salmonella enterica | ciprofloxacin
562,562.114877,Escherichia coli AMR0264,imipenem,Resistant,,,,,,,,,,,SIR XGBoost Model,202503101.0,"F1 score: 0.96, CI[0.94, 0.98]",Computational Method,,,Escherichia coli,Escherichia coli | imipenem
1280,1280.48294,Staphylococcus aureus AMR3,oxacillin,Resistant,,,,,,,,,,,SIR XGBoost Model,202503101.0,"F1 score: 0.91, CI[0.87, 0.96]",Computational Method,,,Staphylococcus aureus,Staphylococcus aureus | oxacillin
1280,1280.48293,Staphylococcus aureus AMR6,erythromycin,Resistant,,,,,,,,,,,SIR XGBoost Model,202503101.0,"F1 score: 0.98, CI[0.97, 0.99]",Computational Method,,,Staphylococcus aureus,Staphylococcus aureus | erythromycin
1280,1280.48288,Staphylococcus aureus AMR8,ciprofloxacin,Resistant,,,,,,,,,,,SIR XGBoost Model,202503101.0,"F1 score: 0.99, CI[0.98, 1.00]",Computational Method,,,Staphylococcus aureus,Staphylococcus aureus | ciprofloxacin
611,611.114,Salmonella enterica subsp. enterica serovar Heidelberg strain AMR588-04-00320,tetracycline,Susceptible,,,,,,,,,,,SIR XGBoost Model,202503101.0,"F1 score: 0.97, CI[0.96, 0.98]",Computational Method,,,Salmonella enterica,Salmonella enterica | tetracycline
611,611.289,Salmonella enterica subsp. enterica serovar Heidelberg strain AMR588-04-00318,cefoxitin,Susceptible,,,,,,,,,,,SIR XGBoost Model,202503101.0,"F1 score: 0.96, CI[0.93, 0.99]",Computational Method,,,Salmonella enterica,Salmonella enterica | cefoxitin
611,611.29,Salmonella enterica subsp. enterica serovar Heidelberg strain AMR588-04-00318,chloramphenicol,Resistant,,,,,,,,,,,SIR XGBoost Model,202503101.0,"F1 score: 0.90, CI[0.88, 0.91]",Computational Method,,,Salmonella enterica,Salmonella enterica | chloramphenicol
611,611.114,Salmonella enterica subsp. enterica serovar Heidelberg strain AMR588-04-00320,ceftriaxone,Resistant,,,,,,,,,,,SIR XGBoost Model,202503101.0,"F1 score: 0.98, CI[0.97, 1.00]",Computational Method,,,Salmonella enterica,Salmonella enterica | ceftriaxone
562,562.114873,Escherichia coli AMR0279,cefoxitin,Resistant,,,,,,,,,,,SIR XGBoost Model,202503101.0,"F1 score: 0.88, CI[0.83, 0.92]",Computational Method,,,Escherichia coli,Escherichia coli | cefoxitin
562,562.11254,Escherichia coli AMR0278,amoxicillin,Resistant,,,,,,,,,,,SIR XGBoost Model,202503101.0,"F1 score: 0.90, CI[0.87, 0.93]",Computational Method,,,Escherichia coli,Escherichia coli | amoxicillin
611,611.114,Salmonella enterica subsp. enterica serovar Heidelberg strain AMR588-04-00320,kanamycin,Susceptible,,,,,,,,,,,SIR XGBoost Model,202503101.0,"F1 score: 0.86, CI[0.77, 0.95]",Computational Method,,,Salmonella enterica,Salmonella enterica | kanamycin
573,573.65449,Klebsiella pneumoniae AMR20201034,aztreonam,Resistant,,,,,,,,PATRIC,,,AdaBoost Classifier,,"Accuracy:0.680, F1 score:0.752, AUC:0.735",Computational Method,,,Klebsiella pneumoniae,Klebsiella pneumoniae | aztreonam
611,611.116,Salmonella enterica subsp. enterica serovar Heidelberg strain AMR588-04-00437,chloramphenicol,Susceptible,,,,,,,,,,,SIR XGBoost Model,202503101.0,"F1 score: 0.90, CI[0.88, 0.91]",Computational Method,,,Salmonella enterica,Salmonella enterica | chloramphenicol
562,562.114876,Escherichia coli AMR0262,trimethoprim/sulfamethoxazole,Resistant,,,,,,,,,,,SIR XGBoost Model,202503101.0,"F1 score: 0.94, CI[0.94, 0.95]",Computational Method,,,Escherichia coli,Escherichia coli | trimethoprim/sulfamethoxazole
573,573.62641,Klebsiella pneumoniae AMR180022,imipenem,Susceptible,,,,,,,,PATRIC,,,AdaBoost Classifier,,"Accuracy:0.931, F1 score:0.935, AUC:0.950",Computational Method,,,Klebsiella pneumoniae,Klebsiella pneumoniae | imipenem
573,573.62641,Klebsiella pneumoniae AMR180022,trimethoprim/sulfamethoxazole,Resistant,,,,,,,,PATRIC,,,AdaBoost Classifier,,"Accuracy:0.861, F1 score:0.865, AUC:0.930",Computational Method,,,Klebsiella pneumoniae,Klebsiella pneumoniae | trimethoprim/sulfamethoxazole
1280,1280.48305,Staphylococcus aureus AMR1,penicillin,Resistant,,,,,,,,PATRIC,,,AdaBoost Classifier,,"Accuracy:0.963, F1 score:0.964, AUC:0.979",Computational Method,,,Staphylococcus aureus,Staphylococcus aureus | penicillin
1280,1280.48297,Staphylococcus aureus AMR2,cefoxitin,Resistant,,,,,,,,,,,SIR XGBoost Model,202503101.0,"F1 score: 0.97, CI[0.96, 0.99]",Computational Method,,,Staphylococcus aureus,Staphylococcus aureus | cefoxitin
573,573.64652,Klebsiella pneumoniae AMR_MDS_5016,piperacillin/tazobactam,Susceptible,,,,,,,,PATRIC,,,AdaBoost Classifier,,"Accuracy:0.766, F1 score:0.759, AUC:0.825",Computational Method,,,Klebsiella pneumoniae,Klebsiella pneumoniae | piperacillin/tazobactam
1280,1280.48297,Staphylococcus aureus AMR2,erythromycin,Resistant,,,,,,,,,,,SIR XGBoost Model,202503101.0,"F1 score: 0.98, CI[0.97, 0.99]",Computational Method,,,Staphylococcus aureus,Staphylococcus aureus | erythromycin
611,611.127,Salmonella enterica subsp. enterica serovar Heidelberg strain AMR588-04-00318,sulfamethoxazole,Susceptible,,,,,,,,,,,SIR XGBoost Model,202503101.0,"F1 score: 0.95, CI[0.93, 0.97]",Computational Method,,,Salmonella enterica,Salmonella enterica | sulfamethoxazole
1280,1280.48296,Staphylococcus aureus AMR26,ciprofloxacin,Resistant,,,,,,,,,,,SIR XGBoost Model,202503101.0,"F1 score: 0.99, CI[0.98, 1.00]",Computational Method,,,Staphylococcus aureus,Staphylococcus aureus | ciprofloxacin
562,562.114877,Escherichia coli AMR0264,tetracycline,Resistant,,,,,,,,,,,SIR XGBoost Model,202503101.0,"F1 score: 0.93, CI[0.89, 0.97]",Computational Method,,,Escherichia coli,Escherichia coli | tetracycline
562,562.11254,Escherichia coli AMR0278,nalidixic acid,Resistant,,,,,,,,,,,SIR XGBoost Model,202503101.0,"F1 score: 0.98, CI[0.96, 1.00]",Computational Method,,,Escherichia coli,Escherichia coli | nalidixic acid
611,611.294,Salmonella enterica subsp. enterica serovar Heidelberg strain AMR588-04-00320,sulfamethoxazole,Susceptible,,,,,,,,,,,SIR XGBoost Model,202503101.0,"F1 score: 0.95, CI[0.93, 0.97]",Computational Method,,,Salmonella enterica,Salmonella enterica | sulfamethoxazole
1280,1280.48297,Staphylococcus aureus AMR2,ciprofloxacin,Susceptible,,,,,,,,PATRIC,,,AdaBoost Classifier,,"Accuracy:0.977, F1 score:0.980, AUC:0.982",Computational Method,,,Staphylococcus aureus,Staphylococcus aureus | ciprofloxacin
573,573.65449,Klebsiella pneumoniae AMR20201034,tetracycline,Susceptible,,,,,,,,PATRIC,,,AdaBoost Classifier,,"Accuracy:0.795, F1 score:0.794, AUC:0.842",Computational Method,,,Klebsiella pneumoniae,Klebsiella pneumoniae | tetracycline
562,562.114873,Escherichia coli AMR0279,cefazolin,Resistant,,,,,,,,,,,SIR XGBoost Model,202503101.0,"F1 score: 0.93, CI[0.86, 0.99]",Computational Method,,,Escherichia coli,Escherichia coli | cefazolin
573,573.65449,Klebsiella pneumoniae AMR20201034,ciprofloxacin,Resistant,,,,,,,,PATRIC,,,AdaBoost Classifier,,"Accuracy:0.909, F1 score:0.912, AUC:0.947",Computational Method,,,Klebsiella pneumoniae,Klebsiella pneumoniae | ciprofloxacin
1280,1280.48294,Staphylococcus aureus AMR3,cefoxitin,Resistant,,,,,,,,,,,SIR XGBoost Model,202503101.0,"F1 score: 0.97, CI[0.96, 0.99]",Computational Method,,,Staphylococcus aureus,Staphylococcus aureus | cefoxitin
1280,1280.48297,Staphylococcus aureus AMR2,penicillin,Resistant,,,,,,,,PATRIC,,,AdaBoost Classifier,,"Accuracy:0.963, F1 score:0.964, AUC:0.979",Computational Method,,,Staphylococcus aureus,Staphylococcus aureus | penicillin
562,562.114875,Escherichia coli AMR0177,ceftazidime,Resistant,,,,,,,,,,,SIR XGBoost Model,202503101.0,"F1 score: 0.92, CI[0.90, 0.93]",Computational Method,,,Escherichia coli,Escherichia coli | ceftazidime
562,562.138665,Escherichia coli AMR_MDS_5755,chloramphenicol,Susceptible,,,,,,,,,,,SIR XGBoost Model,202503101.0,"F1 score: 0.96, CI[0.93, 0.99]",Computational Method,,,Escherichia coli,Escherichia coli | chloramphenicol
611,611.297,Salmonella enterica subsp. enterica serovar Heidelberg strain AMR588-04-00437,ampicillin,Susceptible,,,,,,,,,,,SIR XGBoost Model,202503101.0,"F1 score: 0.93, CI[0.92, 0.93]",Computational Method,,,Salmonella enterica,Salmonella enterica | ampicillin
611,611.292,Salmonella enterica subsp. enterica serovar Heidelberg strain AMR588-04-00320,nalidixic acid,Resistant,,,,,,,,,,,SIR XGBoost Model,202503101.0,"F1 score: 0.95, CI[0.93, 0.96]",Computational Method,,,Salmonella enterica,Salmonella enterica | nalidixic acid
611,611.291,Salmonella enterica subsp. enterica serovar Heidelberg strain AMR588-04-00318,ceftriaxone,Susceptible,,,,,,,,,,,SIR XGBoost Model,202503101.0,"F1 score: 0.98, CI[0.97, 1.00]",Computational Method,,,Salmonella enterica,Salmonella enterica | ceftriaxone
573,573.62644,Klebsiella pneumoniae AMR200031,amikacin,Resistant,,,,,,,,PATRIC,,,AdaBoost Classifier,,"Accuracy:0.910, F1 score:0.919, AUC:0.947",Computational Method,,,Klebsiella pneumoniae,Klebsiella pneumoniae | amikacin
562,562.138665,Escherichia coli AMR_MDS_5755,ceftriaxone,Susceptible,,,,,,,,,,,SIR XGBoost Model,202503101.0,"F1 score: 0.96, CI[0.92, 0.99]",Computational Method,,,Escherichia coli,Escherichia coli | ceftriaxone
562,562.114873,Escherichia coli AMR0279,levofloxacin,Resistant,,,,,,,,,,,SIR XGBoost Model,202503101.0,"F1 score: 0.97, CI[0.91, 1.02]",Computational Method,,,Escherichia coli,Escherichia coli | levofloxacin
1280,1280.4829,Staphylococcus aureus AMR7,trimethoprim/sulfamethoxazole,Susceptible,,,,,,,,PATRIC,,,AdaBoost Classifier,,"Accuracy:0.939, F1 score:0.956, AUC:0.974",Computational Method,,,Staphylococcus aureus,Staphylococcus aureus | trimethoprim/sulfamethoxazole
562,562.114875,Escherichia coli AMR0177,cefotaxime,Resistant,,,,,,,,,,,SIR XGBoost Model,202503101.0,"F1 score: 0.96, CI[0.96, 0.97]",Computational Method,,,Escherichia coli,Escherichia coli | cefotaxime
611,611.291,Salmonella enterica subsp. enterica serovar Heidelberg strain AMR588-04-00318,trimethoprim/sulfamethoxazole,Susceptible,,,,,,,,,,,SIR XGBoost Model,202503101.0,"F1 score: 0.85, CI[0.82, 0.88]",Computational Method,,,Salmonella enterica,Salmonella enterica | trimethoprim/sulfamethoxazole
562,562.114871,Escherichia coli AMR0265,cefoxitin,Resistant,,,,,,,,,,,SIR XGBoost Model,202503101.0,"F1 score: 0.88, CI[0.83, 0.92]",Computational Method,,,Escherichia coli,Escherichia coli | cefoxitin
611,611.297,Salmonella enterica subsp. enterica serovar Heidelberg strain AMR588-04-00437,streptomycin,Susceptible,,,,,,,,,,,SIR XGBoost Model,202503101.0,"F1 score: 0.94, CI[0.93, 0.96]",Computational Method,,,Salmonella enterica,Salmonella enterica | streptomycin
562,562.114875,Escherichia coli AMR0177,gentamicin,Resistant,,,,,,,,,,,SIR XGBoost Model,202503101.0,"F1 score: 0.96, CI[0.95, 0.97]",Computational Method,,,Escherichia coli,Escherichia coli | gentamicin
562,562.11254,Escherichia coli AMR0278,cefotaxime,Resistant,,,,,,,,,,,SIR XGBoost Model,202503101.0,"F1 score: 0.96, CI[0.96, 0.97]",Computational Method,,,Escherichia coli,Escherichia coli | cefotaxime
611,611.295,Salmonella enterica subsp. enterica serovar Heidelberg strain AMR588-04-00435,sulfamethoxazole,Susceptible,,,,,,,,,,,SIR XGBoost Model,202503101.0,"F1 score: 0.95, CI[0.93, 0.97]",Computational Method,,,Salmonella enterica,Salmonella enterica | sulfamethoxazole
562,562.114876,Escherichia coli AMR0262,norfloxacin,Resistant,,,,,,,,,,,SIR XGBoost Model,202503101.0,"F1 score: 0.96, CI[0.92, 1.01]",Computational Method,,,Escherichia coli,Escherichia coli | norfloxacin
562,562.114876,Escherichia coli AMR0262,gentamicin,Resistant,,,,,,,,,,,SIR XGBoost Model,202503101.0,"F1 score: 0.96, CI[0.95, 0.97]",Computational Method,,,Escherichia coli,Escherichia coli | gentamicin
1280,1280.48293,Staphylococcus aureus AMR6,ciprofloxacin,Susceptible,,,,,,,,PATRIC,,,AdaBoost Classifier,,"Accuracy:0.977, F1 score:0.980, AUC:0.982",Computational Method,,,Staphylococcus aureus,Staphylococcus aureus | ciprofloxacin
611,611.289,Salmonella enterica subsp. enterica serovar Heidelberg strain AMR588-04-00318,nalidixic acid,Resistant,,,,,,,,,,,SIR XGBoost Model,202503101.0,"F1 score: 0.95, CI[0.93, 0.96]",Computational Method,,,Salmonella enterica,Salmonella enterica | nalidixic acid
611,611.294,Salmonella enterica subsp. enterica serovar Heidelberg strain AMR588-04-00320,tetracycline,Susceptible,,,,,,,,,,,SIR XGBoost Model,202503101.0,"F1 score: 0.97, CI[0.96, 0.98]",Computational Method,,,Salmonella enterica,Salmonella enterica | tetracycline
562,562.114876,Escherichia coli AMR0262,cefotaxime,Resistant,,,,,,,,,,,SIR XGBoost Model,202503101.0,"F1 score: 0.96, CI[0.96, 0.97]",Computational Method,,,Escherichia coli,Escherichia coli | cefotaxime
573,573.62642,Klebsiella pneumoniae AMR180026,tetracycline,Resistant,,,,,,,,PATRIC,,,AdaBoost Classifier,,"Accuracy:0.795, F1 score:0.794, AUC:0.842",Computational Method,,,Klebsiella pneumoniae,Klebsiella pneumoniae | tetracycline
1280,1280.483,Staphylococcus aureus AMR11,erythromycin,Resistant,,,,,,,,PATRIC,,,AdaBoost Classifier,,"Accuracy:0.959, F1 score:0.962, AUC:0.981",Computational Method,,,Staphylococcus aureus,Staphylococcus aureus | erythromycin
611,611.292,Salmonella enterica subsp. enterica serovar Heidelberg strain AMR588-04-00320,trimethoprim,Resistant,,,,,,,,,,,SIR XGBoost Model,202503101.0,"F1 score: 0.86, CI[0.78, 0.93]",Computational Method,,,Salmonella enterica,Salmonella enterica | trimethoprim
611,611.111,Salmonella enterica subsp. enterica serovar Heidelberg strain AMR588-04-00435,trimethoprim/sulfamethoxazole,Susceptible,,,,,,,,,,,SIR XGBoost Model,202503101.0,"F1 score: 0.85, CI[0.82, 0.88]",Computational Method,,,Salmonella enterica,Salmonella enterica | trimethoprim/sulfamethoxazole
611,611.114,Salmonella enterica subsp. enterica serovar Heidelberg strain AMR588-04-00320,chloramphenicol,Susceptible,,,,,,,,,,,SIR XGBoost Model,202503101.0,"F1 score: 0.90, CI[0.88, 0.91]",Computational Method,,,Salmonella enterica,Salmonella enterica | chloramphenicol
611,611.292,Salmonella enterica subsp. enterica serovar Heidelberg strain AMR588-04-00320,spectinomycin,Susceptible,,,,,,,,,,,SIR XGBoost Model,202503101.0,"F1 score: 0.94, CI[0.90, 0.98]",Computational Method,,,Salmonella enterica,Salmonella enterica | spectinomycin
562,562.114873,Escherichia coli AMR0279,amoxicillin,Susceptible,,,,,,,,,,,SIR XGBoost Model,202503101.0,"F1 score: 0.90, CI[0.87, 0.93]",Computational Method,,,Escherichia coli,Escherichia coli | amoxicillin
562,562.114873,Escherichia coli AMR0279,ceftriaxone,Resistant,,,,,,,,,,,SIR XGBoost Model,202503101.0,"F1 score: 0.96, CI[0.92, 0.99]",Computational Method,,,Escherichia coli,Escherichia coli | ceftriaxone
573,573.62641,Klebsiella pneumoniae AMR180022,aztreonam,Susceptible,,,,,,,,PATRIC,,,AdaBoost Classifier,,"Accuracy:0.680, F1 score:0.752, AUC:0.735",Computational Method,,,Klebsiella pneumoniae,Klebsiella pneumoniae | aztreonam
573,573.62641,Klebsiella pneumoniae AMR180022,tobramycin,Resistant,,,,,,,,PATRIC,,,AdaBoost Classifier,,"Accuracy:0.882, F1 score:0.889, AUC:0.939",Computational Method,,,Klebsiella pneumoniae,Klebsiella pneumoniae | tobramycin
562,562.114871,Escherichia coli AMR0265,amoxicillin,Resistant,,,,,,,,,,,SIR XGBoost Model,202503101.0,"F1 score: 0.90, CI[0.87, 0.93]",Computational Method,,,Escherichia coli,Escherichia coli | amoxicillin
1280,1280.48292,Staphylococcus aureus AMR9,penicillin,Resistant,,,,,,,,PATRIC,,,AdaBoost Classifier,,"Accuracy:0.963, F1 score:0.964, AUC:0.979",Computational Method,,,Staphylococcus aureus,Staphylococcus aureus | penicillin
562,562.114877,Escherichia coli AMR0264,trimethoprim/sulfamethoxazole,Resistant,,,,,,,,,,,SIR XGBoost Model,202503101.0,"F1 score: 0.94, CI[0.94, 0.95]",Computational Method,,,Escherichia coli,Escherichia coli | trimethoprim/sulfamethoxazole
1280,1280.48305,Staphylococcus aureus AMR1,trimethoprim/sulfamethoxazole,Susceptible,,,,,,,,,,,SIR XGBoost Model,202503101.0,"F1 score: 0.94, CI[0.89, 0.98]",Computational Method,,,Staphylococcus aureus,Staphylococcus aureus | trimethoprim/sulfamethoxazole
562,562.114876,Escherichia coli AMR0262,cefepime,Resistant,,,,,,,,,,,SIR XGBoost Model,202503101.0,"F1 score: 0.88, CI[0.84, 0.92]",Computational Method,,,Escherichia coli,Escherichia coli | cefepime
611,611.127,Salmonella enterica subsp. enterica serovar Heidelberg strain AMR588-04-00318,cefoxitin,Resistant,,,,,,,,,,,SIR XGBoost Model,202503101.0,"F1 score: 0.96, CI[0.93, 0.99]",Computational Method,,,Salmonella enterica,Salmonella enterica | cefoxitin
573,573.62644,Klebsiella pneumoniae AMR200031,tobramycin,Susceptible,,,,,,,,PATRIC,,,AdaBoost Classifier,,"Accuracy:0.882, F1 score:0.889, AUC:0.939",Computational Method,,,Klebsiella pneumoniae,Klebsiella pneumoniae | tobramycin
562,562.11254,Escherichia coli AMR0278,chloramphenicol,Susceptible,,,,,,,,,,,SIR XGBoost Model,202503101.0,"F1 score: 0.96, CI[0.93, 0.99]",Computational Method,,,Escherichia coli,Escherichia coli | chloramphenicol
1280,1280.4829,Staphylococcus aureus AMR7,ciprofloxacin,Susceptible,,,,,,,,PATRIC,,,AdaBoost Classifier,,"Accuracy:0.977, F1 score:0.980, AUC:0.982",Computational Method,,,Staphylococcus aureus,Staphylococcus aureus | ciprofloxacin
573,573.62641,Klebsiella pneumoniae AMR180022,gentamicin,Resistant,,,,,,,,PATRIC,,,AdaBoost Classifier,,"Accuracy:0.863, F1 score:0.863, AUC:0.930",Computational Method,,,Klebsiella pneumoniae,Klebsiella pneumoniae | gentamicin
562,562.138665,Escherichia coli AMR_MDS_5755,streptomycin,Resistant,,,,,,,,,,,SIR XGBoost Model,202503101.0,"F1 score: 0.96, CI[0.90, 1.02]",Computational Method,,,Escherichia coli,Escherichia coli | streptomycin
611,611.291,Salmonella enterica subsp. enterica serovar Heidelberg strain AMR588-04-00318,cefotaxime,Susceptible,,,,,,,,,,,SIR XGBoost Model,202503101.0,"F1 score: 0.95, CI[0.90, 0.99]",Computational Method,,,Salmonella enterica,Salmonella enterica | cefotaxime
611,611.114,Salmonella enterica subsp. enterica serovar Heidelberg strain AMR588-04-00320,cefotaxime,Susceptible,,,,,,,,,,,SIR XGBoost Model,202503101.0,"F1 score: 0.95, CI[0.90, 0.99]",Computational Method,,,Salmonella enterica,Salmonella enterica | cefotaxime
611,611.111,Salmonella enterica subsp. enterica serovar Heidelberg strain AMR588-04-00435,tetracycline,Susceptible,,,,,,,,,,,SIR XGBoost Model,202503101.0,"F1 score: 0.97, CI[0.96, 0.98]",Computational Method,,,Salmonella enterica,Salmonella enterica | tetracycline
1280,1280.48295,Staphylococcus aureus AMR28,clindamycin,Susceptible,,,,,,,,PATRIC,,,AdaBoost Classifier,,"Accuracy:0.963, F1 score:0.965, AUC:0.977",Computational Method,,,Staphylococcus aureus,Staphylococcus aureus | clindamycin
562,562.114873,Escherichia coli AMR0279,cefotaxime,Resistant,,,,,,,,,,,SIR XGBoost Model,202503101.0,"F1 score: 0.96, CI[0.96, 0.97]",Computational Method,,,Escherichia coli,Escherichia coli | cefotaxime
1280,1280.48305,Staphylococcus aureus AMR1,gentamicin,Susceptible,,,,,,,,PATRIC,,,AdaBoost Classifier,,"Accuracy:0.984, F1 score:0.984, AUC:0.980",Computational Method,,,Staphylococcus aureus,Staphylococcus aureus | gentamicin
562,562.114873,Escherichia coli AMR0279,piperacillin/tazobactam,Resistant,,,,,,,,,,,SIR XGBoost Model,202503101.0,"F1 score: 0.80, CI[0.78, 0.82]",Computational Method,,,Escherichia coli,Escherichia coli | piperacillin/tazobactam
562,562.138665,Escherichia coli AMR_MDS_5755,ceftiofur,Susceptible,,,,,,,,,,,SIR XGBoost Model,202503101.0,"F1 score: 0.97, CI[0.88, 1.06]",Computational Method,,,Escherichia coli,Escherichia coli | ceftiofur
562,562.114876,Escherichia coli AMR0262,piperacillin/tazobactam,Resistant,,,,,,,,,,,SIR XGBoost Model,202503101.0,"F1 score: 0.80, CI[0.78, 0.82]",Computational Method,,,Escherichia coli,Escherichia coli | piperacillin/tazobactam
611,611.294,Salmonella enterica subsp. enterica serovar Heidelberg strain AMR588-04-00320,ampicillin,Resistant,,,,,,,,,,,SIR XGBoost Model,202503101.0,"F1 score: 0.93, CI[0.92, 0.93]",Computational Method,,,Salmonella enterica,Salmonella enterica | ampicillin
562,562.138665,Escherichia coli AMR_MDS_5755,tetracycline,Susceptible,,,,,,,,,,,SIR XGBoost Model,202503101.0,"F1 score: 0.93, CI[0.89, 0.97]",Computational Method,,,Escherichia coli,Escherichia coli | tetracycline
562,562.114873,Escherichia coli AMR0279,ampicillin/sulbactam,Resistant,,,,,,,,,,,SIR XGBoost Model,202503101.0,"F1 score: 0.88, CI[0.79, 0.98]",Computational Method,,,Escherichia coli,Escherichia coli | ampicillin/sulbactam
1280,1280.48305,Staphylococcus aureus AMR1,penicillin,Resistant,,,,,,,,,,,SIR XGBoost Model,202503101.0,"F1 score: 0.94, CI[0.91, 0.98]",Computational Method,,,Staphylococcus aureus,Staphylococcus aureus | penicillin
562,562.114875,Escherichia coli AMR0177,ampicillin,Resistant,,,,,,,,,,,SIR XGBoost Model,202503101.0,"F1 score: 0.94, CI[0.93, 0.96]",Computational Method,,,Escherichia coli,Escherichia coli | ampicillin
1280,1280.483,Staphylococcus aureus AMR11,erythromycin,Resistant,,,,,,,,,,,SIR XGBoost Model,202503101.0,"F1 score: 0.98, CI[0.97, 0.99]",Computational Method,,,Staphylococcus aureus,Staphylococcus aureus | erythromycin
562,562.11254,Escherichia coli AMR0278,gentamicin,Resistant,,,,,,,,,,,SIR XGBoost Model,202503101.0,"F1 score: 0.96, CI[0.95, 0.97]",Computational Method,,,Escherichia coli,Escherichia coli | gentamicin
611,611.297,Salmonella enterica subsp. enterica serovar Heidelberg strain AMR588-04-00437,ceftriaxone,Susceptible,,,,,,,,,,,SIR XGBoost Model,202503101.0,"F1 score: 0.98, CI[0.97, 1.00]",Computational Method,,,Salmonella enterica,Salmonella enterica | ceftriaxone
611,611.293,Salmonella enterica subsp. enterica serovar Heidelberg strain AMR588-04-00320,pefloxacin,Resistant,,,,,,,,,,,SIR XGBoost Model,202503101.0,"F1 score: 0.98, CI[0.96, 1.00]",Computational Method,,,Salmonella enterica,Salmonella enterica | pefloxacin
562,562.114877,Escherichia coli AMR0264,chloramphenicol,Resistant,,,,,,,,,,,SIR XGBoost Model,202503101.0,"F1 score: 0.96, CI[0.93, 0.99]",Computational Method,,,Escherichia coli,Escherichia coli | chloramphenicol
611,611.297,Salmonella enterica subsp. enterica serovar Heidelberg strain AMR588-04-00437,tetracycline,Susceptible,,,,,,,,,,,SIR XGBoost Model,202503101.0,"F1 score: 0.97, CI[0.96, 0.98]",Computational Method,,,Salmonella enterica,Salmonella enterica | tetracycline
611,611.114,Salmonella enterica subsp. enterica serovar Heidelberg strain AMR588-04-00320,azithromycin,Susceptible,,,,,,,,,,,SIR XGBoost Model,202503101.0,"F1 score: 0.92, CI[0.87, 0.98]",Computational Method,,,Salmonella enterica,Salmonella enterica | azithromycin
1280,1280.48297,Staphylococcus aureus AMR2,gentamicin,Susceptible,,,,,,,,PATRIC,,,AdaBoost Classifier,,"Accuracy:0.984, F1 score:0.984, AUC:0.980",Computational Method,,,Staphylococcus aureus,Staphylococcus aureus | gentamicin
562,562.114873,Escherichia coli AMR0279,sulfamethoxazole,Resistant,,,,,,,,,,,SIR XGBoost Model,202503101.0,"F1 score: 0.93, CI[0.88, 0.99]",Computational Method,,,Escherichia coli,Escherichia coli | sulfamethoxazole
1280,1280.48297,Staphylococcus aureus AMR2,methicillin,Resistant,,,,,,,,PATRIC,,,AdaBoost Classifier,,"Accuracy:0.989, F1 score:0.989, AUC:0.994",Computational Method,,,Staphylococcus aureus,Staphylococcus aureus | methicillin
573,573.62642,Klebsiella pneumoniae AMR180026,amikacin,Resistant,,,,,,,,PATRIC,,,AdaBoost Classifier,,"Accuracy:0.910, F1 score:0.919, AUC:0.947",Computational Method,,,Klebsiella pneumoniae,Klebsiella pneumoniae | amikacin
1280,1280.48288,Staphylococcus aureus AMR8,gentamicin,Susceptible,,,,,,,,,,,SIR XGBoost Model,202503101.0,"F1 score: 0.99, CI[0.99, 1.00]",Computational Method,,,Staphylococcus aureus,Staphylococcus aureus | gentamicin
573,573.62644,Klebsiella pneumoniae AMR200031,trimethoprim/sulfamethoxazole,Resistant,,,,,,,,PATRIC,,,AdaBoost Classifier,,"Accuracy:0.861, F1 score:0.865, AUC:0.930",Computational Method,,,Klebsiella pneumoniae,Klebsiella pneumoniae | trimethoprim/sulfamethoxazole
562,562.114871,Escherichia coli AMR0265,chloramphenicol,Susceptible,,,,,,,,,,,SIR XGBoost Model,202503101.0,"F1 score: 0.96, CI[0.93, 0.99]",Computational Method,,,Escherichia coli,Escherichia coli | chloramphenicol
611,611.298,Salmonella enterica subsp. enterica serovar Heidelberg strain AMR588-04-00437,ceftiofur,Susceptible,,,,,,,,,,,SIR XGBoost Model,202503101.0,"F1 score: 0.98, CI[0.97, 1.00]",Computational Method,,,Salmonella enterica,Salmonella enterica | ceftiofur
611,611.127,Salmonella enterica subsp. enterica serovar Heidelberg strain AMR588-04-00318,nalidixic acid,Susceptible,,,,,,,,,,,SIR XGBoost Model,202503101.0,"F1 score: 0.95, CI[0.93, 0.96]",Computational Method,,,Salmonella enterica,Salmonella enterica | nalidixic acid
562,562.138665,Escherichia coli AMR_MDS_5755,levofloxacin,Susceptible,,,,,,,,,,,SIR XGBoost Model,202503101.0,"F1 score: 0.97, CI[0.91, 1.02]",Computational Method,,,Escherichia coli,Escherichia coli | levofloxacin
1280,1280.483,Staphylococcus aureus AMR11,cefoxitin,Resistant,,,,,,,,,,,SIR XGBoost Model,202503101.0,"F1 score: 0.97, CI[0.96, 0.99]",Computational Method,,,Staphylococcus aureus,Staphylococcus aureus | cefoxitin
562,562.114871,Escherichia coli AMR0265,sulfamethoxazole,Resistant,,,,,,,,,,,SIR XGBoost Model,202503101.0,"F1 score: 0.93, CI[0.88, 0.99]",Computational Method,,,Escherichia coli,Escherichia coli | sulfamethoxazole
611,611.111,Salmonella enterica subsp. enterica serovar Heidelberg strain AMR588-04-00435,nalidixic acid,Susceptible,,,,,,,,,,,SIR XGBoost Model,202503101.0,"F1 score: 0.95, CI[0.93, 0.96]",Computational Method,,,Salmonella enterica,Salmonella enterica | nalidixic acid
611,611.297,Salmonella enterica subsp. enterica serovar Heidelberg strain AMR588-04-00437,cefoxitin,Susceptible,,,,,,,,,,,SIR XGBoost Model,202503101.0,"F1 score: 0.96, CI[0.93, 0.99]",Computational Method,,,Salmonella enterica,Salmonella enterica | cefoxitin
611,611.116,Salmonella enterica subsp. enterica serovar Heidelberg strain AMR588-04-00437,sulfisoxazole,Susceptible,,,,,,,,,,,SIR XGBoost Model,202503101.0,"F1 score: 0.99, CI[0.98, 1.00]",Computational Method,,,Salmonella enterica,Salmonella enterica | sulfisoxazole
562,562.114871,Escherichia coli AMR0265,ampicillin,Resistant,,,,,,,,,,,SIR XGBoost Model,202503101.0,"F1 score: 0.94, CI[0.93, 0.96]",Computational Method,,,Escherichia coli,Escherichia coli | ampicillin
1280,1280.48305,Staphylococcus aureus AMR1,erythromycin,Resistant,,,,,,,,,,,SIR XGBoost Model,202503101.0,"F1 score: 0.98, CI[0.97, 0.99]",Computational Method,,,Staphylococcus aureus,Staphylococcus aureus | erythromycin
562,562.114871,Escherichia coli AMR0265,nalidixic acid,Resistant,,,,,,,,,,,SIR XGBoost Model,202503101.0,"F1 score: 0.98, CI[0.96, 1.00]",Computational Method,,,Escherichia coli,Escherichia coli | nalidixic acid
562,562.114871,Escherichia coli AMR0265,ciprofloxacin,Resistant,,,,,,,,,,,SIR XGBoost Model,202503101.0,"F1 score: 0.98, CI[0.97, 0.98]",Computational Method,,,Escherichia coli,Escherichia coli | ciprofloxacin
611,611.116,Salmonella enterica subsp. enterica serovar Heidelberg strain AMR588-04-00437,kanamycin,Susceptible,,,,,,,,,,,SIR XGBoost Model,202503101.0,"F1 score: 0.86, CI[0.77, 0.95]",Computational Method,,,Salmonella enterica,Salmonella enterica | kanamycin
611,611.29,Salmonella enterica subsp. enterica serovar Heidelberg strain AMR588-04-00318,tetracycline,Susceptible,,,,,,,,,,,SIR XGBoost Model,202503101.0,"F1 score: 0.97, CI[0.96, 0.98]",Computational Method,,,Salmonella enterica,Salmonella enterica | tetracycline
562,562.114877,Escherichia coli AMR0264,doxycycline,Resistant,,,,,,,,,,,SIR XGBoost Model,202503101.0,"F1 score: 0.87, CI[0.80, 0.95]",Computational Method,,,Escherichia coli,Escherichia coli | doxycycline
611,611.116,Salmonella enterica subsp. enterica serovar Heidelberg strain AMR588-04-00437,amoxicillin/clavulanic acid,Susceptible,,,,,,,,,,,SIR XGBoost Model,202503101.0,"F1 score: 0.96, CI[0.95, 0.97]",Computational Method,,,Salmonella enterica,Salmonella enterica | amoxicillin/clavulanic acid
1352,1352.16769,Enterococcus faecium KU-AMR0098,ampicillin,Resistant,,,,,,,,,,,SIR XGBoost Model,202503101.0,"F1 score: 0.98, CI[0.97, 0.98]",Computational Method,,,Enterococcus faecium,Enterococcus faecium | ampicillin
573,573.62645,Klebsiella pneumoniae AMR180036,levofloxacin,Resistant,,,,,,,,PATRIC,,,AdaBoost Classifier,,"Accuracy:0.917, F1 score:0.927, AUC:0.961",Computational Method,,,Klebsiella pneumoniae,Klebsiella pneumoniae | levofloxacin
1280,1280.4829,Staphylococcus aureus AMR7,gentamicin,Susceptible,,,,,,,,PATRIC,,,AdaBoost Classifier,,"Accuracy:0.984, F1 score:0.984, AUC:0.980",Computational Method,,,Staphylococcus aureus,Staphylococcus aureus | gentamicin
562,562.114877,Escherichia coli AMR0264,levofloxacin,Resistant,,,,,,,,,,,SIR XGBoost Model,202503101.0,"F1 score: 0.97, CI[0.91, 1.02]",Computational Method,,,Escherichia coli,Escherichia coli | levofloxacin
611,611.114,Salmonella enterica subsp. enterica serovar Heidelberg strain AMR588-04-00320,sulfisoxazole,Susceptible,,,,,,,,,,,SIR XGBoost Model,202503101.0,"F1 score: 0.99, CI[0.98, 1.00]",Computational Method,,,Salmonella enterica,Salmonella enterica | sulfisoxazole
573,573.62644,Klebsiella pneumoniae AMR200031,gentamicin,Susceptible,,,,,,,,PATRIC,,,AdaBoost Classifier,,"Accuracy:0.863, F1 score:0.863, AUC:0.930",Computational Method,,,Klebsiella pneumoniae,Klebsiella pneumoniae | gentamicin
573,573.62644,Klebsiella pneumoniae AMR200031,ciprofloxacin,Resistant,,,,,,,,PATRIC,,,AdaBoost Classifier,,"Accuracy:0.909, F1 score:0.912, AUC:0.947",Computational Method,,,Klebsiella pneumoniae,Klebsiella pneumoniae | ciprofloxacin
611,611.127,Salmonella enterica subsp. enterica serovar Heidelberg strain AMR588-04-00318,spectinomycin,Susceptible,,,,,,,,,,,SIR XGBoost Model,202503101.0,"F1 score: 0.94, CI[0.90, 0.98]",Computational Method,,,Salmonella enterica,Salmonella enterica | spectinomycin
1280,1280.48297,Staphylococcus aureus AMR2,methicillin,Resistant,,,,,,,,,,,SIR XGBoost Model,202503101.0,"F1 score: 0.99, CI[0.98, 1.00]",Computational Method,,,Staphylococcus aureus,Staphylococcus aureus | methicillin
611,611.291,Salmonella enterica subsp. enterica serovar Heidelberg strain AMR588-04-00318,ampicillin,Susceptible,,,,,,,,,,,SIR XGBoost Model,202503101.0,"F1 score: 0.93, CI[0.92, 0.93]",Computational Method,,,Salmonella enterica,Salmonella enterica | ampicillin
562,562.114873,Escherichia coli AMR0279,doxycycline,Susceptible,,,,,,,,,,,SIR XGBoost Model,202503101.0,"F1 score: 0.87, CI[0.80, 0.95]",Computational Method,,,Escherichia coli,Escherichia coli | doxycycline
1280,1280.48293,Staphylococcus aureus AMR6,tetracycline,Susceptible,,,,,,,,,,,SIR XGBoost Model,202503101.0,"F1 score: 0.98, CI[0.97, 1.00]",Computational Method,,,Staphylococcus aureus,Staphylococcus aureus | tetracycline
611,611.297,Salmonella enterica subsp. enterica serovar Heidelberg strain AMR588-04-00437,trimethoprim,Resistant,,,,,,,,,,,SIR XGBoost Model,202503101.0,"F1 score: 0.86, CI[0.78, 0.93]",Computational Method,,,Salmonella enterica,Salmonella enterica | trimethoprim
1280,1280.48293,Staphylococcus aureus AMR6,fusidic acid,Susceptible,,,,,,,,,,,SIR XGBoost Model,202503101.0,"F1 score: 0.97, CI[0.96, 0.98]",Computational Method,,,Staphylococcus aureus,Staphylococcus aureus | fusidic acid
1280,1280.48293,Staphylococcus aureus AMR6,clindamycin,Susceptible,,,,,,,,PATRIC,,,AdaBoost Classifier,,"Accuracy:0.963, F1 score:0.965, AUC:0.977",Computational Method,,,Staphylococcus aureus,Staphylococcus aureus | clindamycin
1280,1280.483,Staphylococcus aureus AMR11,ciprofloxacin,Resistant,,,,,,,,,,,SIR XGBoost Model,202503101.0,"F1 score: 0.99, CI[0.98, 1.00]",Computational Method,,,Staphylococcus aureus,Staphylococcus aureus | ciprofloxacin
611,611.296,Salmonella enterica subsp. enterica serovar Heidelberg strain AMR588-04-00435,spectinomycin,Susceptible,,,,,,,,,,,SIR XGBoost Model,202503101.0,"F1 score: 0.94, CI[0.90, 0.98]",Computational Method,,,Salmonella enterica,Salmonella enterica | spectinomycin
611,611.127,Salmonella enterica subsp. enterica serovar Heidelberg strain AMR588-04-00318,pefloxacin,Susceptible,,,,,,,,,,,SIR XGBoost Model,202503101.0,"F1 score: 0.98, CI[0.96, 1.00]",Computational Method,,,Salmonella enterica,Salmonella enterica | pefloxacin
611,611.294,Salmonella enterica subsp. enterica serovar Heidelberg strain AMR588-04-00320,spectinomycin,Susceptible,,,,,,,,,,,SIR XGBoost Model,202503101.0,"F1 score: 0.94, CI[0.90, 0.98]",Computational Method,,,Salmonella enterica,Salmonella enterica | spectinomycin
562,562.114875,Escherichia coli AMR0177,cefalothin,Resistant,,,,,,,,,,,SIR XGBoost Model,202503101.0,"F1 score: 0.92, CI[0.89, 0.96]",Computational Method,,,Escherichia coli,Escherichia coli | cefalothin
573,573.64652,Klebsiella pneumoniae AMR_MDS_5016,cefepime,Susceptible,,,,,,,,PATRIC,,,AdaBoost Classifier,,"Accuracy:0.697, F1 score:0.704, AUC:0.745",Computational Method,,,Klebsiella pneumoniae,Klebsiella pneumoniae | cefepime
1280,1280.48294,Staphylococcus aureus AMR3,penicillin,Resistant,,,,,,,,,,,SIR XGBoost Model,202503101.0,"F1 score: 0.94, CI[0.91, 0.98]",Computational Method,,,Staphylococcus aureus,Staphylococcus aureus | penicillin
1280,1280.48293,Staphylococcus aureus AMR6,cefoxitin,Resistant,,,,,,,,,,,SIR XGBoost Model,202503101.0,"F1 score: 0.97, CI[0.96, 0.99]",Computational Method,,,Staphylococcus aureus,Staphylococcus aureus | cefoxitin
562,562.114877,Escherichia coli AMR0264,trimethoprim,Resistant,,,,,,,,,,,SIR XGBoost Model,202503101.0,"F1 score: 0.94, CI[0.91, 0.97]",Computational Method,,,Escherichia coli,Escherichia coli | trimethoprim
1280,1280.48297,Staphylococcus aureus AMR2,fusidic acid,Resistant,,,,,,,,,,,SIR XGBoost Model,202503101.0,"F1 score: 0.97, CI[0.96, 0.98]",Computational Method,,,Staphylococcus aureus,Staphylococcus aureus | fusidic acid
1280,1280.48296,Staphylococcus aureus AMR26,tetracycline,Susceptible,,,,,,,,,,,SIR XGBoost Model,202503101.0,"F1 score: 0.98, CI[0.97, 1.00]",Computational Method,,,Staphylococcus aureus,Staphylococcus aureus | tetracycline
611,611.29,Salmonella enterica subsp. enterica serovar Heidelberg strain AMR588-04-00318,ceftriaxone,Resistant,,,,,,,,,,,SIR XGBoost Model,202503101.0,"F1 score: 0.98, CI[0.97, 1.00]",Computational Method,,,Salmonella enterica,Salmonella enterica | ceftriaxone
573,573.62644,Klebsiella pneumoniae AMR200031,levofloxacin,Resistant,,,,,,,,PATRIC,,,AdaBoost Classifier,,"Accuracy:0.917, F1 score:0.927, AUC:0.961",Computational Method,,,Klebsiella pneumoniae,Klebsiella pneumoniae | levofloxacin
1280,1280.48288,Staphylococcus aureus AMR8,methicillin,Resistant,,,,,,,,,,,SIR XGBoost Model,202503101.0,"F1 score: 0.99, CI[0.98, 1.00]",Computational Method,,,Staphylococcus aureus,Staphylococcus aureus | methicillin
562,562.114877,Escherichia coli AMR0264,cefoxitin,Resistant,,,,,,,,,,,SIR XGBoost Model,202503101.0,"F1 score: 0.88, CI[0.83, 0.92]",Computational Method,,,Escherichia coli,Escherichia coli | cefoxitin
611,611.116,Salmonella enterica subsp. enterica serovar Heidelberg strain AMR588-04-00437,azithromycin,Susceptible,,,,,,,,,,,SIR XGBoost Model,202503101.0,"F1 score: 0.92, CI[0.87, 0.98]",Computational Method,,,Salmonella enterica,Salmonella enterica | azithromycin
562,562.114875,Escherichia coli AMR0177,doxycycline,Resistant,,,,,,,,,,,SIR XGBoost Model,202503101.0,"F1 score: 0.87, CI[0.80, 0.95]",Computational Method,,,Escherichia coli,Escherichia coli | doxycycline
562,562.114877,Escherichia coli AMR0264,amoxicillin,Resistant,,,,,,,,,,,SIR XGBoost Model,202503101.0,"F1 score: 0.90, CI[0.87, 0.93]",Computational Method,,,Escherichia coli,Escherichia coli | amoxicillin
1280,1280.48293,Staphylococcus aureus AMR6,oxacillin,Resistant,,,,,,,,,,,SIR XGBoost Model,202503101.0,"F1 score: 0.91, CI[0.87, 0.96]",Computational Method,,,Staphylococcus aureus,Staphylococcus aureus | oxacillin
611,611.297,Salmonella enterica subsp. enterica serovar Heidelberg strain AMR588-04-00437,spectinomycin,Susceptible,,,,,,,,,,,SIR XGBoost Model,202503101.0,"F1 score: 0.94, CI[0.90, 0.98]",Computational Method,,,Salmonella enterica,Salmonella enterica | spectinomycin
1280,1280.4829,Staphylococcus aureus AMR7,daptomycin,Resistant,,,,,,,,,,,SIR XGBoost Model,202503101.0,"F1 score: 0.30, CI[-0.26, 0.85]",Computational Method,,,Staphylococcus aureus,Staphylococcus aureus | daptomycin
611,611.29,Salmonella enterica subsp. enterica serovar Heidelberg strain AMR588-04-00318,ceftiofur,Resistant,,,,,,,,,,,SIR XGBoost Model,202503101.0,"F1 score: 0.98, CI[0.97, 1.00]",Computational Method,,,Salmonella enterica,Salmonella enterica | ceftiofur
1280,1280.48295,Staphylococcus aureus AMR28,oxacillin,Resistant,,,,,,,,,,,SIR XGBoost Model,202503101.0,"F1 score: 0.91, CI[0.87, 0.96]",Computational Method,,,Staphylococcus aureus,Staphylococcus aureus | oxacillin
611,611.293,Salmonella enterica subsp. enterica serovar Heidelberg strain AMR588-04-00320,azithromycin,Susceptible,,,,,,,,,,,SIR XGBoost Model,202503101.0,"F1 score: 0.92, CI[0.87, 0.98]",Computational Method,,,Salmonella enterica,Salmonella enterica | azithromycin
562,562.114876,Escherichia coli AMR0262,doxycycline,Resistant,,,,,,,,,,,SIR XGBoost Model,202503101.0,"F1 score: 0.87, CI[0.80, 0.95]",Computational Method,,,Escherichia coli,Escherichia coli | doxycycline
562,562.114877,Escherichia coli AMR0264,meropenem,Resistant,,,,,,,,,,,SIR XGBoost Model,202503101.0,"F1 score: 0.76, CI[0.68, 0.84]",Computational Method,,,Escherichia coli,Escherichia coli | meropenem
1280,1280.48296,Staphylococcus aureus AMR26,tetracycline,Susceptible,,,,,,,,PATRIC,,,AdaBoost Classifier,,"Accuracy:0.975, F1 score:0.974, AUC:0.986",Computational Method,,,Staphylococcus aureus,Staphylococcus aureus | tetracycline
562,562.138665,Escherichia coli AMR_MDS_5755,imipenem,Susceptible,,,,,,,,,,,SIR XGBoost Model,202503101.0,"F1 score: 0.96, CI[0.94, 0.98]",Computational Method,,,Escherichia coli,Escherichia coli | imipenem
562,562.11254,Escherichia coli AMR0278,ampicillin/sulbactam,Resistant,,,,,,,,,,,SIR XGBoost Model,202503101.0,"F1 score: 0.88, CI[0.79, 0.98]",Computational Method,,,Escherichia coli,Escherichia coli | ampicillin/sulbactam
562,562.114876,Escherichia coli AMR0262,streptomycin,Resistant,,,,,,,,,,,SIR XGBoost Model,202503101.0,"F1 score: 0.96, CI[0.90, 1.02]",Computational Method,,,Escherichia coli,Escherichia coli | streptomycin
562,562.114871,Escherichia coli AMR0265,doxycycline,Resistant,,,,,,,,,,,SIR XGBoost Model,202503101.0,"F1 score: 0.87, CI[0.80, 0.95]",Computational Method,,,Escherichia coli,Escherichia coli | doxycycline
1280,1280.48292,Staphylococcus aureus AMR9,erythromycin,Resistant,,,,,,,,PATRIC,,,AdaBoost Classifier,,"Accuracy:0.959, F1 score:0.962, AUC:0.981",Computational Method,,,Staphylococcus aureus,Staphylococcus aureus | erythromycin
611,611.127,Salmonella enterica subsp. enterica serovar Heidelberg strain AMR588-04-00318,tetracycline,Susceptible,,,,,,,,,,,SIR XGBoost Model,202503101.0,"F1 score: 0.97, CI[0.96, 0.98]",Computational Method,,,Salmonella enterica,Salmonella enterica | tetracycline
611,611.295,Salmonella enterica subsp. enterica serovar Heidelberg strain AMR588-04-00435,ceftiofur,Susceptible,,,,,,,,,,,SIR XGBoost Model,202503101.0,"F1 score: 0.98, CI[0.97, 1.00]",Computational Method,,,Salmonella enterica,Salmonella enterica | ceftiofur
611,611.111,Salmonella enterica subsp. enterica serovar Heidelberg strain AMR588-04-00435,spectinomycin,Susceptible,,,,,,,,,,,SIR XGBoost Model,202503101.0,"F1 score: 0.94, CI[0.90, 0.98]",Computational Method,,,Salmonella enterica,Salmonella enterica | spectinomycin
573,573.62641,Klebsiella pneumoniae AMR180022,meropenem,Susceptible,,,,,,,,PATRIC,,,AdaBoost Classifier,,"Accuracy:0.916, F1 score:0.922, AUC:0.949",Computational Method,,,Klebsiella pneumoniae,Klebsiella pneumoniae | meropenem
1280,1280.48293,Staphylococcus aureus AMR6,trimethoprim/sulfamethoxazole,Susceptible,,,,,,,,,,,SIR XGBoost Model,202503101.0,"F1 score: 0.94, CI[0.89, 0.98]",Computational Method,,,Staphylococcus aureus,Staphylococcus aureus | trimethoprim/sulfamethoxazole
611,611.111,Salmonella enterica subsp. enterica serovar Heidelberg strain AMR588-04-00435,ceftiofur,Susceptible,,,,,,,,,,,SIR XGBoost Model,202503101.0,"F1 score: 0.98, CI[0.97, 1.00]",Computational Method,,,Salmonella enterica,Salmonella enterica | ceftiofur
562,562.114877,Escherichia coli AMR0264,nalidixic acid,Resistant,,,,,,,,,,,SIR XGBoost Model,202503101.0,"F1 score: 0.98, CI[0.96, 1.00]",Computational Method,,,Escherichia coli,Escherichia coli | nalidixic acid
562,562.11254,Escherichia coli AMR0278,ceftiofur,Resistant,,,,,,,,,,,SIR XGBoost Model,202503101.0,"F1 score: 0.97, CI[0.88, 1.06]",Computational Method,,,Escherichia coli,Escherichia coli | ceftiofur
611,611.111,Salmonella enterica subsp. enterica serovar Heidelberg strain AMR588-04-00435,amoxicillin/clavulanic acid,Susceptible,,,,,,,,,,,SIR XGBoost Model,202503101.0,"F1 score: 0.96, CI[0.95, 0.97]",Computational Method,,,Salmonella enterica,Salmonella enterica | amoxicillin/clavulanic acid
573,573.62642,Klebsiella pneumoniae AMR180026,piperacillin/tazobactam,Susceptible,,,,,,,,PATRIC,,,AdaBoost Classifier,,"Accuracy:0.766, F1 score:0.759, AUC:0.825",Computational Method,,,Klebsiella pneumoniae,Klebsiella pneumoniae | piperacillin/tazobactam
1280,1280.483,Staphylococcus aureus AMR11,fusidic acid,Susceptible,,,,,,,,,,,SIR XGBoost Model,202503101.0,"F1 score: 0.97, CI[0.96, 0.98]",Computational Method,,,Staphylococcus aureus,Staphylococcus aureus | fusidic acid
562,562.114876,Escherichia coli AMR0262,cefuroxime,Resistant,,,,,,,,,,,SIR XGBoost Model,202503101.0,"F1 score: 0.88, CI[0.86, 0.90]",Computational Method,,,Escherichia coli,Escherichia coli | cefuroxime
611,611.29,Salmonella enterica subsp. enterica serovar Heidelberg strain AMR588-04-00318,trimethoprim,Resistant,,,,,,,,,,,SIR XGBoost Model,202503101.0,"F1 score: 0.86, CI[0.78, 0.93]",Computational Method,,,Salmonella enterica,Salmonella enterica | trimethoprim
611,611.291,Salmonella enterica subsp. enterica serovar Heidelberg strain AMR588-04-00318,spectinomycin,Susceptible,,,,,,,,,,,SIR XGBoost Model,202503101.0,"F1 score: 0.94, CI[0.90, 0.98]",Computational Method,,,Salmonella enterica,Salmonella enterica | spectinomycin
611,611.291,Salmonella enterica subsp. enterica serovar Heidelberg strain AMR588-04-00318,streptomycin,Susceptible,,,,,,,,,,,SIR XGBoost Model,202503101.0,"F1 score: 0.94, CI[0.93, 0.96]",Computational Method,,,Salmonella enterica,Salmonella enterica | streptomycin
562,562.138665,Escherichia coli AMR_MDS_5755,cefazolin,Susceptible,,,,,,,,,,,SIR XGBoost Model,202503101.0,"F1 score: 0.93, CI[0.86, 0.99]",Computational Method,,,Escherichia coli,Escherichia coli | cefazolin
611,611.294,Salmonella enterica subsp. enterica serovar Heidelberg strain AMR588-04-00320,streptomycin,Susceptible,,,,,,,,,,,SIR XGBoost Model,202503101.0,"F1 score: 0.94, CI[0.93, 0.96]",Computational Method,,,Salmonella enterica,Salmonella enterica | streptomycin
562,562.114875,Escherichia coli AMR0177,cefuroxime,Resistant,,,,,,,,,,,SIR XGBoost Model,202503101.0,"F1 score: 0.88, CI[0.86, 0.90]",Computational Method,,,Escherichia coli,Escherichia coli | cefuroxime
573,573.62642,Klebsiella pneumoniae AMR180026,tobramycin,Resistant,,,,,,,,PATRIC,,,AdaBoost Classifier,,"Accuracy:0.882, F1 score:0.889, AUC:0.939",Computational Method,,,Klebsiella pneumoniae,Klebsiella pneumoniae | tobramycin
562,562.114873,Escherichia coli AMR0279,ceftiofur,Resistant,,,,,,,,,,,SIR XGBoost Model,202503101.0,"F1 score: 0.97, CI[0.88, 1.06]",Computational Method,,,Escherichia coli,Escherichia coli | ceftiofur
562,562.114873,Escherichia coli AMR0279,streptomycin,Resistant,,,,,,,,,,,SIR XGBoost Model,202503101.0,"F1 score: 0.96, CI[0.90, 1.02]",Computational Method,,,Escherichia coli,Escherichia coli | streptomycin
1280,1280.483,Staphylococcus aureus AMR11,methicillin,Resistant,,,,,,,,PATRIC,,,AdaBoost Classifier,,"Accuracy:0.989, F1 score:0.989, AUC:0.994",Computational Method,,,Staphylococcus aureus,Staphylococcus aureus | methicillin
573,573.64652,Klebsiella pneumoniae AMR_MDS_5016,amikacin,Susceptible,,,,,,,,PATRIC,,,AdaBoost Classifier,,"Accuracy:0.910, F1 score:0.919, AUC:0.947",Computational Method,,,Klebsiella pneumoniae,Klebsiella pneumoniae | amikacin
611,611.292,Salmonella enterica subsp. enterica serovar Heidelberg strain AMR588-04-00320,amoxicillin/clavulanic acid,Susceptible,,,,,,,,,,,SIR XGBoost Model,202503101.0,"F1 score: 0.96, CI[0.95, 0.97]",Computational Method,,,Salmonella enterica,Salmonella enterica | amoxicillin/clavulanic acid
