Taxon ID,Genome ID,Genome Name,Antibiotic,Resistant Phenotype,Measurement,Measurement Sign,Measurement Value,Measurement Unit,Laboratory Typing Method,Laboratory Typing Method Version,Laboratory Typing Platform,Vendor,Testing Standard,Testing Standard Year,Computational Method,Computational Method Version,Computational Method Performance,Evidence,Source,PubMed
562,"562.114877","Escherichia coli AMR0264","piperacillin/tazobactam","Resistant",,,,,,,,,,,"SIR XGBoost Model","202503101","F1 score: 0.80, CI[0.78, 0.82]","Computational Method",,
562,"562.114873","Escherichia coli AMR0279","piperacillin",,"16.0",,"16.0","mg/L",,,,,,,"MIC XGBoost Model","202503101","W1 score: 0.73, CI[0.39, 1.08]","Computational Method",,
573,"573.62645","Klebsiella pneumoniae AMR180036","meropenem",,"4.0",,"4.0","mg/L",,,,,,,"MIC XGBoost Model","202503101","W1 score: 0.91, CI[0.89, 0.93]","Computational Method",,
562,"562.114875","Escherichia coli AMR0177","streptomycin","Resistant",,,,,,,,,,,"SIR XGBoost Model","202503101","F1 score: 0.96, CI[0.90, 1.02]","Computational Method",,
1280,"1280.48292","Staphylococcus aureus AMR9","erythromycin","Resistant",,,,,,,,,,,"SIR XGBoost Model","202503101","F1 score: 0.98, CI[0.97, 0.99]","Computational Method",,
573,"573.62641","Klebsiella pneumoniae AMR180022","ceftazidime",,"64.0",,"64.0","mg/L",,,,,,,"MIC XGBoost Model","202503101","W1 score: 0.92, CI[0.90, 0.93]","Computational Method",,
573,"573.62645","Klebsiella pneumoniae AMR180036","imipenem","Susceptible",,,,,,,,"PATRIC",,,"AdaBoost Classifier",,"Accuracy:0.931, F1 score:0.935, AUC:0.950","Computational Method",,
1280,"1280.48293","Staphylococcus aureus AMR6","erythromycin","Resistant",,,,,,,,"PATRIC",,,"AdaBoost Classifier",,"Accuracy:0.959, F1 score:0.962, AUC:0.981","Computational Method",,
562,"562.114875","Escherichia coli AMR0177","chloramphenicol","Resistant",,,,,,,,,,,"SIR XGBoost Model","202503101","F1 score: 0.96, CI[0.93, 0.99]","Computational Method",,
573,"573.62642","Klebsiella pneumoniae AMR180026","colistin",,"8.0",,"8.0","mg/L",,,,,,,"MIC XGBoost Model","202503101","W1 score: 0.65, CI[0.55, 0.75]","Computational Method",,
573,"573.65449","Klebsiella pneumoniae AMR20201034","tobramycin",,"16.0",,"16.0","mg/L",,,,,,,"MIC XGBoost Model","202503101","W1 score: 0.93, CI[0.92, 0.95]","Computational Method",,
562,"562.114871","Escherichia coli AMR0265","trimethoprim/sulfamethoxazole","Resistant",,,,,,,,,,,"SIR XGBoost Model","202503101","F1 score: 0.94, CI[0.94, 0.95]","Computational Method",,
562,"562.114875","Escherichia coli AMR0177","tetracycline",,"32.0",,"32.0","mg/L",,,,,,,"MIC XGBoost Model","202503101","W1 score: 0.79, CI[0.71, 0.87]","Computational Method",,
611,"611.298","Salmonella enterica subsp. enterica serovar Heidelberg strain AMR588-04-00437","chloramphenicol","Resistant",,,,,,,,,,,"SIR XGBoost Model","202503101","F1 score: 0.90, CI[0.88, 0.91]","Computational Method",,
611,"611.293","Salmonella enterica subsp. enterica serovar Heidelberg strain AMR588-04-00320","chloramphenicol",,"32.0",,"32.0","mg/L",,,,,,,"MIC XGBoost Model","202503101","W1 score: 0.99, CI[0.98, 1.00]","Computational Method",,
562,"562.114871","Escherichia coli AMR0265","ampicillin",,"32.0",,"32.0","mg/L",,,,,,,"MIC XGBoost Model","202503101","W1 score: 0.87, CI[0.82, 0.92]","Computational Method",,
611,"611.294","Salmonella enterica subsp. enterica serovar Heidelberg strain AMR588-04-00320","chloramphenicol",,"16.0",,"16.0","mg/L",,,,,,,"MIC XGBoost Model","202503101","W1 score: 0.99, CI[0.98, 1.00]","Computational Method",,
611,"611.296","Salmonella enterica subsp. enterica serovar Heidelberg strain AMR588-04-00435","ceftazidime",,"8.0",,"8.0","mg/L",,,,,,,"MIC XGBoost Model","202503101","W1 score: 0.93, CI[0.88, 0.99]","Computational Method",,
611,"611.111","Salmonella enterica subsp. enterica serovar Heidelberg strain AMR588-04-00435","sulfamethoxazole","Susceptible",,,,,,,,,,,"SIR XGBoost Model","202503101","F1 score: 0.95, CI[0.93, 0.97]","Computational Method",,
562,"562.114877","Escherichia coli AMR0264","ampicillin/sulbactam","Resistant",,,,,,,,,,,"SIR XGBoost Model","202503101","F1 score: 0.88, CI[0.79, 0.98]","Computational Method",,
611,"611.290","Salmonella enterica subsp. enterica serovar Heidelberg strain AMR588-04-00318","ceftazidime",,"32.0",,"32.0","mg/L",,,,,,,"MIC XGBoost Model","202503101","W1 score: 0.93, CI[0.88, 0.99]","Computational Method",,
1280,"1280.48288","Staphylococcus aureus AMR8","trimethoprim/sulfamethoxazole","Susceptible",,,,,,,,"PATRIC",,,"AdaBoost Classifier",,"Accuracy:0.939, F1 score:0.956, AUC:0.974","Computational Method",,
611,"611.290","Salmonella enterica subsp. enterica serovar Heidelberg strain AMR588-04-00318","trimethoprim/sulfamethoxazole","Susceptible",,,,,,,,,,,"SIR XGBoost Model","202503101","F1 score: 0.85, CI[0.82, 0.88]","Computational Method",,
1280,"1280.48288","Staphylococcus aureus AMR8","methicillin","Resistant",,,,,,,,"PATRIC",,,"AdaBoost Classifier",,"Accuracy:0.989, F1 score:0.989, AUC:0.994","Computational Method",,
611,"611.289","Salmonella enterica subsp. enterica serovar Heidelberg strain AMR588-04-00318","sulfisoxazole",,"32.0",,"32.0","mg/L",,,,,,,"MIC XGBoost Model","202503101","W1 score: 0.98, CI[0.97, 0.99]","Computational Method",,
611,"611.289","Salmonella enterica subsp. enterica serovar Heidelberg strain AMR588-04-00318","pefloxacin","Resistant",,,,,,,,,,,"SIR XGBoost Model","202503101","F1 score: 0.98, CI[0.96, 1.00]","Computational Method",,
1280,"1280.48294","Staphylococcus aureus AMR3","clindamycin","Susceptible",,,,,,,,,,,"SIR XGBoost Model","202503101","F1 score: 0.98, CI[0.97, 1.00]","Computational Method",,
562,"562.114873","Escherichia coli AMR0279","tetracycline",,"8.0",,"8.0","mg/L",,,,,,,"MIC XGBoost Model","202503101","W1 score: 0.79, CI[0.71, 0.87]","Computational Method",,
562,"562.114871","Escherichia coli AMR0265","piperacillin/tazobactam","Resistant",,,,,,,,,,,"SIR XGBoost Model","202503101","F1 score: 0.80, CI[0.78, 0.82]","Computational Method",,
611,"611.295","Salmonella enterica subsp. enterica serovar Heidelberg strain AMR588-04-00435","spectinomycin","Susceptible",,,,,,,,,,,"SIR XGBoost Model","202503101","F1 score: 0.94, CI[0.90, 0.98]","Computational Method",,
1280,"1280.48294","Staphylococcus aureus AMR3","tetracycline","Susceptible",,,,,,,,"PATRIC",,,"AdaBoost Classifier",,"Accuracy:0.975, F1 score:0.974, AUC:0.986","Computational Method",,
611,"611.292","Salmonella enterica subsp. enterica serovar Heidelberg strain AMR588-04-00320","trimethoprim/sulfamethoxazole","Susceptible",,,,,,,,,,,"SIR XGBoost Model","202503101","F1 score: 0.85, CI[0.82, 0.88]","Computational Method",,
573,"573.62641","Klebsiella pneumoniae AMR180022","tigecycline",,"1.0",,"1.0","mg/L",,,,,,,"MIC XGBoost Model","202503101","W1 score: 0.93, CI[0.91, 0.95]","Computational Method",,
611,"611.291","Salmonella enterica subsp. enterica serovar Heidelberg strain AMR588-04-00318","sulfisoxazole",,"32.0",,"32.0","mg/L",,,,,,,"MIC XGBoost Model","202503101","W1 score: 0.98, CI[0.97, 0.99]","Computational Method",,
1280,"1280.48290","Staphylococcus aureus AMR7","methicillin","Resistant",,,,,,,,"PATRIC",,,"AdaBoost Classifier",,"Accuracy:0.989, F1 score:0.989, AUC:0.994","Computational Method",,
611,"611.114","Salmonella enterica subsp. enterica serovar Heidelberg strain AMR588-04-00320","spectinomycin","Susceptible",,,,,,,,,,,"SIR XGBoost Model","202503101","F1 score: 0.94, CI[0.90, 0.98]","Computational Method",,
562,"562.112540","Escherichia coli AMR0278","cefepime",,"32.0",,"32.0","mg/L",,,,,,,"MIC XGBoost Model","202503101","W1 score: 0.73, CI[0.68, 0.78]","Computational Method",,
611,"611.116","Salmonella enterica subsp. enterica serovar Heidelberg strain AMR588-04-00437","ceftriaxone","Susceptible",,,,,,,,,,,"SIR XGBoost Model","202503101","F1 score: 0.98, CI[0.97, 1.00]","Computational Method",,
611,"611.293","Salmonella enterica subsp. enterica serovar Heidelberg strain AMR588-04-00320","streptomycin",,"2.0",,"2.0","mg/L",,,,,,,"MIC XGBoost Model","202503101","W1 score: 0.92, CI[0.90, 0.93]","Computational Method",,
573,"573.62645","Klebsiella pneumoniae AMR180036","aztreonam",,"64.0",,"64.0","mg/L",,,,,,,"MIC XGBoost Model","202503101","W1 score: 0.86, CI[0.85, 0.88]","Computational Method",,
611,"611.111","Salmonella enterica subsp. enterica serovar Heidelberg strain AMR588-04-00435","ceftiofur",,"1.0",,"1.0","mg/L",,,,,,,"MIC XGBoost Model","202503101","W1 score: 0.99, CI[0.98, 0.99]","Computational Method",,
611,"611.297","Salmonella enterica subsp. enterica serovar Heidelberg strain AMR588-04-00437","amoxicillin/clavulanic acid","Susceptible",,,,,,,,,,,"SIR XGBoost Model","202503101","F1 score: 0.96, CI[0.95, 0.97]","Computational Method",,
573,"573.62641","Klebsiella pneumoniae AMR180022","cefotaxime/clavulanic acid",,"32.0",,"32.0","mg/L",,,,,,,"MIC XGBoost Model","202503101","W1 score: 1.00, CI[1.00, 1.00]","Computational Method",,
1280,"1280.48300","Staphylococcus aureus AMR11","tetracycline","Susceptible",,,,,,,,,,,"SIR XGBoost Model","202503101","F1 score: 0.98, CI[0.97, 1.00]","Computational Method",,
1352,"1352.16772","Enterococcus faecium KU-AMR0096","vancomycin","Resistant",,,,,,,,,,,"SIR XGBoost Model","202503101","F1 score: 0.97, CI[0.96, 0.98]","Computational Method",,
611,"611.292","Salmonella enterica subsp. enterica serovar Heidelberg strain AMR588-04-00320","ciprofloxacin",,"0.5",,"0.5","mg/L",,,,,,,"MIC XGBoost Model","202503101","W1 score: 0.88, CI[0.86, 0.90]","Computational Method",,
573,"573.62642","Klebsiella pneumoniae AMR180026","gentamicin","Resistant",,,,,,,,"PATRIC",,,"AdaBoost Classifier",,"Accuracy:0.863, F1 score:0.863, AUC:0.930","Computational Method",,
573,"573.62641","Klebsiella pneumoniae AMR180022","cefepime","Susceptible",,,,,,,,"PATRIC",,,"AdaBoost Classifier",,"Accuracy:0.697, F1 score:0.704, AUC:0.745","Computational Method",,
573,"573.62644","Klebsiella pneumoniae AMR200031","ceftriaxone",,"64.0",,"64.0","mg/L",,,,,,,"MIC XGBoost Model","202503101","W1 score: 0.95, CI[0.94, 0.97]","Computational Method",,
611,"611.298","Salmonella enterica subsp. enterica serovar Heidelberg strain AMR588-04-00437","pefloxacin","Resistant",,,,,,,,,,,"SIR XGBoost Model","202503101","F1 score: 0.98, CI[0.96, 1.00]","Computational Method",,
611,"611.290","Salmonella enterica subsp. enterica serovar Heidelberg strain AMR588-04-00318","gentamicin","Susceptible",,,,,,,,,,,"SIR XGBoost Model","202503101","F1 score: 0.92, CI[0.89, 0.95]","Computational Method",,
1280,"1280.48300","Staphylococcus aureus AMR11","penicillin","Resistant",,,,,,,,"PATRIC",,,"AdaBoost Classifier",,"Accuracy:0.963, F1 score:0.964, AUC:0.979","Computational Method",,
562,"562.114873","Escherichia coli AMR0279","aztreonam","Resistant",,,,,,,,,,,"SIR XGBoost Model","202503101","F1 score: 0.92, CI[0.89, 0.96]","Computational Method",,
573,"573.65449","Klebsiella pneumoniae AMR20201034","cefepime","Resistant",,,,,,,,"PATRIC",,,"AdaBoost Classifier",,"Accuracy:0.697, F1 score:0.704, AUC:0.745","Computational Method",,
562,"562.114877","Escherichia coli AMR0264","ertapenem","Resistant",,,,,,,,,,,"SIR XGBoost Model","202503101","F1 score: 0.92, CI[0.90, 0.95]","Computational Method",,
1280,"1280.48297","Staphylococcus aureus AMR2","penicillin","Resistant",,,,,,,,,,,"SIR XGBoost Model","202503101","F1 score: 0.94, CI[0.91, 0.98]","Computational Method",,
611,"611.292","Salmonella enterica subsp. enterica serovar Heidelberg strain AMR588-04-00320","meropenem",,"32.0",,"32.0","mg/L",,,,,,,"MIC XGBoost Model","202503101","W1 score: 0.95, CI[0.90, 1.01]","Computational Method",,
611,"611.291","Salmonella enterica subsp. enterica serovar Heidelberg strain AMR588-04-00318","gentamicin","Resistant",,,,,,,,,,,"SIR XGBoost Model","202503101","F1 score: 0.92, CI[0.89, 0.95]","Computational Method",,
573,"573.62644","Klebsiella pneumoniae AMR200031","tetracycline",,"8.0",,"8.0","mg/L",,,,,,,"MIC XGBoost Model","202503101","W1 score: 0.88, CI[0.83, 0.92]","Computational Method",,
611,"611.291","Salmonella enterica subsp. enterica serovar Heidelberg strain AMR588-04-00318","sulfisoxazole","Susceptible",,,,,,,,,,,"SIR XGBoost Model","202503101","F1 score: 0.99, CI[0.98, 1.00]","Computational Method",,
573,"573.62645","Klebsiella pneumoniae AMR180036","amikacin","Resistant",,,,,,,,"PATRIC",,,"AdaBoost Classifier",,"Accuracy:0.910, F1 score:0.919, AUC:0.947","Computational Method",,
611,"611.294","Salmonella enterica subsp. enterica serovar Heidelberg strain AMR588-04-00320","azithromycin","Susceptible",,,,,,,,,,,"SIR XGBoost Model","202503101","F1 score: 0.92, CI[0.87, 0.98]","Computational Method",,
611,"611.291","Salmonella enterica subsp. enterica serovar Heidelberg strain AMR588-04-00318","trimethoprim","Resistant",,,,,,,,,,,"SIR XGBoost Model","202503101","F1 score: 0.86, CI[0.78, 0.93]","Computational Method",,
611,"611.294","Salmonella enterica subsp. enterica serovar Heidelberg strain AMR588-04-00320","chloramphenicol","Resistant",,,,,,,,,,,"SIR XGBoost Model","202503101","F1 score: 0.90, CI[0.88, 0.91]","Computational Method",,
611,"611.296","Salmonella enterica subsp. enterica serovar Heidelberg strain AMR588-04-00435","ceftriaxone","Susceptible",,,,,,,,,,,"SIR XGBoost Model","202503101","F1 score: 0.98, CI[0.97, 1.00]","Computational Method",,
562,"562.112540","Escherichia coli AMR0278","chloramphenicol",,"16.0",,"16.0","mg/L",,,,,,,"MIC XGBoost Model","202503101","W1 score: 0.77, CI[0.71, 0.83]","Computational Method",,
562,"562.114877","Escherichia coli AMR0264","meropenem",,"16.0",,"16.0","mg/L",,,,,,,"MIC XGBoost Model","202503101","W1 score: 0.95, CI[0.93, 0.98]","Computational Method",,
573,"573.62645","Klebsiella pneumoniae AMR180036","trimethoprim/sulfamethoxazole",,"16.0",,"16.0","mg/L",,,,,,,"MIC XGBoost Model","202503101","W1 score: 0.93, CI[0.91, 0.95]","Computational Method",,
611,"611.290","Salmonella enterica subsp. enterica serovar Heidelberg strain AMR588-04-00318","meropenem",,"16.0",,"16.0","mg/L",,,,,,,"MIC XGBoost Model","202503101","W1 score: 0.95, CI[0.90, 1.01]","Computational Method",,
562,"562.114877","Escherichia coli AMR0264","tigecycline",,"0.5",,"0.5","mg/L",,,,,,,"MIC XGBoost Model","202503101","W1 score: 0.98, CI[0.91, 1.04]","Computational Method",,
611,"611.116","Salmonella enterica subsp. enterica serovar Heidelberg strain AMR588-04-00437","cefotaxime","Susceptible",,,,,,,,,,,"SIR XGBoost Model","202503101","F1 score: 0.95, CI[0.90, 0.99]","Computational Method",,
611,"611.295","Salmonella enterica subsp. enterica serovar Heidelberg strain AMR588-04-00435","azithromycin","Susceptible",,,,,,,,,,,"SIR XGBoost Model","202503101","F1 score: 0.92, CI[0.87, 0.98]","Computational Method",,
1280,"1280.48294","Staphylococcus aureus AMR3","erythromycin","Resistant",,,,,,,,,,,"SIR XGBoost Model","202503101","F1 score: 0.98, CI[0.97, 0.99]","Computational Method",,
611,"611.294","Salmonella enterica subsp. enterica serovar Heidelberg strain AMR588-04-00320","amoxicillin/clavulanic acid","Resistant",,,,,,,,,,,"SIR XGBoost Model","202503101","F1 score: 0.96, CI[0.95, 0.97]","Computational Method",,
611,"611.297","Salmonella enterica subsp. enterica serovar Heidelberg strain AMR588-04-00437","kanamycin",,"16.0",,"16.0","mg/L",,,,,,,"MIC XGBoost Model","202503101","W1 score: 0.99, CI[0.98, 1.01]","Computational Method",,
611,"611.116","Salmonella enterica subsp. enterica serovar Heidelberg strain AMR588-04-00437","ceftiofur","Susceptible",,,,,,,,,,,"SIR XGBoost Model","202503101","F1 score: 0.98, CI[0.97, 1.00]","Computational Method",,
562,"562.114875","Escherichia coli AMR0177","piperacillin/tazobactam","Resistant",,,,,,,,,,,"SIR XGBoost Model","202503101","F1 score: 0.80, CI[0.78, 0.82]","Computational Method",,
562,"562.114877","Escherichia coli AMR0264","doripenem",,"4.0",,"4.0","mg/L",,,,,,,"MIC XGBoost Model","202503101","W1 score: 0.56, CI[0.34, 0.79]","Computational Method",,
611,"611.114","Salmonella enterica subsp. enterica serovar Heidelberg strain AMR588-04-00320","ceftazidime",,"1.0",,"1.0","mg/L",,,,,,,"MIC XGBoost Model","202503101","W1 score: 0.93, CI[0.88, 0.99]","Computational Method",,
1280,"1280.48296","Staphylococcus aureus AMR26","penicillin","Resistant",,,,,,,,,,,"SIR XGBoost Model","202503101","F1 score: 0.94, CI[0.91, 0.98]","Computational Method",,
562,"562.112540","Escherichia coli AMR0278","cefepime","Resistant",,,,,,,,,,,"SIR XGBoost Model","202503101","F1 score: 0.88, CI[0.84, 0.92]","Computational Method",,
1280,"1280.48296","Staphylococcus aureus AMR26","vancomycin",,"1.0",,"1.0","mg/L",,,,,,,"MIC XGBoost Model","202503101","W1 score: 1.00, CI[1.00, 1.00]","Computational Method",,
1280,"1280.48300","Staphylococcus aureus AMR11","daptomycin",,"0.5",,"0.5","mg/L",,,,,,,"MIC XGBoost Model","202503101","W1 score: 0.93, CI[0.87, 0.99]","Computational Method",,
562,"562.138665","Escherichia coli AMR_MDS_5755","doxycycline","Susceptible",,,,,,,,,,,"SIR XGBoost Model","202503101","F1 score: 0.87, CI[0.80, 0.95]","Computational Method",,
1280,"1280.48296","Staphylococcus aureus AMR26","daptomycin",,"1.0",,"1.0","mg/L",,,,,,,"MIC XGBoost Model","202503101","W1 score: 0.93, CI[0.87, 0.99]","Computational Method",,
611,"611.297","Salmonella enterica subsp. enterica serovar Heidelberg strain AMR588-04-00437","tetracycline",,"32.0",,"32.0","mg/L",,,,,,,"MIC XGBoost Model","202503101","W1 score: 0.99, CI[0.98, 0.99]","Computational Method",,
611,"611.294","Salmonella enterica subsp. enterica serovar Heidelberg strain AMR588-04-00320","cefotaxime",,"32.0",,"32.0","mg/L",,,,,,,"MIC XGBoost Model","202503101","W1 score: 0.95, CI[0.89, 1.00]","Computational Method",,
611,"611.295","Salmonella enterica subsp. enterica serovar Heidelberg strain AMR588-04-00435","trimethoprim/sulfamethoxazole",,"32.0",,"32.0","mg/L",,,,,,,"MIC XGBoost Model","202503101","W1 score: 0.96, CI[0.95, 0.97]","Computational Method",,
611,"611.114","Salmonella enterica subsp. enterica serovar Heidelberg strain AMR588-04-00320","kanamycin",,"8.0",,"8.0","mg/L",,,,,,,"MIC XGBoost Model","202503101","W1 score: 0.99, CI[0.98, 1.01]","Computational Method",,
611,"611.290","Salmonella enterica subsp. enterica serovar Heidelberg strain AMR588-04-00318","trimethoprim/sulfamethoxazole",,"32.0",,"32.0","mg/L",,,,,,,"MIC XGBoost Model","202503101","W1 score: 0.96, CI[0.95, 0.97]","Computational Method",,
562,"562.112540","Escherichia coli AMR0278","tobramycin","Resistant",,,,,,,,,,,"SIR XGBoost Model","202503101","F1 score: 0.92, CI[0.88, 0.96]","Computational Method",,
1280,"1280.48293","Staphylococcus aureus AMR6","gentamicin","Susceptible",,,,,,,,,,,"SIR XGBoost Model","202503101","F1 score: 0.99, CI[0.99, 1.00]","Computational Method",,
573,"573.65449","Klebsiella pneumoniae AMR20201034","piperacillin/tazobactam",,"128.0",,"128.0","mg/L",,,,,,,"MIC XGBoost Model","202503101","W1 score: 0.82, CI[0.79, 0.85]","Computational Method",,
611,"611.294","Salmonella enterica subsp. enterica serovar Heidelberg strain AMR588-04-00320","nalidixic acid",,"8.0",,"8.0","mg/L",,,,,,,"MIC XGBoost Model","202503101","W1 score: 0.98, CI[0.97, 0.99]","Computational Method",,
1280,"1280.48288","Staphylococcus aureus AMR8","oxacillin","Resistant",,,,,,,,,,,"SIR XGBoost Model","202503101","F1 score: 0.91, CI[0.87, 0.96]","Computational Method",,
573,"573.64652","Klebsiella pneumoniae AMR_MDS_5016","tobramycin",,"4.0",,"4.0","mg/L",,,,,,,"MIC XGBoost Model","202503101","W1 score: 0.93, CI[0.92, 0.95]","Computational Method",,
573,"573.62641","Klebsiella pneumoniae AMR180022","ciprofloxacin",,"8.0",,"8.0","mg/L",,,,,,,"MIC XGBoost Model","202503101","W1 score: 0.97, CI[0.95, 0.98]","Computational Method",,
1280,"1280.48297","Staphylococcus aureus AMR2","oxacillin","Resistant",,,,,,,,,,,"SIR XGBoost Model","202503101","F1 score: 0.91, CI[0.87, 0.96]","Computational Method",,
562,"562.112540","Escherichia coli AMR0278","cefoxitin",,"32.0",,"32.0","mg/L",,,,,,,"MIC XGBoost Model","202503101","W1 score: 0.70, CI[0.51, 0.89]","Computational Method",,
562,"562.112540","Escherichia coli AMR0278","ertapenem",,"16.0",,"16.0","mg/L",,,,,,,"MIC XGBoost Model","202503101","W1 score: 0.77, CI[0.66, 0.89]","Computational Method",,
562,"562.114873","Escherichia coli AMR0279","amikacin",,"16.0",,"16.0","mg/L",,,,,,,"MIC XGBoost Model","202503101","W1 score: 0.97, CI[0.96, 0.98]","Computational Method",,
611,"611.127","Salmonella enterica subsp. enterica serovar Heidelberg strain AMR588-04-00318","meropenem",,"0.125",,"0.125","mg/L",,,,,,,"MIC XGBoost Model","202503101","W1 score: 0.95, CI[0.90, 1.01]","Computational Method",,
611,"611.293","Salmonella enterica subsp. enterica serovar Heidelberg strain AMR588-04-00320","ciprofloxacin","Susceptible",,,,,,,,,,,"SIR XGBoost Model","202503101","F1 score: 0.95, CI[0.93, 0.96]","Computational Method",,
573,"573.65449","Klebsiella pneumoniae AMR20201034","amikacin","Susceptible",,,,,,,,"PATRIC",,,"AdaBoost Classifier",,"Accuracy:0.910, F1 score:0.919, AUC:0.947","Computational Method",,
573,"573.62642","Klebsiella pneumoniae AMR180026","meropenem",,"4.0",,"4.0","mg/L",,,,,,,"MIC XGBoost Model","202503101","W1 score: 0.91, CI[0.89, 0.93]","Computational Method",,
562,"562.114871","Escherichia coli AMR0265","amoxicillin/clavulanic acid",,"32.0",,"32.0","mg/L",,,,,,,"MIC XGBoost Model","202503101","W1 score: 0.97, CI[0.96, 0.98]","Computational Method",,
562,"562.112540","Escherichia coli AMR0278","ampicillin",,"32.0",,"32.0","mg/L",,,,,,,"MIC XGBoost Model","202503101","W1 score: 0.87, CI[0.82, 0.92]","Computational Method",,
611,"611.296","Salmonella enterica subsp. enterica serovar Heidelberg strain AMR588-04-00435","kanamycin",,"16.0",,"16.0","mg/L",,,,,,,"MIC XGBoost Model","202503101","W1 score: 0.99, CI[0.98, 1.01]","Computational Method",,
562,"562.114876","Escherichia coli AMR0262","amoxicillin/clavulanic acid","Resistant",,,,,,,,,,,"SIR XGBoost Model","202503101","F1 score: 0.84, CI[0.81, 0.88]","Computational Method",,
562,"562.114871","Escherichia coli AMR0265","levofloxacin","Resistant",,,,,,,,,,,"SIR XGBoost Model","202503101","F1 score: 0.97, CI[0.91, 1.02]","Computational Method",,
611,"611.111","Salmonella enterica subsp. enterica serovar Heidelberg strain AMR588-04-00435","chloramphenicol","Susceptible",,,,,,,,,,,"SIR XGBoost Model","202503101","F1 score: 0.90, CI[0.88, 0.91]","Computational Method",,
573,"573.62641","Klebsiella pneumoniae AMR180022","cefotaxime",,"64.0",,"64.0","mg/L",,,,,,,"MIC XGBoost Model","202503101","W1 score: 0.92, CI[0.90, 0.94]","Computational Method",,
573,"573.65449","Klebsiella pneumoniae AMR20201034","trimethoprim/sulfamethoxazole","Resistant",,,,,,,,"PATRIC",,,"AdaBoost Classifier",,"Accuracy:0.861, F1 score:0.865, AUC:0.930","Computational Method",,
611,"611.127","Salmonella enterica subsp. enterica serovar Heidelberg strain AMR588-04-00318","ceftiofur","Resistant",,,,,,,,,,,"SIR XGBoost Model","202503101","F1 score: 0.98, CI[0.97, 1.00]","Computational Method",,
573,"573.62644","Klebsiella pneumoniae AMR200031","piperacillin/tazobactam",,"128.0",,"128.0","mg/L",,,,,,,"MIC XGBoost Model","202503101","W1 score: 0.82, CI[0.79, 0.85]","Computational Method",,
611,"611.296","Salmonella enterica subsp. enterica serovar Heidelberg strain AMR588-04-00435","chloramphenicol","Resistant",,,,,,,,,,,"SIR XGBoost Model","202503101","F1 score: 0.90, CI[0.88, 0.91]","Computational Method",,
573,"573.62644","Klebsiella pneumoniae AMR200031","trimethoprim/sulfamethoxazole",,"16.0",,"16.0","mg/L",,,,,,,"MIC XGBoost Model","202503101","W1 score: 0.93, CI[0.91, 0.95]","Computational Method",,
1280,"1280.48290","Staphylococcus aureus AMR7","tetracycline","Susceptible",,,,,,,,"PATRIC",,,"AdaBoost Classifier",,"Accuracy:0.975, F1 score:0.974, AUC:0.986","Computational Method",,
573,"573.62641","Klebsiella pneumoniae AMR180022","gentamicin",,"32.0",,"32.0","mg/L",,,,,,,"MIC XGBoost Model","202503101","W1 score: 0.94, CI[0.92, 0.95]","Computational Method",,
1280,"1280.48300","Staphylococcus aureus AMR11","trimethoprim/sulfamethoxazole","Susceptible",,,,,,,,"PATRIC",,,"AdaBoost Classifier",,"Accuracy:0.939, F1 score:0.956, AUC:0.974","Computational Method",,
1280,"1280.48294","Staphylococcus aureus AMR3","gentamicin","Susceptible",,,,,,,,,,,"SIR XGBoost Model","202503101","F1 score: 0.99, CI[0.99, 1.00]","Computational Method",,
562,"562.114877","Escherichia coli AMR0264","streptomycin","Resistant",,,,,,,,,,,"SIR XGBoost Model","202503101","F1 score: 0.96, CI[0.90, 1.02]","Computational Method",,
611,"611.296","Salmonella enterica subsp. enterica serovar Heidelberg strain AMR588-04-00435","tetracycline",,"32.0",,"32.0","mg/L",,,,,,,"MIC XGBoost Model","202503101","W1 score: 0.99, CI[0.98, 0.99]","Computational Method",,
1280,"1280.48293","Staphylococcus aureus AMR6","vancomycin",,"1.0",,"1.0","mg/L",,,,,,,"MIC XGBoost Model","202503101","W1 score: 1.00, CI[1.00, 1.00]","Computational Method",,
562,"562.138665","Escherichia coli AMR_MDS_5755","cefotaxime","Susceptible",,,,,,,,,,,"SIR XGBoost Model","202503101","F1 score: 0.96, CI[0.96, 0.97]","Computational Method",,
611,"611.295","Salmonella enterica subsp. enterica serovar Heidelberg strain AMR588-04-00435","ampicillin","Susceptible",,,,,,,,,,,"SIR XGBoost Model","202503101","F1 score: 0.93, CI[0.92, 0.93]","Computational Method",,
562,"562.114876","Escherichia coli AMR0262","nitrofurantoin",,"16.0",,"16.0","mg/L",,,,,,,"MIC XGBoost Model","202503101","W1 score: 0.95, CI[0.90, 1.01]","Computational Method",,
573,"573.64652","Klebsiella pneumoniae AMR_MDS_5016","cefuroxime",,"32.0",,"32.0","mg/L",,,,,,,"MIC XGBoost Model","202503101","W1 score: 0.98, CI[0.98, 0.99]","Computational Method",,
611,"611.292","Salmonella enterica subsp. enterica serovar Heidelberg strain AMR588-04-00320","amoxicillin/clavulanic acid",,"8.0",,"8.0","mg/L",,,,,,,"MIC XGBoost Model","202503101","W1 score: 0.98, CI[0.96, 0.99]","Computational Method",,
611,"611.297","Salmonella enterica subsp. enterica serovar Heidelberg strain AMR588-04-00437","kanamycin","Susceptible",,,,,,,,,,,"SIR XGBoost Model","202503101","F1 score: 0.86, CI[0.77, 0.95]","Computational Method",,
611,"611.297","Salmonella enterica subsp. enterica serovar Heidelberg strain AMR588-04-00437","azithromycin","Susceptible",,,,,,,,,,,"SIR XGBoost Model","202503101","F1 score: 0.92, CI[0.87, 0.98]","Computational Method",,
611,"611.296","Salmonella enterica subsp. enterica serovar Heidelberg strain AMR588-04-00435","sulfisoxazole",,"32.0",,"32.0","mg/L",,,,,,,"MIC XGBoost Model","202503101","W1 score: 0.98, CI[0.97, 0.99]","Computational Method",,
562,"562.114875","Escherichia coli AMR0177","amoxicillin/clavulanic acid","Resistant",,,,,,,,,,,"SIR XGBoost Model","202503101","F1 score: 0.84, CI[0.81, 0.88]","Computational Method",,
611,"611.297","Salmonella enterica subsp. enterica serovar Heidelberg strain AMR588-04-00437","nalidixic acid",,"8.0",,"8.0","mg/L",,,,,,,"MIC XGBoost Model","202503101","W1 score: 0.98, CI[0.97, 0.99]","Computational Method",,
562,"562.112540","Escherichia coli AMR0278","amikacin",,"32.0",,"32.0","mg/L",,,,,,,"MIC XGBoost Model","202503101","W1 score: 0.97, CI[0.96, 0.98]","Computational Method",,
562,"562.138665","Escherichia coli AMR_MDS_5755","aztreonam","Susceptible",,,,,,,,,,,"SIR XGBoost Model","202503101","F1 score: 0.92, CI[0.89, 0.96]","Computational Method",,
611,"611.296","Salmonella enterica subsp. enterica serovar Heidelberg strain AMR588-04-00435","ciprofloxacin","Susceptible",,,,,,,,,,,"SIR XGBoost Model","202503101","F1 score: 0.95, CI[0.93, 0.96]","Computational Method",,
573,"573.62645","Klebsiella pneumoniae AMR180036","ceftriaxone",,"64.0",,"64.0","mg/L",,,,,,,"MIC XGBoost Model","202503101","W1 score: 0.95, CI[0.94, 0.97]","Computational Method",,
562,"562.114871","Escherichia coli AMR0265","amikacin",,"2.0",,"2.0","mg/L",,,,,,,"MIC XGBoost Model","202503101","W1 score: 0.97, CI[0.96, 0.98]","Computational Method",,
1280,"1280.48296","Staphylococcus aureus AMR26","ciprofloxacin","Susceptible",,,,,,,,"PATRIC",,,"AdaBoost Classifier",,"Accuracy:0.977, F1 score:0.980, AUC:0.982","Computational Method",,
573,"573.62645","Klebsiella pneumoniae AMR180036","piperacillin/tazobactam","Susceptible",,,,,,,,"PATRIC",,,"AdaBoost Classifier",,"Accuracy:0.766, F1 score:0.759, AUC:0.825","Computational Method",,
562,"562.114877","Escherichia coli AMR0264","cefotaxime","Resistant",,,,,,,,,,,"SIR XGBoost Model","202503101","F1 score: 0.96, CI[0.96, 0.97]","Computational Method",,
611,"611.114","Salmonella enterica subsp. enterica serovar Heidelberg strain AMR588-04-00320","pefloxacin","Susceptible",,,,,,,,,,,"SIR XGBoost Model","202503101","F1 score: 0.98, CI[0.96, 1.00]","Computational Method",,
562,"562.114871","Escherichia coli AMR0265","tigecycline",,"0.5",,"0.5","mg/L",,,,,,,"MIC XGBoost Model","202503101","W1 score: 0.98, CI[0.91, 1.04]","Computational Method",,
611,"611.289","Salmonella enterica subsp. enterica serovar Heidelberg strain AMR588-04-00318","spectinomycin","Susceptible",,,,,,,,,,,"SIR XGBoost Model","202503101","F1 score: 0.94, CI[0.90, 0.98]","Computational Method",,
562,"562.138665","Escherichia coli AMR_MDS_5755","tobramycin",,"2.0",,"2.0","mg/L",,,,,,,"MIC XGBoost Model","202503101","W1 score: 0.96, CI[0.92, 1.00]","Computational Method",,
1280,"1280.48290","Staphylococcus aureus AMR7","cefoxitin","Resistant",,,,,,,,,,,"SIR XGBoost Model","202503101","F1 score: 0.97, CI[0.96, 0.99]","Computational Method",,
611,"611.298","Salmonella enterica subsp. enterica serovar Heidelberg strain AMR588-04-00437","sulfisoxazole",,"32.0",,"32.0","mg/L",,,,,,,"MIC XGBoost Model","202503101","W1 score: 0.98, CI[0.97, 0.99]","Computational Method",,
1280,"1280.48295","Staphylococcus aureus AMR28","penicillin","Resistant",,,,,,,,,,,"SIR XGBoost Model","202503101","F1 score: 0.94, CI[0.91, 0.98]","Computational Method",,
1280,"1280.48292","Staphylococcus aureus AMR9","penicillin","Resistant",,,,,,,,,,,"SIR XGBoost Model","202503101","F1 score: 0.94, CI[0.91, 0.98]","Computational Method",,
1280,"1280.48288","Staphylococcus aureus AMR8","tetracycline","Susceptible",,,,,,,,"PATRIC",,,"AdaBoost Classifier",,"Accuracy:0.975, F1 score:0.974, AUC:0.986","Computational Method",,
573,"573.62644","Klebsiella pneumoniae AMR200031","polymyxin B",,"8.0",,"8.0","mg/L",,,,,,,"MIC XGBoost Model","202503101","W1 score: 0.64, CI[0.56, 0.72]","Computational Method",,
573,"573.64652","Klebsiella pneumoniae AMR_MDS_5016","gentamicin","Susceptible",,,,,,,,"PATRIC",,,"AdaBoost Classifier",,"Accuracy:0.863, F1 score:0.863, AUC:0.930","Computational Method",,
573,"573.62645","Klebsiella pneumoniae AMR180036","cefoxitin",,"32.0",,"32.0","mg/L",,,,,,,"MIC XGBoost Model","202503101","W1 score: 0.91, CI[0.90, 0.92]","Computational Method",,
562,"562.138665","Escherichia coli AMR_MDS_5755","colistin",,"2.0",,"2.0","mg/L",,,,,,,"MIC XGBoost Model","202503101","W1 score: 0.80, CI[0.64, 0.96]","Computational Method",,
611,"611.297","Salmonella enterica subsp. enterica serovar Heidelberg strain AMR588-04-00437","cefoxitin",,"8.0",,"8.0","mg/L",,,,,,,"MIC XGBoost Model","202503101","W1 score: 0.98, CI[0.97, 1.00]","Computational Method",,
573,"573.64652","Klebsiella pneumoniae AMR_MDS_5016","cefotaxime",,"8.0",,"8.0","mg/L",,,,,,,"MIC XGBoost Model","202503101","W1 score: 0.92, CI[0.90, 0.94]","Computational Method",,
573,"573.62642","Klebsiella pneumoniae AMR180026","tetracycline",,"64.0",,"64.0","mg/L",,,,,,,"MIC XGBoost Model","202503101","W1 score: 0.88, CI[0.83, 0.92]","Computational Method",,
562,"562.112540","Escherichia coli AMR0278","streptomycin",,"8.0",,"8.0","mg/L",,,,,,,"MIC XGBoost Model","202503101","W1 score: 0.96, CI[0.90, 1.03]","Computational Method",,
611,"611.292","Salmonella enterica subsp. enterica serovar Heidelberg strain AMR588-04-00320","kanamycin","Susceptible",,,,,,,,,,,"SIR XGBoost Model","202503101","F1 score: 0.86, CI[0.77, 0.95]","Computational Method",,
1280,"1280.48295","Staphylococcus aureus AMR28","trimethoprim/sulfamethoxazole","Susceptible",,,,,,,,,,,"SIR XGBoost Model","202503101","F1 score: 0.94, CI[0.89, 0.98]","Computational Method",,
611,"611.296","Salmonella enterica subsp. enterica serovar Heidelberg strain AMR588-04-00435","ceftriaxone",,"32.0",,"32.0","mg/L",,,,,,,"MIC XGBoost Model","202503101","W1 score: 0.95, CI[0.94, 0.96]","Computational Method",,
611,"611.296","Salmonella enterica subsp. enterica serovar Heidelberg strain AMR588-04-00435","cefotaxime","Susceptible",,,,,,,,,,,"SIR XGBoost Model","202503101","F1 score: 0.95, CI[0.90, 0.99]","Computational Method",,
562,"562.114873","Escherichia coli AMR0279","imipenem",,"8.0",,"8.0","mg/L",,,,,,,"MIC XGBoost Model","202503101","W1 score: 0.78, CI[0.70, 0.86]","Computational Method",,
573,"573.62644","Klebsiella pneumoniae AMR200031","ceftazidime",,"64.0",,"64.0","mg/L",,,,,,,"MIC XGBoost Model","202503101","W1 score: 0.92, CI[0.90, 0.93]","Computational Method",,
562,"562.114875","Escherichia coli AMR0177","cefotaxime",,"64.0",,"64.0","mg/L",,,,,,,"MIC XGBoost Model","202503101","W1 score: 0.90, CI[0.88, 0.91]","Computational Method",,
611,"611.295","Salmonella enterica subsp. enterica serovar Heidelberg strain AMR588-04-00435","kanamycin","Susceptible",,,,,,,,,,,"SIR XGBoost Model","202503101","F1 score: 0.86, CI[0.77, 0.95]","Computational Method",,
573,"573.62644","Klebsiella pneumoniae AMR200031","aztreonam",,"64.0",,"64.0","mg/L",,,,,,,"MIC XGBoost Model","202503101","W1 score: 0.86, CI[0.85, 0.88]","Computational Method",,
573,"573.62644","Klebsiella pneumoniae AMR200031","doripenem",,"4.0",,"4.0","mg/L",,,,,,,"MIC XGBoost Model","202503101","W1 score: 0.80, CI[0.78, 0.83]","Computational Method",,
562,"562.114877","Escherichia coli AMR0264","ampicillin",,"32.0",,"32.0","mg/L",,,,,,,"MIC XGBoost Model","202503101","W1 score: 0.87, CI[0.82, 0.92]","Computational Method",,
573,"573.64652","Klebsiella pneumoniae AMR_MDS_5016","ampicillin/sulbactam",,"32.0",,"32.0","mg/L",,,,,,,"MIC XGBoost Model","202503101","W1 score: 0.99, CI[0.98, 1.00]","Computational Method",,
562,"562.112540","Escherichia coli AMR0278","piperacillin/tazobactam","Resistant",,,,,,,,,,,"SIR XGBoost Model","202503101","F1 score: 0.80, CI[0.78, 0.82]","Computational Method",,
611,"611.292","Salmonella enterica subsp. enterica serovar Heidelberg strain AMR588-04-00320","gentamicin","Resistant",,,,,,,,,,,"SIR XGBoost Model","202503101","F1 score: 0.92, CI[0.89, 0.95]","Computational Method",,
611,"611.292","Salmonella enterica subsp. enterica serovar Heidelberg strain AMR588-04-00320","cefotaxime","Susceptible",,,,,,,,,,,"SIR XGBoost Model","202503101","F1 score: 0.95, CI[0.90, 0.99]","Computational Method",,
573,"573.62642","Klebsiella pneumoniae AMR180026","imipenem","Susceptible",,,,,,,,"PATRIC",,,"AdaBoost Classifier",,"Accuracy:0.931, F1 score:0.935, AUC:0.950","Computational Method",,
1352,"1352.16769","Enterococcus faecium KU-AMR0098","linezolid","Susceptible",,,,,,,,,,,"SIR XGBoost Model","202503101","F1 score: 0.94, CI[0.90, 0.98]","Computational Method",,
562,"562.114876","Escherichia coli AMR0262","amoxicillin","Resistant",,,,,,,,,,,"SIR XGBoost Model","202503101","F1 score: 0.90, CI[0.87, 0.93]","Computational Method",,
562,"562.112540","Escherichia coli AMR0278","cefotaxime",,"64.0",,"64.0","mg/L",,,,,,,"MIC XGBoost Model","202503101","W1 score: 0.90, CI[0.88, 0.91]","Computational Method",,
562,"562.114875","Escherichia coli AMR0177","cefazolin",,"16.0",,"16.0","mg/L",,,,,,,"MIC XGBoost Model","202503101","W1 score: 0.86, CI[0.82, 0.90]","Computational Method",,
562,"562.114875","Escherichia coli AMR0177","trimethoprim/sulfamethoxazole","Resistant",,,,,,,,,,,"SIR XGBoost Model","202503101","F1 score: 0.94, CI[0.94, 0.95]","Computational Method",,
1280,"1280.48292","Staphylococcus aureus AMR9","tetracycline","Susceptible",,,,,,,,"PATRIC",,,"AdaBoost Classifier",,"Accuracy:0.975, F1 score:0.974, AUC:0.986","Computational Method",,
573,"573.64652","Klebsiella pneumoniae AMR_MDS_5016","cefoxitin","Susceptible",,,,,,,,"PATRIC",,,"AdaBoost Classifier",,"Accuracy:0.805, F1 score:0.796, AUC:0.864","Computational Method",,
562,"562.114877","Escherichia coli AMR0264","colistin",,"2.0",,"2.0","mg/L",,,,,,,"MIC XGBoost Model","202503101","W1 score: 0.80, CI[0.64, 0.96]","Computational Method",,
562,"562.114871","Escherichia coli AMR0265","tobramycin",,"1.0",,"1.0","mg/L",,,,,,,"MIC XGBoost Model","202503101","W1 score: 0.96, CI[0.92, 1.00]","Computational Method",,
562,"562.114873","Escherichia coli AMR0279","fosfomycin",,"32.0",,"32.0","mg/L",,,,,,,"MIC XGBoost Model","202503101","W1 score: 0.77, CI[0.60, 0.94]","Computational Method",,
562,"562.114877","Escherichia coli AMR0264","ceftriaxone",,"64.0",,"64.0","mg/L",,,,,,,"MIC XGBoost Model","202503101","W1 score: 0.83, CI[0.74, 0.91]","Computational Method",,
611,"611.127","Salmonella enterica subsp. enterica serovar Heidelberg strain AMR588-04-00318","streptomycin","Susceptible",,,,,,,,,,,"SIR XGBoost Model","202503101","F1 score: 0.94, CI[0.93, 0.96]","Computational Method",,
1280,"1280.48297","Staphylococcus aureus AMR2","gentamicin","Susceptible",,,,,,,,,,,"SIR XGBoost Model","202503101","F1 score: 0.99, CI[0.99, 1.00]","Computational Method",,
1280,"1280.48295","Staphylococcus aureus AMR28","vancomycin",,"1.0",,"1.0","mg/L",,,,,,,"MIC XGBoost Model","202503101","W1 score: 1.00, CI[1.00, 1.00]","Computational Method",,
573,"573.64652","Klebsiella pneumoniae AMR_MDS_5016","levofloxacin","Susceptible",,,,,,,,"PATRIC",,,"AdaBoost Classifier",,"Accuracy:0.917, F1 score:0.927, AUC:0.961","Computational Method",,
573,"573.62642","Klebsiella pneumoniae AMR180026","ciprofloxacin","Resistant",,,,,,,,"PATRIC",,,"AdaBoost Classifier",,"Accuracy:0.909, F1 score:0.912, AUC:0.947","Computational Method",,
611,"611.295","Salmonella enterica subsp. enterica serovar Heidelberg strain AMR588-04-00435","gentamicin","Resistant",,,,,,,,,,,"SIR XGBoost Model","202503101","F1 score: 0.92, CI[0.89, 0.95]","Computational Method",,
1280,"1280.48297","Staphylococcus aureus AMR2","trimethoprim/sulfamethoxazole","Susceptible",,,,,,,,"PATRIC",,,"AdaBoost Classifier",,"Accuracy:0.939, F1 score:0.956, AUC:0.974","Computational Method",,
611,"611.294","Salmonella enterica subsp. enterica serovar Heidelberg strain AMR588-04-00320","trimethoprim/sulfamethoxazole","Susceptible",,,,,,,,,,,"SIR XGBoost Model","202503101","F1 score: 0.85, CI[0.82, 0.88]","Computational Method",,
1280,"1280.48305","Staphylococcus aureus AMR1","daptomycin","Resistant",,,,,,,,,,,"SIR XGBoost Model","202503101","F1 score: 0.30, CI[-0.26, 0.85]","Computational Method",,
611,"611.297","Salmonella enterica subsp. enterica serovar Heidelberg strain AMR588-04-00437","chloramphenicol","Resistant",,,,,,,,,,,"SIR XGBoost Model","202503101","F1 score: 0.90, CI[0.88, 0.91]","Computational Method",,
562,"562.114871","Escherichia coli AMR0265","cefepime","Resistant",,,,,,,,,,,"SIR XGBoost Model","202503101","F1 score: 0.88, CI[0.84, 0.92]","Computational Method",,
573,"573.62645","Klebsiella pneumoniae AMR180036","cefepime","Susceptible",,,,,,,,"PATRIC",,,"AdaBoost Classifier",,"Accuracy:0.697, F1 score:0.704, AUC:0.745","Computational Method",,
573,"573.62644","Klebsiella pneumoniae AMR200031","ampicillin/sulbactam",,"64.0",,"64.0","mg/L",,,,,,,"MIC XGBoost Model","202503101","W1 score: 0.99, CI[0.98, 1.00]","Computational Method",,
573,"573.62645","Klebsiella pneumoniae AMR180036","ciprofloxacin","Resistant",,,,,,,,"PATRIC",,,"AdaBoost Classifier",,"Accuracy:0.909, F1 score:0.912, AUC:0.947","Computational Method",,
562,"562.114873","Escherichia coli AMR0279","trimethoprim/sulfamethoxazole",,"16.0",,"16.0","mg/L",,,,,,,"MIC XGBoost Model","202503101","W1 score: 0.81, CI[0.76, 0.85]","Computational Method",,
1280,"1280.48294","Staphylococcus aureus AMR3","erythromycin","Resistant",,,,,,,,"PATRIC",,,"AdaBoost Classifier",,"Accuracy:0.959, F1 score:0.962, AUC:0.981","Computational Method",,
611,"611.293","Salmonella enterica subsp. enterica serovar Heidelberg strain AMR588-04-00320","ceftriaxone","Susceptible",,,,,,,,,,,"SIR XGBoost Model","202503101","F1 score: 0.98, CI[0.97, 1.00]","Computational Method",,
562,"562.114875","Escherichia coli AMR0177","aztreonam",,"64.0",,"64.0","mg/L",,,,,,,"MIC XGBoost Model","202503101","W1 score: 0.61, CI[0.50, 0.73]","Computational Method",,
562,"562.114876","Escherichia coli AMR0262","cefuroxime",,"8.0",,"8.0","mg/L",,,,,,,"MIC XGBoost Model","202503101","W1 score: 0.62, CI[0.26, 0.97]","Computational Method",,
611,"611.289","Salmonella enterica subsp. enterica serovar Heidelberg strain AMR588-04-00318","ceftiofur","Susceptible",,,,,,,,,,,"SIR XGBoost Model","202503101","F1 score: 0.98, CI[0.97, 1.00]","Computational Method",,
573,"573.65449","Klebsiella pneumoniae AMR20201034","amikacin",,"4.0",,"4.0","mg/L",,,,,,,"MIC XGBoost Model","202503101","W1 score: 0.94, CI[0.92, 0.96]","Computational Method",,
611,"611.290","Salmonella enterica subsp. enterica serovar Heidelberg strain AMR588-04-00318","streptomycin",,"2.0",,"2.0","mg/L",,,,,,,"MIC XGBoost Model","202503101","W1 score: 0.92, CI[0.90, 0.93]","Computational Method",,
562,"562.114871","Escherichia coli AMR0265","ceftazidime",,"64.0",,"64.0","mg/L",,,,,,,"MIC XGBoost Model","202503101","W1 score: 0.88, CI[0.86, 0.90]","Computational Method",,
562,"562.114873","Escherichia coli AMR0279","trimethoprim","Resistant",,,,,,,,,,,"SIR XGBoost Model","202503101","F1 score: 0.94, CI[0.91, 0.97]","Computational Method",,
611,"611.116","Salmonella enterica subsp. enterica serovar Heidelberg strain AMR588-04-00437","tetracycline",,"4.0",,"4.0","mg/L",,,,,,,"MIC XGBoost Model","202503101","W1 score: 0.99, CI[0.98, 0.99]","Computational Method",,
611,"611.297","Salmonella enterica subsp. enterica serovar Heidelberg strain AMR588-04-00437","ceftiofur","Susceptible",,,,,,,,,,,"SIR XGBoost Model","202503101","F1 score: 0.98, CI[0.97, 1.00]","Computational Method",,
611,"611.296","Salmonella enterica subsp. enterica serovar Heidelberg strain AMR588-04-00435","trimethoprim/sulfamethoxazole",,"32.0",,"32.0","mg/L",,,,,,,"MIC XGBoost Model","202503101","W1 score: 0.96, CI[0.95, 0.97]","Computational Method",,
573,"573.64652","Klebsiella pneumoniae AMR_MDS_5016","minocycline",,"8.0",,"8.0","mg/L",,,,,,,"MIC XGBoost Model","202503101","W1 score: 0.82, CI[0.69, 0.95]","Computational Method",,
573,"573.64652","Klebsiella pneumoniae AMR_MDS_5016","imipenem",,"2.0",,"2.0","mg/L",,,,,,,"MIC XGBoost Model","202503101","W1 score: 0.93, CI[0.90, 0.96]","Computational Method",,
611,"611.298","Salmonella enterica subsp. enterica serovar Heidelberg strain AMR588-04-00437","amoxicillin/clavulanic acid",,"8.0",,"8.0","mg/L",,,,,,,"MIC XGBoost Model","202503101","W1 score: 0.98, CI[0.96, 0.99]","Computational Method",,
562,"562.138665","Escherichia coli AMR_MDS_5755","streptomycin",,"16.0",,"16.0","mg/L",,,,,,,"MIC XGBoost Model","202503101","W1 score: 0.96, CI[0.90, 1.03]","Computational Method",,
573,"573.65449","Klebsiella pneumoniae AMR20201034","ciprofloxacin",,"4.0",,"4.0","mg/L",,,,,,,"MIC XGBoost Model","202503101","W1 score: 0.97, CI[0.95, 0.98]","Computational Method",,
562,"562.114877","Escherichia coli AMR0264","imipenem",,"16.0",,"16.0","mg/L",,,,,,,"MIC XGBoost Model","202503101","W1 score: 0.78, CI[0.70, 0.86]","Computational Method",,
562,"562.114875","Escherichia coli AMR0177","meropenem",,"8.0",,"8.0","mg/L",,,,,,,"MIC XGBoost Model","202503101","W1 score: 0.95, CI[0.93, 0.98]","Computational Method",,
573,"573.62644","Klebsiella pneumoniae AMR200031","tetracycline","Susceptible",,,,,,,,"PATRIC",,,"AdaBoost Classifier",,"Accuracy:0.795, F1 score:0.794, AUC:0.842","Computational Method",,
562,"562.138665","Escherichia coli AMR_MDS_5755","cefoxitin",,"8.0",,"8.0","mg/L",,,,,,,"MIC XGBoost Model","202503101","W1 score: 0.70, CI[0.51, 0.89]","Computational Method",,
611,"611.292","Salmonella enterica subsp. enterica serovar Heidelberg strain AMR588-04-00320","chloramphenicol","Resistant",,,,,,,,,,,"SIR XGBoost Model","202503101","F1 score: 0.90, CI[0.88, 0.91]","Computational Method",,
611,"611.289","Salmonella enterica subsp. enterica serovar Heidelberg strain AMR588-04-00318","cefoxitin",,"8.0",,"8.0","mg/L",,,,,,,"MIC XGBoost Model","202503101","W1 score: 0.98, CI[0.97, 1.00]","Computational Method",,
611,"611.114","Salmonella enterica subsp. enterica serovar Heidelberg strain AMR588-04-00320","ampicillin",,"32.0",,"32.0","mg/L",,,,,,,"MIC XGBoost Model","202503101","W1 score: 0.96, CI[0.95, 0.97]","Computational Method",,
562,"562.138665","Escherichia coli AMR_MDS_5755","norfloxacin","Susceptible",,,,,,,,,,,"SIR XGBoost Model","202503101","F1 score: 0.96, CI[0.92, 1.01]","Computational Method",,
562,"562.114873","Escherichia coli AMR0279","ertapenem","Resistant",,,,,,,,,,,"SIR XGBoost Model","202503101","F1 score: 0.92, CI[0.90, 0.95]","Computational Method",,
562,"562.112540","Escherichia coli AMR0278","colistin",,"4.0",,"4.0","mg/L",,,,,,,"MIC XGBoost Model","202503101","W1 score: 0.80, CI[0.64, 0.96]","Computational Method",,
1280,"1280.48290","Staphylococcus aureus AMR7","clindamycin","Susceptible",,,,,,,,,,,"SIR XGBoost Model","202503101","F1 score: 0.98, CI[0.97, 1.00]","Computational Method",,
1280,"1280.48290","Staphylococcus aureus AMR7","tetracycline","Susceptible",,,,,,,,,,,"SIR XGBoost Model","202503101","F1 score: 0.98, CI[0.97, 1.00]","Computational Method",,
1352,"1352.16767","Enterococcus faecium KU-AMR114","streptomycin","Resistant",,,,,,,,,,,"SIR XGBoost Model","202503101","F1 score: 0.98, CI[0.94, 1.02]","Computational Method",,
611,"611.295","Salmonella enterica subsp. enterica serovar Heidelberg strain AMR588-04-00435","ampicillin",,"32.0",,"32.0","mg/L",,,,,,,"MIC XGBoost Model","202503101","W1 score: 0.96, CI[0.95, 0.97]","Computational Method",,
611,"611.290","Salmonella enterica subsp. enterica serovar Heidelberg strain AMR588-04-00318","sulfisoxazole",,"64.0",,"64.0","mg/L",,,,,,,"MIC XGBoost Model","202503101","W1 score: 0.98, CI[0.97, 0.99]","Computational Method",,
573,"573.62644","Klebsiella pneumoniae AMR200031","cefepime",,"32.0",,"32.0","mg/L",,,,,,,"MIC XGBoost Model","202503101","W1 score: 0.68, CI[0.64, 0.72]","Computational Method",,
1280,"1280.48290","Staphylococcus aureus AMR7","ciprofloxacin","Resistant",,,,,,,,,,,"SIR XGBoost Model","202503101","F1 score: 0.99, CI[0.98, 1.00]","Computational Method",,
562,"562.114877","Escherichia coli AMR0264","cefazolin",,"16.0",,"16.0","mg/L",,,,,,,"MIC XGBoost Model","202503101","W1 score: 0.86, CI[0.82, 0.90]","Computational Method",,
611,"611.127","Salmonella enterica subsp. enterica serovar Heidelberg strain AMR588-04-00318","gentamicin","Susceptible",,,,,,,,,,,"SIR XGBoost Model","202503101","F1 score: 0.92, CI[0.89, 0.95]","Computational Method",,
1352,"1352.16767","Enterococcus faecium KU-AMR114","gentamicin","Resistant",,,,,,,,,,,"SIR XGBoost Model","202503101","F1 score: 0.92, CI[0.81, 1.02]","Computational Method",,
1280,"1280.48296","Staphylococcus aureus AMR26","gentamicin","Susceptible",,,,,,,,"PATRIC",,,"AdaBoost Classifier",,"Accuracy:0.984, F1 score:0.984, AUC:0.980","Computational Method",,
611,"611.111","Salmonella enterica subsp. enterica serovar Heidelberg strain AMR588-04-00435","streptomycin","Susceptible",,,,,,,,,,,"SIR XGBoost Model","202503101","F1 score: 0.94, CI[0.93, 0.96]","Computational Method",,
611,"611.114","Salmonella enterica subsp. enterica serovar Heidelberg strain AMR588-04-00320","trimethoprim/sulfamethoxazole","Susceptible",,,,,,,,,,,"SIR XGBoost Model","202503101","F1 score: 0.85, CI[0.82, 0.88]","Computational Method",,
573,"573.62641","Klebsiella pneumoniae AMR180022","cefazolin",,"16.0",,"16.0","mg/L",,,,,,,"MIC XGBoost Model","202503101","W1 score: 0.96, CI[0.95, 0.97]","Computational Method",,
573,"573.62641","Klebsiella pneumoniae AMR180022","tetracycline","Resistant",,,,,,,,"PATRIC",,,"AdaBoost Classifier",,"Accuracy:0.795, F1 score:0.794, AUC:0.842","Computational Method",,
1280,"1280.48292","Staphylococcus aureus AMR9","tetracycline","Susceptible",,,,,,,,,,,"SIR XGBoost Model","202503101","F1 score: 0.98, CI[0.97, 1.00]","Computational Method",,
611,"611.111","Salmonella enterica subsp. enterica serovar Heidelberg strain AMR588-04-00435","ampicillin","Susceptible",,,,,,,,,,,"SIR XGBoost Model","202503101","F1 score: 0.93, CI[0.92, 0.93]","Computational Method",,
611,"611.114","Salmonella enterica subsp. enterica serovar Heidelberg strain AMR588-04-00320","ceftiofur","Resistant",,,,,,,,,,,"SIR XGBoost Model","202503101","F1 score: 0.98, CI[0.97, 1.00]","Computational Method",,
562,"562.114876","Escherichia coli AMR0262","ampicillin",,"32.0",,"32.0","mg/L",,,,,,,"MIC XGBoost Model","202503101","W1 score: 0.87, CI[0.82, 0.92]","Computational Method",,
562,"562.114873","Escherichia coli AMR0279","cefepime","Resistant",,,,,,,,,,,"SIR XGBoost Model","202503101","F1 score: 0.88, CI[0.84, 0.92]","Computational Method",,
611,"611.292","Salmonella enterica subsp. enterica serovar Heidelberg strain AMR588-04-00320","tetracycline","Susceptible",,,,,,,,,,,"SIR XGBoost Model","202503101","F1 score: 0.97, CI[0.96, 0.98]","Computational Method",,
562,"562.114876","Escherichia coli AMR0262","ertapenem","Resistant",,,,,,,,,,,"SIR XGBoost Model","202503101","F1 score: 0.92, CI[0.90, 0.95]","Computational Method",,
573,"573.62645","Klebsiella pneumoniae AMR180036","gentamicin","Resistant",,,,,,,,"PATRIC",,,"AdaBoost Classifier",,"Accuracy:0.863, F1 score:0.863, AUC:0.930","Computational Method",,
573,"573.62641","Klebsiella pneumoniae AMR180022","ciprofloxacin","Resistant",,,,,,,,"PATRIC",,,"AdaBoost Classifier",,"Accuracy:0.909, F1 score:0.912, AUC:0.947","Computational Method",,
611,"611.111","Salmonella enterica subsp. enterica serovar Heidelberg strain AMR588-04-00435","cefoxitin","Susceptible",,,,,,,,,,,"SIR XGBoost Model","202503101","F1 score: 0.96, CI[0.93, 0.99]","Computational Method",,
573,"573.65449","Klebsiella pneumoniae AMR20201034","nitrofurantoin",,"128.0",,"128.0","mg/L",,,,,,,"MIC XGBoost Model","202503101","W1 score: 0.94, CI[0.91, 0.97]","Computational Method",,
562,"562.138665","Escherichia coli AMR_MDS_5755","piperacillin/tazobactam","Susceptible",,,,,,,,,,,"SIR XGBoost Model","202503101","F1 score: 0.80, CI[0.78, 0.82]","Computational Method",,
611,"611.290","Salmonella enterica subsp. enterica serovar Heidelberg strain AMR588-04-00318","ampicillin",,"64.0",,"64.0","mg/L",,,,,,,"MIC XGBoost Model","202503101","W1 score: 0.96, CI[0.95, 0.97]","Computational Method",,
562,"562.138665","Escherichia coli AMR_MDS_5755","amoxicillin/clavulanic acid","Susceptible",,,,,,,,,,,"SIR XGBoost Model","202503101","F1 score: 0.84, CI[0.81, 0.88]","Computational Method",,
1280,"1280.48290","Staphylococcus aureus AMR7","erythromycin","Resistant",,,,,,,,"PATRIC",,,"AdaBoost Classifier",,"Accuracy:0.959, F1 score:0.962, AUC:0.981","Computational Method",,
611,"611.293","Salmonella enterica subsp. enterica serovar Heidelberg strain AMR588-04-00320","kanamycin",,"16.0",,"16.0","mg/L",,,,,,,"MIC XGBoost Model","202503101","W1 score: 0.99, CI[0.98, 1.01]","Computational Method",,
573,"573.62642","Klebsiella pneumoniae AMR180026","ertapenem",,"8.0",,"8.0","mg/L",,,,,,,"MIC XGBoost Model","202503101","W1 score: 0.90, CI[0.88, 0.92]","Computational Method",,
562,"562.114871","Escherichia coli AMR0265","chloramphenicol",,"16.0",,"16.0","mg/L",,,,,,,"MIC XGBoost Model","202503101","W1 score: 0.77, CI[0.71, 0.83]","Computational Method",,
562,"562.114871","Escherichia coli AMR0265","cefalothin","Resistant",,,,,,,,,,,"SIR XGBoost Model","202503101","F1 score: 0.92, CI[0.89, 0.96]","Computational Method",,
611,"611.294","Salmonella enterica subsp. enterica serovar Heidelberg strain AMR588-04-00320","pefloxacin","Resistant",,,,,,,,,,,"SIR XGBoost Model","202503101","F1 score: 0.98, CI[0.96, 1.00]","Computational Method",,
611,"611.293","Salmonella enterica subsp. enterica serovar Heidelberg strain AMR588-04-00320","nalidixic acid","Resistant",,,,,,,,,,,"SIR XGBoost Model","202503101","F1 score: 0.95, CI[0.93, 0.96]","Computational Method",,
611,"611.296","Salmonella enterica subsp. enterica serovar Heidelberg strain AMR588-04-00435","chloramphenicol",,"32.0",,"32.0","mg/L",,,,,,,"MIC XGBoost Model","202503101","W1 score: 0.99, CI[0.98, 1.00]","Computational Method",,
573,"573.62645","Klebsiella pneumoniae AMR180036","cefuroxime",,"64.0",,"64.0","mg/L",,,,,,,"MIC XGBoost Model","202503101","W1 score: 0.98, CI[0.98, 0.99]","Computational Method",,
611,"611.116","Salmonella enterica subsp. enterica serovar Heidelberg strain AMR588-04-00437","ciprofloxacin","Susceptible",,,,,,,,,,,"SIR XGBoost Model","202503101","F1 score: 0.95, CI[0.93, 0.96]","Computational Method",,
611,"611.116","Salmonella enterica subsp. enterica serovar Heidelberg strain AMR588-04-00437","trimethoprim/sulfamethoxazole",,"0.125",,"0.125","mg/L",,,,,,,"MIC XGBoost Model","202503101","W1 score: 0.96, CI[0.95, 0.97]","Computational Method",,
573,"573.62645","Klebsiella pneumoniae AMR180036","meropenem","Susceptible",,,,,,,,"PATRIC",,,"AdaBoost Classifier",,"Accuracy:0.916, F1 score:0.922, AUC:0.949","Computational Method",,
611,"611.298","Salmonella enterica subsp. enterica serovar Heidelberg strain AMR588-04-00437","gentamicin",,"0.5",,"0.5","mg/L",,,,,,,"MIC XGBoost Model","202503101","W1 score: 0.97, CI[0.95, 0.99]","Computational Method",,
1280,"1280.48305","Staphylococcus aureus AMR1","trimethoprim/sulfamethoxazole","Susceptible",,,,,,,,"PATRIC",,,"AdaBoost Classifier",,"Accuracy:0.939, F1 score:0.956, AUC:0.974","Computational Method",,
573,"573.65449","Klebsiella pneumoniae AMR20201034","cefotaxime/clavulanic acid",,"32.0",,"32.0","mg/L",,,,,,,"MIC XGBoost Model","202503101","W1 score: 1.00, CI[1.00, 1.00]","Computational Method",,
611,"611.290","Salmonella enterica subsp. enterica serovar Heidelberg strain AMR588-04-00318","azithromycin","Susceptible",,,,,,,,,,,"SIR XGBoost Model","202503101","F1 score: 0.92, CI[0.87, 0.98]","Computational Method",,
611,"611.290","Salmonella enterica subsp. enterica serovar Heidelberg strain AMR588-04-00318","sulfisoxazole","Susceptible",,,,,,,,,,,"SIR XGBoost Model","202503101","F1 score: 0.99, CI[0.98, 1.00]","Computational Method",,
562,"562.114871","Escherichia coli AMR0265","cefepime",,"32.0",,"32.0","mg/L",,,,,,,"MIC XGBoost Model","202503101","W1 score: 0.73, CI[0.68, 0.78]","Computational Method",,
573,"573.62641","Klebsiella pneumoniae AMR180022","cefoxitin",,"32.0",,"32.0","mg/L",,,,,,,"MIC XGBoost Model","202503101","W1 score: 0.91, CI[0.90, 0.92]","Computational Method",,
562,"562.114873","Escherichia coli AMR0279","ampicillin","Susceptible",,,,,,,,,,,"SIR XGBoost Model","202503101","F1 score: 0.94, CI[0.93, 0.96]","Computational Method",,
573,"573.64652","Klebsiella pneumoniae AMR_MDS_5016","doripenem",,"1.0",,"1.0","mg/L",,,,,,,"MIC XGBoost Model","202503101","W1 score: 0.80, CI[0.78, 0.83]","Computational Method",,
611,"611.296","Salmonella enterica subsp. enterica serovar Heidelberg strain AMR588-04-00435","cefoxitin","Susceptible",,,,,,,,,,,"SIR XGBoost Model","202503101","F1 score: 0.96, CI[0.93, 0.99]","Computational Method",,
611,"611.111","Salmonella enterica subsp. enterica serovar Heidelberg strain AMR588-04-00435","amoxicillin/clavulanic acid",,"1.0",,"1.0","mg/L",,,,,,,"MIC XGBoost Model","202503101","W1 score: 0.98, CI[0.96, 0.99]","Computational Method",,
573,"573.64652","Klebsiella pneumoniae AMR_MDS_5016","cefotaxime/clavulanic acid",,"32.0",,"32.0","mg/L",,,,,,,"MIC XGBoost Model","202503101","W1 score: 1.00, CI[1.00, 1.00]","Computational Method",,
611,"611.298","Salmonella enterica subsp. enterica serovar Heidelberg strain AMR588-04-00437","ampicillin","Susceptible",,,,,,,,,,,"SIR XGBoost Model","202503101","F1 score: 0.93, CI[0.92, 0.93]","Computational Method",,
611,"611.291","Salmonella enterica subsp. enterica serovar Heidelberg strain AMR588-04-00318","cefoxitin","Susceptible",,,,,,,,,,,"SIR XGBoost Model","202503101","F1 score: 0.96, CI[0.93, 0.99]","Computational Method",,
562,"562.112540","Escherichia coli AMR0278","ampicillin/sulbactam",,"32.0",,"32.0","mg/L",,,,,,,"MIC XGBoost Model","202503101","W1 score: 0.90, CI[0.82, 0.98]","Computational Method",,
611,"611.114","Salmonella enterica subsp. enterica serovar Heidelberg strain AMR588-04-00320","sulfamethoxazole","Susceptible",,,,,,,,,,,"SIR XGBoost Model","202503101","F1 score: 0.95, CI[0.93, 0.97]","Computational Method",,
573,"573.64652","Klebsiella pneumoniae AMR_MDS_5016","levofloxacin",,"1.0",,"1.0","mg/L",,,,,,,"MIC XGBoost Model","202503101","W1 score: 0.95, CI[0.92, 0.99]","Computational Method",,
1280,"1280.48288","Staphylococcus aureus AMR8","daptomycin",,"0.5",,"0.5","mg/L",,,,,,,"MIC XGBoost Model","202503101","W1 score: 0.93, CI[0.87, 0.99]","Computational Method",,
611,"611.295","Salmonella enterica subsp. enterica serovar Heidelberg strain AMR588-04-00435","streptomycin","Susceptible",,,,,,,,,,,"SIR XGBoost Model","202503101","F1 score: 0.94, CI[0.93, 0.96]","Computational Method",,
1280,"1280.48292","Staphylococcus aureus AMR9","oxacillin",,"4.0",,"4.0","mg/L",,,,,,,"MIC XGBoost Model","202503101","W1 score: 0.86, CI[0.77, 0.95]","Computational Method",,
562,"562.114877","Escherichia coli AMR0264","ceftazidime","Resistant",,,,,,,,,,,"SIR XGBoost Model","202503101","F1 score: 0.92, CI[0.90, 0.93]","Computational Method",,
573,"573.62642","Klebsiella pneumoniae AMR180026","piperacillin/tazobactam",,"128.0",,"128.0","mg/L",,,,,,,"MIC XGBoost Model","202503101","W1 score: 0.82, CI[0.79, 0.85]","Computational Method",,
611,"611.297","Salmonella enterica subsp. enterica serovar Heidelberg strain AMR588-04-00437","sulfisoxazole","Susceptible",,,,,,,,,,,"SIR XGBoost Model","202503101","F1 score: 0.99, CI[0.98, 1.00]","Computational Method",,
573,"573.62642","Klebsiella pneumoniae AMR180026","amikacin",,"32.0",,"32.0","mg/L",,,,,,,"MIC XGBoost Model","202503101","W1 score: 0.94, CI[0.92, 0.96]","Computational Method",,
1352,"1352.16769","Enterococcus faecium KU-AMR0098","streptomycin","Resistant",,,,,,,,,,,"SIR XGBoost Model","202503101","F1 score: 0.98, CI[0.94, 1.02]","Computational Method",,
573,"573.65449","Klebsiella pneumoniae AMR20201034","ceftriaxone",,"32.0",,"32.0","mg/L",,,,,,,"MIC XGBoost Model","202503101","W1 score: 0.95, CI[0.94, 0.97]","Computational Method",,
1280,"1280.48292","Staphylococcus aureus AMR9","cefoxitin","Resistant",,,,,,,,,,,"SIR XGBoost Model","202503101","F1 score: 0.97, CI[0.96, 0.99]","Computational Method",,
611,"611.290","Salmonella enterica subsp. enterica serovar Heidelberg strain AMR588-04-00318","kanamycin",,"16.0",,"16.0","mg/L",,,,,,,"MIC XGBoost Model","202503101","W1 score: 0.99, CI[0.98, 1.01]","Computational Method",,
562,"562.114871","Escherichia coli AMR0265","ciprofloxacin",,"8.0",,"8.0","mg/L",,,,,,,"MIC XGBoost Model","202503101","W1 score: 0.95, CI[0.93, 0.97]","Computational Method",,
611,"611.295","Salmonella enterica subsp. enterica serovar Heidelberg strain AMR588-04-00435","streptomycin",,"2.0",,"2.0","mg/L",,,,,,,"MIC XGBoost Model","202503101","W1 score: 0.92, CI[0.90, 0.93]","Computational Method",,
562,"562.114871","Escherichia coli AMR0265","streptomycin","Resistant",,,,,,,,,,,"SIR XGBoost Model","202503101","F1 score: 0.96, CI[0.90, 1.02]","Computational Method",,
562,"562.114871","Escherichia coli AMR0265","imipenem","Resistant",,,,,,,,,,,"SIR XGBoost Model","202503101","F1 score: 0.96, CI[0.94, 0.98]","Computational Method",,
573,"573.65449","Klebsiella pneumoniae AMR20201034","cefazolin",,"16.0",,"16.0","mg/L",,,,,,,"MIC XGBoost Model","202503101","W1 score: 0.96, CI[0.95, 0.97]","Computational Method",,
573,"573.62642","Klebsiella pneumoniae AMR180026","imipenem",,"8.0",,"8.0","mg/L",,,,,,,"MIC XGBoost Model","202503101","W1 score: 0.93, CI[0.90, 0.96]","Computational Method",,
562,"562.114873","Escherichia coli AMR0279","norfloxacin","Resistant",,,,,,,,,,,"SIR XGBoost Model","202503101","F1 score: 0.96, CI[0.92, 1.01]","Computational Method",,
611,"611.111","Salmonella enterica subsp. enterica serovar Heidelberg strain AMR588-04-00435","kanamycin",,"8.0",,"8.0","mg/L",,,,,,,"MIC XGBoost Model","202503101","W1 score: 0.99, CI[0.98, 1.01]","Computational Method",,
1280,"1280.48288","Staphylococcus aureus AMR8","tetracycline","Susceptible",,,,,,,,,,,"SIR XGBoost Model","202503101","F1 score: 0.98, CI[0.97, 1.00]","Computational Method",,
611,"611.290","Salmonella enterica subsp. enterica serovar Heidelberg strain AMR588-04-00318","kanamycin","Susceptible",,,,,,,,,,,"SIR XGBoost Model","202503101","F1 score: 0.86, CI[0.77, 0.95]","Computational Method",,
611,"611.293","Salmonella enterica subsp. enterica serovar Heidelberg strain AMR588-04-00320","streptomycin","Susceptible",,,,,,,,,,,"SIR XGBoost Model","202503101","F1 score: 0.94, CI[0.93, 0.96]","Computational Method",,
573,"573.62644","Klebsiella pneumoniae AMR200031","imipenem",,"4.0",,"4.0","mg/L",,,,,,,"MIC XGBoost Model","202503101","W1 score: 0.93, CI[0.90, 0.96]","Computational Method",,
1352,"1352.16770","Enterococcus faecium KU-AMR0099","ampicillin","Resistant",,,,,,,,,,,"SIR XGBoost Model","202503101","F1 score: 0.98, CI[0.97, 0.98]","Computational Method",,
562,"562.114876","Escherichia coli AMR0262","ertapenem",,"8.0",,"8.0","mg/L",,,,,,,"MIC XGBoost Model","202503101","W1 score: 0.77, CI[0.66, 0.89]","Computational Method",,
573,"573.62642","Klebsiella pneumoniae AMR180026","chloramphenicol",,"32.0",,"32.0","mg/L",,,,,,,"MIC XGBoost Model","202503101","W1 score: 0.95, CI[0.89, 1.01]","Computational Method",,
573,"573.62641","Klebsiella pneumoniae AMR180022","cefoxitin","Resistant",,,,,,,,"PATRIC",,,"AdaBoost Classifier",,"Accuracy:0.805, F1 score:0.796, AUC:0.864","Computational Method",,
1280,"1280.48297","Staphylococcus aureus AMR2","trimethoprim/sulfamethoxazole","Susceptible",,,,,,,,,,,"SIR XGBoost Model","202503101","F1 score: 0.94, CI[0.89, 0.98]","Computational Method",,
562,"562.114871","Escherichia coli AMR0265","aztreonam","Resistant",,,,,,,,,,,"SIR XGBoost Model","202503101","F1 score: 0.92, CI[0.89, 0.96]","Computational Method",,
611,"611.111","Salmonella enterica subsp. enterica serovar Heidelberg strain AMR588-04-00435","sulfisoxazole","Susceptible",,,,,,,,,,,"SIR XGBoost Model","202503101","F1 score: 0.99, CI[0.98, 1.00]","Computational Method",,
562,"562.114875","Escherichia coli AMR0177","ciprofloxacin",,"8.0",,"8.0","mg/L",,,,,,,"MIC XGBoost Model","202503101","W1 score: 0.95, CI[0.93, 0.97]","Computational Method",,
573,"573.64652","Klebsiella pneumoniae AMR_MDS_5016","ertapenem",,"0.25",,"0.25","mg/L",,,,,,,"MIC XGBoost Model","202503101","W1 score: 0.90, CI[0.88, 0.92]","Computational Method",,
1352,"1352.16772","Enterococcus faecium KU-AMR0096","ampicillin","Resistant",,,,,,,,,,,"SIR XGBoost Model","202503101","F1 score: 0.98, CI[0.97, 0.98]","Computational Method",,
573,"573.62642","Klebsiella pneumoniae AMR180026","ceftriaxone",,"64.0",,"64.0","mg/L",,,,,,,"MIC XGBoost Model","202503101","W1 score: 0.95, CI[0.94, 0.97]","Computational Method",,
562,"562.138665","Escherichia coli AMR_MDS_5755","gentamicin",,"16.0",,"16.0","mg/L",,,,,,,"MIC XGBoost Model","202503101","W1 score: 0.95, CI[0.91, 0.98]","Computational Method",,
573,"573.62641","Klebsiella pneumoniae AMR180022","aztreonam",,"64.0",,"64.0","mg/L",,,,,,,"MIC XGBoost Model","202503101","W1 score: 0.86, CI[0.85, 0.88]","Computational Method",,
573,"573.62645","Klebsiella pneumoniae AMR180036","nitrofurantoin",,"128.0",,"128.0","mg/L",,,,,,,"MIC XGBoost Model","202503101","W1 score: 0.94, CI[0.91, 0.97]","Computational Method",,
562,"562.114875","Escherichia coli AMR0177","ceftriaxone",,"64.0",,"64.0","mg/L",,,,,,,"MIC XGBoost Model","202503101","W1 score: 0.83, CI[0.74, 0.91]","Computational Method",,
562,"562.114873","Escherichia coli AMR0279","cefotaxime",,"32.0",,"32.0","mg/L",,,,,,,"MIC XGBoost Model","202503101","W1 score: 0.90, CI[0.88, 0.91]","Computational Method",,
611,"611.292","Salmonella enterica subsp. enterica serovar Heidelberg strain AMR588-04-00320","ceftazidime",,"32.0",,"32.0","mg/L",,,,,,,"MIC XGBoost Model","202503101","W1 score: 0.93, CI[0.88, 0.99]","Computational Method",,
573,"573.62645","Klebsiella pneumoniae AMR180036","gentamicin",,"64.0",,"64.0","mg/L",,,,,,,"MIC XGBoost Model","202503101","W1 score: 0.94, CI[0.92, 0.95]","Computational Method",,
573,"573.65449","Klebsiella pneumoniae AMR20201034","ertapenem",,"2.0",,"2.0","mg/L",,,,,,,"MIC XGBoost Model","202503101","W1 score: 0.90, CI[0.88, 0.92]","Computational Method",,
562,"562.138665","Escherichia coli AMR_MDS_5755","gentamicin","Resistant",,,,,,,,,,,"SIR XGBoost Model","202503101","F1 score: 0.96, CI[0.95, 0.97]","Computational Method",,
562,"562.114877","Escherichia coli AMR0264","ampicillin","Resistant",,,,,,,,,,,"SIR XGBoost Model","202503101","F1 score: 0.94, CI[0.93, 0.96]","Computational Method",,
562,"562.114871","Escherichia coli AMR0265","trimethoprim","Resistant",,,,,,,,,,,"SIR XGBoost Model","202503101","F1 score: 0.94, CI[0.91, 0.97]","Computational Method",,
562,"562.114877","Escherichia coli AMR0264","tobramycin","Resistant",,,,,,,,,,,"SIR XGBoost Model","202503101","F1 score: 0.92, CI[0.88, 0.96]","Computational Method",,
562,"562.114871","Escherichia coli AMR0265","cefazolin","Resistant",,,,,,,,,,,"SIR XGBoost Model","202503101","F1 score: 0.93, CI[0.86, 0.99]","Computational Method",,
1280,"1280.48294","Staphylococcus aureus AMR3","gentamicin","Susceptible",,,,,,,,"PATRIC",,,"AdaBoost Classifier",,"Accuracy:0.984, F1 score:0.984, AUC:0.980","Computational Method",,
1280,"1280.48300","Staphylococcus aureus AMR11","penicillin","Resistant",,,,,,,,,,,"SIR XGBoost Model","202503101","F1 score: 0.94, CI[0.91, 0.98]","Computational Method",,
573,"573.62644","Klebsiella pneumoniae AMR200031","cefazolin",,"32.0",,"32.0","mg/L",,,,,,,"MIC XGBoost Model","202503101","W1 score: 0.96, CI[0.95, 0.97]","Computational Method",,
611,"611.291","Salmonella enterica subsp. enterica serovar Heidelberg strain AMR588-04-00318","ceftriaxone",,"32.0",,"32.0","mg/L",,,,,,,"MIC XGBoost Model","202503101","W1 score: 0.95, CI[0.94, 0.96]","Computational Method",,
611,"611.293","Salmonella enterica subsp. enterica serovar Heidelberg strain AMR588-04-00320","ceftiofur","Susceptible",,,,,,,,,,,"SIR XGBoost Model","202503101","F1 score: 0.98, CI[0.97, 1.00]","Computational Method",,
573,"573.62642","Klebsiella pneumoniae AMR180026","trimethoprim/sulfamethoxazole","Resistant",,,,,,,,"PATRIC",,,"AdaBoost Classifier",,"Accuracy:0.861, F1 score:0.865, AUC:0.930","Computational Method",,
611,"611.295","Salmonella enterica subsp. enterica serovar Heidelberg strain AMR588-04-00435","cefotaxime","Susceptible",,,,,,,,,,,"SIR XGBoost Model","202503101","F1 score: 0.95, CI[0.90, 0.99]","Computational Method",,
573,"573.62644","Klebsiella pneumoniae AMR200031","cefepime","Susceptible",,,,,,,,"PATRIC",,,"AdaBoost Classifier",,"Accuracy:0.697, F1 score:0.704, AUC:0.745","Computational Method",,
611,"611.295","Salmonella enterica subsp. enterica serovar Heidelberg strain AMR588-04-00435","trimethoprim","Resistant",,,,,,,,,,,"SIR XGBoost Model","202503101","F1 score: 0.86, CI[0.78, 0.93]","Computational Method",,
611,"611.295","Salmonella enterica subsp. enterica serovar Heidelberg strain AMR588-04-00435","nalidixic acid","Resistant",,,,,,,,,,,"SIR XGBoost Model","202503101","F1 score: 0.95, CI[0.93, 0.96]","Computational Method",,
562,"562.114876","Escherichia coli AMR0262","cefotaxime",,"64.0",,"64.0","mg/L",,,,,,,"MIC XGBoost Model","202503101","W1 score: 0.90, CI[0.88, 0.91]","Computational Method",,
562,"562.114875","Escherichia coli AMR0177","trimethoprim","Resistant",,,,,,,,,,,"SIR XGBoost Model","202503101","F1 score: 0.94, CI[0.91, 0.97]","Computational Method",,
611,"611.289","Salmonella enterica subsp. enterica serovar Heidelberg strain AMR588-04-00318","ciprofloxacin","Susceptible",,,,,,,,,,,"SIR XGBoost Model","202503101","F1 score: 0.95, CI[0.93, 0.96]","Computational Method",,
562,"562.114873","Escherichia coli AMR0279","trimethoprim/sulfamethoxazole","Resistant",,,,,,,,,,,"SIR XGBoost Model","202503101","F1 score: 0.94, CI[0.94, 0.95]","Computational Method",,
573,"573.62641","Klebsiella pneumoniae AMR180022","fosfomycin",,"8.0",,"8.0","mg/L",,,,,,,"MIC XGBoost Model","202503101","W1 score: 0.60, CI[0.30, 0.90]","Computational Method",,
1280,"1280.48300","Staphylococcus aureus AMR11","daptomycin","Resistant",,,,,,,,,,,"SIR XGBoost Model","202503101","F1 score: 0.30, CI[-0.26, 0.85]","Computational Method",,
611,"611.293","Salmonella enterica subsp. enterica serovar Heidelberg strain AMR588-04-00320","amoxicillin/clavulanic acid","Susceptible",,,,,,,,,,,"SIR XGBoost Model","202503101","F1 score: 0.96, CI[0.95, 0.97]","Computational Method",,
611,"611.114","Salmonella enterica subsp. enterica serovar Heidelberg strain AMR588-04-00320","cefoxitin","Resistant",,,,,,,,,,,"SIR XGBoost Model","202503101","F1 score: 0.96, CI[0.93, 0.99]","Computational Method",,
562,"562.114871","Escherichia coli AMR0265","cefazolin",,"16.0",,"16.0","mg/L",,,,,,,"MIC XGBoost Model","202503101","W1 score: 0.86, CI[0.82, 0.90]","Computational Method",,
1280,"1280.48292","Staphylococcus aureus AMR9","oxacillin","Resistant",,,,,,,,,,,"SIR XGBoost Model","202503101","F1 score: 0.91, CI[0.87, 0.96]","Computational Method",,
611,"611.294","Salmonella enterica subsp. enterica serovar Heidelberg strain AMR588-04-00320","ciprofloxacin",,"0.5",,"0.5","mg/L",,,,,,,"MIC XGBoost Model","202503101","W1 score: 0.88, CI[0.86, 0.90]","Computational Method",,
562,"562.114875","Escherichia coli AMR0177","tobramycin","Resistant",,,,,,,,,,,"SIR XGBoost Model","202503101","F1 score: 0.92, CI[0.88, 0.96]","Computational Method",,
562,"562.114871","Escherichia coli AMR0265","norfloxacin","Resistant",,,,,,,,,,,"SIR XGBoost Model","202503101","F1 score: 0.96, CI[0.92, 1.01]","Computational Method",,
562,"562.114876","Escherichia coli AMR0262","cefotetan",,"32.0",,"32.0","mg/L",,,,,,,"MIC XGBoost Model","202503101","W1 score: 1.00, CI[1.00, 1.00]","Computational Method",,
573,"573.62644","Klebsiella pneumoniae AMR200031","ertapenem",,"4.0",,"4.0","mg/L",,,,,,,"MIC XGBoost Model","202503101","W1 score: 0.90, CI[0.88, 0.92]","Computational Method",,
611,"611.298","Salmonella enterica subsp. enterica serovar Heidelberg strain AMR588-04-00437","cefoxitin","Susceptible",,,,,,,,,,,"SIR XGBoost Model","202503101","F1 score: 0.96, CI[0.93, 0.99]","Computational Method",,
611,"611.296","Salmonella enterica subsp. enterica serovar Heidelberg strain AMR588-04-00435","tetracycline","Susceptible",,,,,,,,,,,"SIR XGBoost Model","202503101","F1 score: 0.97, CI[0.96, 0.98]","Computational Method",,
1280,"1280.48288","Staphylococcus aureus AMR8","oxacillin",,"4.0",,"4.0","mg/L",,,,,,,"MIC XGBoost Model","202503101","W1 score: 0.86, CI[0.77, 0.95]","Computational Method",,
562,"562.138665","Escherichia coli AMR_MDS_5755","trimethoprim/sulfamethoxazole",,"32.0",,"32.0","mg/L",,,,,,,"MIC XGBoost Model","202503101","W1 score: 0.81, CI[0.76, 0.85]","Computational Method",,
562,"562.114876","Escherichia coli AMR0262","ceftiofur","Resistant",,,,,,,,,,,"SIR XGBoost Model","202503101","F1 score: 0.97, CI[0.88, 1.06]","Computational Method",,
573,"573.62642","Klebsiella pneumoniae AMR180026","meropenem","Susceptible",,,,,,,,"PATRIC",,,"AdaBoost Classifier",,"Accuracy:0.916, F1 score:0.922, AUC:0.949","Computational Method",,
611,"611.291","Salmonella enterica subsp. enterica serovar Heidelberg strain AMR588-04-00318","ceftiofur","Susceptible",,,,,,,,,,,"SIR XGBoost Model","202503101","F1 score: 0.98, CI[0.97, 1.00]","Computational Method",,
611,"611.116","Salmonella enterica subsp. enterica serovar Heidelberg strain AMR588-04-00437","sulfamethoxazole","Susceptible",,,,,,,,,,,"SIR XGBoost Model","202503101","F1 score: 0.95, CI[0.93, 0.97]","Computational Method",,
562,"562.114876","Escherichia coli AMR0262","imipenem","Resistant",,,,,,,,,,,"SIR XGBoost Model","202503101","F1 score: 0.96, CI[0.94, 0.98]","Computational Method",,
562,"562.114875","Escherichia coli AMR0177","sulfamethoxazole","Resistant",,,,,,,,,,,"SIR XGBoost Model","202503101","F1 score: 0.93, CI[0.88, 0.99]","Computational Method",,
611,"611.294","Salmonella enterica subsp. enterica serovar Heidelberg strain AMR588-04-00320","sulfisoxazole","Susceptible",,,,,,,,,,,"SIR XGBoost Model","202503101","F1 score: 0.99, CI[0.98, 1.00]","Computational Method",,
573,"573.62644","Klebsiella pneumoniae AMR200031","cefotaxime/clavulanic acid",,"32.0",,"32.0","mg/L",,,,,,,"MIC XGBoost Model","202503101","W1 score: 1.00, CI[1.00, 1.00]","Computational Method",,
611,"611.295","Salmonella enterica subsp. enterica serovar Heidelberg strain AMR588-04-00435","tetracycline",,"32.0",,"32.0","mg/L",,,,,,,"MIC XGBoost Model","202503101","W1 score: 0.99, CI[0.98, 0.99]","Computational Method",,
562,"562.114875","Escherichia coli AMR0177","aztreonam","Resistant",,,,,,,,,,,"SIR XGBoost Model","202503101","F1 score: 0.92, CI[0.89, 0.96]","Computational Method",,
573,"573.62642","Klebsiella pneumoniae AMR180026","cefepime",,"32.0",,"32.0","mg/L",,,,,,,"MIC XGBoost Model","202503101","W1 score: 0.68, CI[0.64, 0.72]","Computational Method",,
562,"562.138665","Escherichia coli AMR_MDS_5755","cefazolin",,"32.0",,"32.0","mg/L",,,,,,,"MIC XGBoost Model","202503101","W1 score: 0.86, CI[0.82, 0.90]","Computational Method",,
611,"611.291","Salmonella enterica subsp. enterica serovar Heidelberg strain AMR588-04-00318","trimethoprim/sulfamethoxazole",,"32.0",,"32.0","mg/L",,,,,,,"MIC XGBoost Model","202503101","W1 score: 0.96, CI[0.95, 0.97]","Computational Method",,
611,"611.116","Salmonella enterica subsp. enterica serovar Heidelberg strain AMR588-04-00437","nalidixic acid",,"4.0",,"4.0","mg/L",,,,,,,"MIC XGBoost Model","202503101","W1 score: 0.98, CI[0.97, 0.99]","Computational Method",,
611,"611.111","Salmonella enterica subsp. enterica serovar Heidelberg strain AMR588-04-00435","ampicillin",,"1.0",,"1.0","mg/L",,,,,,,"MIC XGBoost Model","202503101","W1 score: 0.96, CI[0.95, 0.97]","Computational Method",,
1352,"1352.16770","Enterococcus faecium KU-AMR0099","linezolid","Susceptible",,,,,,,,,,,"SIR XGBoost Model","202503101","F1 score: 0.94, CI[0.90, 0.98]","Computational Method",,
611,"611.292","Salmonella enterica subsp. enterica serovar Heidelberg strain AMR588-04-00320","ceftriaxone","Susceptible",,,,,,,,,,,"SIR XGBoost Model","202503101","F1 score: 0.98, CI[0.97, 1.00]","Computational Method",,
1280,"1280.48297","Staphylococcus aureus AMR2","ciprofloxacin","Resistant",,,,,,,,,,,"SIR XGBoost Model","202503101","F1 score: 0.99, CI[0.98, 1.00]","Computational Method",,
611,"611.289","Salmonella enterica subsp. enterica serovar Heidelberg strain AMR588-04-00318","cefotaxime","Susceptible",,,,,,,,,,,"SIR XGBoost Model","202503101","F1 score: 0.95, CI[0.90, 0.99]","Computational Method",,
611,"611.127","Salmonella enterica subsp. enterica serovar Heidelberg strain AMR588-04-00318","trimethoprim/sulfamethoxazole","Susceptible",,,,,,,,,,,"SIR XGBoost Model","202503101","F1 score: 0.85, CI[0.82, 0.88]","Computational Method",,
573,"573.65449","Klebsiella pneumoniae AMR20201034","amoxicillin/clavulanic acid",,"64.0",,"64.0","mg/L",,,,,,,"MIC XGBoost Model","202503101","W1 score: 0.95, CI[0.93, 0.97]","Computational Method",,
562,"562.114871","Escherichia coli AMR0265","tetracycline","Resistant",,,,,,,,,,,"SIR XGBoost Model","202503101","F1 score: 0.93, CI[0.89, 0.97]","Computational Method",,
573,"573.62644","Klebsiella pneumoniae AMR200031","meropenem",,"2.0",,"2.0","mg/L",,,,,,,"MIC XGBoost Model","202503101","W1 score: 0.91, CI[0.89, 0.93]","Computational Method",,
611,"611.292","Salmonella enterica subsp. enterica serovar Heidelberg strain AMR588-04-00320","pefloxacin","Resistant",,,,,,,,,,,"SIR XGBoost Model","202503101","F1 score: 0.98, CI[0.96, 1.00]","Computational Method",,
611,"611.291","Salmonella enterica subsp. enterica serovar Heidelberg strain AMR588-04-00318","nalidixic acid",,"8.0",,"8.0","mg/L",,,,,,,"MIC XGBoost Model","202503101","W1 score: 0.98, CI[0.97, 0.99]","Computational Method",,
573,"573.62641","Klebsiella pneumoniae AMR180022","levofloxacin","Resistant",,,,,,,,"PATRIC",,,"AdaBoost Classifier",,"Accuracy:0.917, F1 score:0.927, AUC:0.961","Computational Method",,
1280,"1280.48295","Staphylococcus aureus AMR28","methicillin","Resistant",,,,,,,,,,,"SIR XGBoost Model","202503101","F1 score: 0.99, CI[0.98, 1.00]","Computational Method",,
562,"562.114871","Escherichia coli AMR0265","meropenem",,"8.0",,"8.0","mg/L",,,,,,,"MIC XGBoost Model","202503101","W1 score: 0.95, CI[0.93, 0.98]","Computational Method",,
562,"562.114871","Escherichia coli AMR0265","gentamicin",,"2.0",,"2.0","mg/L",,,,,,,"MIC XGBoost Model","202503101","W1 score: 0.95, CI[0.91, 0.98]","Computational Method",,
573,"573.65449","Klebsiella pneumoniae AMR20201034","trimethoprim/sulfamethoxazole",,"4.0",,"4.0","mg/L",,,,,,,"MIC XGBoost Model","202503101","W1 score: 0.93, CI[0.91, 0.95]","Computational Method",,
562,"562.114875","Escherichia coli AMR0177","imipenem","Resistant",,,,,,,,,,,"SIR XGBoost Model","202503101","F1 score: 0.96, CI[0.94, 0.98]","Computational Method",,
611,"611.114","Salmonella enterica subsp. enterica serovar Heidelberg strain AMR588-04-00320","chloramphenicol",,"8.0",,"8.0","mg/L",,,,,,,"MIC XGBoost Model","202503101","W1 score: 0.99, CI[0.98, 1.00]","Computational Method",,
573,"573.62644","Klebsiella pneumoniae AMR200031","cefuroxime",,"64.0",,"64.0","mg/L",,,,,,,"MIC XGBoost Model","202503101","W1 score: 0.98, CI[0.98, 0.99]","Computational Method",,
573,"573.65449","Klebsiella pneumoniae AMR20201034","cefuroxime",,"32.0",,"32.0","mg/L",,,,,,,"MIC XGBoost Model","202503101","W1 score: 0.98, CI[0.98, 0.99]","Computational Method",,
562,"562.114873","Escherichia coli AMR0279","cefoxitin",,"16.0",,"16.0","mg/L",,,,,,,"MIC XGBoost Model","202503101","W1 score: 0.70, CI[0.51, 0.89]","Computational Method",,
562,"562.112540","Escherichia coli AMR0278","tetracycline","Resistant",,,,,,,,,,,"SIR XGBoost Model","202503101","F1 score: 0.93, CI[0.89, 0.97]","Computational Method",,
562,"562.114873","Escherichia coli AMR0279","tobramycin",,"16.0",,"16.0","mg/L",,,,,,,"MIC XGBoost Model","202503101","W1 score: 0.96, CI[0.92, 1.00]","Computational Method",,
562,"562.114876","Escherichia coli AMR0262","ciprofloxacin","Resistant",,,,,,,,,,,"SIR XGBoost Model","202503101","F1 score: 0.98, CI[0.97, 0.98]","Computational Method",,
1280,"1280.48294","Staphylococcus aureus AMR3","penicillin","Resistant",,,,,,,,"PATRIC",,,"AdaBoost Classifier",,"Accuracy:0.963, F1 score:0.964, AUC:0.979","Computational Method",,
573,"573.62642","Klebsiella pneumoniae AMR180026","polymyxin B",,"16.0",,"16.0","mg/L",,,,,,,"MIC XGBoost Model","202503101","W1 score: 0.64, CI[0.56, 0.72]","Computational Method",,
562,"562.138665","Escherichia coli AMR_MDS_5755","cefuroxime",,"8.0",,"8.0","mg/L",,,,,,,"MIC XGBoost Model","202503101","W1 score: 0.62, CI[0.26, 0.97]","Computational Method",,
562,"562.114871","Escherichia coli AMR0265","streptomycin",,"8.0",,"8.0","mg/L",,,,,,,"MIC XGBoost Model","202503101","W1 score: 0.96, CI[0.90, 1.03]","Computational Method",,
611,"611.294","Salmonella enterica subsp. enterica serovar Heidelberg strain AMR588-04-00320","ceftriaxone","Resistant",,,,,,,,,,,"SIR XGBoost Model","202503101","F1 score: 0.98, CI[0.97, 1.00]","Computational Method",,
611,"611.293","Salmonella enterica subsp. enterica serovar Heidelberg strain AMR588-04-00320","tetracycline","Susceptible",,,,,,,,,,,"SIR XGBoost Model","202503101","F1 score: 0.97, CI[0.96, 0.98]","Computational Method",,
611,"611.291","Salmonella enterica subsp. enterica serovar Heidelberg strain AMR588-04-00318","azithromycin","Susceptible",,,,,,,,,,,"SIR XGBoost Model","202503101","F1 score: 0.92, CI[0.87, 0.98]","Computational Method",,
611,"611.294","Salmonella enterica subsp. enterica serovar Heidelberg strain AMR588-04-00320","gentamicin",,"0.5",,"0.5","mg/L",,,,,,,"MIC XGBoost Model","202503101","W1 score: 0.97, CI[0.95, 0.99]","Computational Method",,
611,"611.296","Salmonella enterica subsp. enterica serovar Heidelberg strain AMR588-04-00435","sulfamethoxazole","Susceptible",,,,,,,,,,,"SIR XGBoost Model","202503101","F1 score: 0.95, CI[0.93, 0.97]","Computational Method",,
611,"611.295","Salmonella enterica subsp. enterica serovar Heidelberg strain AMR588-04-00435","ceftriaxone","Susceptible",,,,,,,,,,,"SIR XGBoost Model","202503101","F1 score: 0.98, CI[0.97, 1.00]","Computational Method",,
611,"611.116","Salmonella enterica subsp. enterica serovar Heidelberg strain AMR588-04-00437","spectinomycin","Susceptible",,,,,,,,,,,"SIR XGBoost Model","202503101","F1 score: 0.94, CI[0.90, 0.98]","Computational Method",,
611,"611.289","Salmonella enterica subsp. enterica serovar Heidelberg strain AMR588-04-00318","trimethoprim/sulfamethoxazole",,"32.0",,"32.0","mg/L",,,,,,,"MIC XGBoost Model","202503101","W1 score: 0.96, CI[0.95, 0.97]","Computational Method",,
611,"611.111","Salmonella enterica subsp. enterica serovar Heidelberg strain AMR588-04-00435","trimethoprim","Susceptible",,,,,,,,,,,"SIR XGBoost Model","202503101","F1 score: 0.86, CI[0.78, 0.93]","Computational Method",,
611,"611.292","Salmonella enterica subsp. enterica serovar Heidelberg strain AMR588-04-00320","cefotaxime",,"32.0",,"32.0","mg/L",,,,,,,"MIC XGBoost Model","202503101","W1 score: 0.95, CI[0.89, 1.00]","Computational Method",,
611,"611.290","Salmonella enterica subsp. enterica serovar Heidelberg strain AMR588-04-00318","nalidixic acid","Resistant",,,,,,,,,,,"SIR XGBoost Model","202503101","F1 score: 0.95, CI[0.93, 0.96]","Computational Method",,
573,"573.62645","Klebsiella pneumoniae AMR180036","minocycline",,"32.0",,"32.0","mg/L",,,,,,,"MIC XGBoost Model","202503101","W1 score: 0.82, CI[0.69, 0.95]","Computational Method",,
611,"611.298","Salmonella enterica subsp. enterica serovar Heidelberg strain AMR588-04-00437","cefoxitin",,"8.0",,"8.0","mg/L",,,,,,,"MIC XGBoost Model","202503101","W1 score: 0.98, CI[0.97, 1.00]","Computational Method",,
1280,"1280.48300","Staphylococcus aureus AMR11","methicillin","Resistant",,,,,,,,,,,"SIR XGBoost Model","202503101","F1 score: 0.99, CI[0.98, 1.00]","Computational Method",,
562,"562.114873","Escherichia coli AMR0279","meropenem",,"8.0",,"8.0","mg/L",,,,,,,"MIC XGBoost Model","202503101","W1 score: 0.95, CI[0.93, 0.98]","Computational Method",,
562,"562.114873","Escherichia coli AMR0279","levofloxacin",,"8.0",,"8.0","mg/L",,,,,,,"MIC XGBoost Model","202503101","W1 score: 0.87, CI[0.81, 0.93]","Computational Method",,
611,"611.289","Salmonella enterica subsp. enterica serovar Heidelberg strain AMR588-04-00318","streptomycin","Susceptible",,,,,,,,,,,"SIR XGBoost Model","202503101","F1 score: 0.94, CI[0.93, 0.96]","Computational Method",,
573,"573.62642","Klebsiella pneumoniae AMR180026","fosfomycin",,"8.0",,"8.0","mg/L",,,,,,,"MIC XGBoost Model","202503101","W1 score: 0.60, CI[0.30, 0.90]","Computational Method",,
611,"611.294","Salmonella enterica subsp. enterica serovar Heidelberg strain AMR588-04-00320","ceftazidime",,"32.0",,"32.0","mg/L",,,,,,,"MIC XGBoost Model","202503101","W1 score: 0.93, CI[0.88, 0.99]","Computational Method",,
1280,"1280.48305","Staphylococcus aureus AMR1","ciprofloxacin","Resistant",,,,,,,,,,,"SIR XGBoost Model","202503101","F1 score: 0.99, CI[0.98, 1.00]","Computational Method",,
611,"611.293","Salmonella enterica subsp. enterica serovar Heidelberg strain AMR588-04-00320","cefoxitin",,"8.0",,"8.0","mg/L",,,,,,,"MIC XGBoost Model","202503101","W1 score: 0.98, CI[0.97, 1.00]","Computational Method",,
1280,"1280.48288","Staphylococcus aureus AMR8","daptomycin","Resistant",,,,,,,,,,,"SIR XGBoost Model","202503101","F1 score: 0.30, CI[-0.26, 0.85]","Computational Method",,
611,"611.289","Salmonella enterica subsp. enterica serovar Heidelberg strain AMR588-04-00318","azithromycin",,"4.0",,"4.0","mg/L",,,,,,,"MIC XGBoost Model","202503101","W1 score: 0.99, CI[0.98, 1.00]","Computational Method",,
573,"573.65449","Klebsiella pneumoniae AMR20201034","piperacillin/tazobactam","Susceptible",,,,,,,,"PATRIC",,,"AdaBoost Classifier",,"Accuracy:0.766, F1 score:0.759, AUC:0.825","Computational Method",,
611,"611.297","Salmonella enterica subsp. enterica serovar Heidelberg strain AMR588-04-00437","ciprofloxacin","Susceptible",,,,,,,,,,,"SIR XGBoost Model","202503101","F1 score: 0.95, CI[0.93, 0.96]","Computational Method",,
562,"562.114877","Escherichia coli AMR0264","amoxicillin/clavulanic acid",,"32.0",,"32.0","mg/L",,,,,,,"MIC XGBoost Model","202503101","W1 score: 0.97, CI[0.96, 0.98]","Computational Method",,
562,"562.138665","Escherichia coli AMR_MDS_5755","meropenem","Susceptible",,,,,,,,,,,"SIR XGBoost Model","202503101","F1 score: 0.76, CI[0.68, 0.84]","Computational Method",,
1280,"1280.48294","Staphylococcus aureus AMR3","trimethoprim/sulfamethoxazole","Susceptible",,,,,,,,,,,"SIR XGBoost Model","202503101","F1 score: 0.94, CI[0.89, 0.98]","Computational Method",,
562,"562.114873","Escherichia coli AMR0279","cefepime",,"32.0",,"32.0","mg/L",,,,,,,"MIC XGBoost Model","202503101","W1 score: 0.73, CI[0.68, 0.78]","Computational Method",,
611,"611.293","Salmonella enterica subsp. enterica serovar Heidelberg strain AMR588-04-00320","ciprofloxacin",,"0.5",,"0.5","mg/L",,,,,,,"MIC XGBoost Model","202503101","W1 score: 0.88, CI[0.86, 0.90]","Computational Method",,
573,"573.62645","Klebsiella pneumoniae AMR180036","amikacin",,"32.0",,"32.0","mg/L",,,,,,,"MIC XGBoost Model","202503101","W1 score: 0.94, CI[0.92, 0.96]","Computational Method",,
1280,"1280.48294","Staphylococcus aureus AMR3","tetracycline","Susceptible",,,,,,,,,,,"SIR XGBoost Model","202503101","F1 score: 0.98, CI[0.97, 1.00]","Computational Method",,
1280,"1280.48292","Staphylococcus aureus AMR9","ciprofloxacin","Susceptible",,,,,,,,"PATRIC",,,"AdaBoost Classifier",,"Accuracy:0.977, F1 score:0.980, AUC:0.982","Computational Method",,
611,"611.127","Salmonella enterica subsp. enterica serovar Heidelberg strain AMR588-04-00318","cefoxitin",,"32.0",,"32.0","mg/L",,,,,,,"MIC XGBoost Model","202503101","W1 score: 0.98, CI[0.97, 1.00]","Computational Method",,
611,"611.294","Salmonella enterica subsp. enterica serovar Heidelberg strain AMR588-04-00320","streptomycin",,"2.0",,"2.0","mg/L",,,,,,,"MIC XGBoost Model","202503101","W1 score: 0.92, CI[0.90, 0.93]","Computational Method",,
562,"562.114871","Escherichia coli AMR0265","nalidixic acid",,"64.0",,"64.0","mg/L",,,,,,,"MIC XGBoost Model","202503101","W1 score: 0.64, CI[0.33, 0.95]","Computational Method",,
1280,"1280.48294","Staphylococcus aureus AMR3","clindamycin","Susceptible",,,,,,,,"PATRIC",,,"AdaBoost Classifier",,"Accuracy:0.963, F1 score:0.965, AUC:0.977","Computational Method",,
573,"573.62644","Klebsiella pneumoniae AMR200031","chloramphenicol",,"32.0",,"32.0","mg/L",,,,,,,"MIC XGBoost Model","202503101","W1 score: 0.95, CI[0.89, 1.01]","Computational Method",,
562,"562.138665","Escherichia coli AMR_MDS_5755","ampicillin","Resistant",,,,,,,,,,,"SIR XGBoost Model","202503101","F1 score: 0.94, CI[0.93, 0.96]","Computational Method",,
573,"573.62645","Klebsiella pneumoniae AMR180036","ertapenem","Susceptible",,,,,,,,"PATRIC",,,"AdaBoost Classifier",,"Accuracy:0.956, F1 score:0.955, AUC:0.972","Computational Method",,
562,"562.112540","Escherichia coli AMR0278","sulfamethoxazole","Resistant",,,,,,,,,,,"SIR XGBoost Model","202503101","F1 score: 0.93, CI[0.88, 0.99]","Computational Method",,
1280,"1280.48292","Staphylococcus aureus AMR9","fusidic acid","Susceptible",,,,,,,,,,,"SIR XGBoost Model","202503101","F1 score: 0.97, CI[0.96, 0.98]","Computational Method",,
1280,"1280.48290","Staphylococcus aureus AMR7","gentamicin","Susceptible",,,,,,,,,,,"SIR XGBoost Model","202503101","F1 score: 0.99, CI[0.99, 1.00]","Computational Method",,
562,"562.114871","Escherichia coli AMR0265","ceftriaxone","Resistant",,,,,,,,,,,"SIR XGBoost Model","202503101","F1 score: 0.96, CI[0.92, 0.99]","Computational Method",,
573,"573.62645","Klebsiella pneumoniae AMR180036","amoxicillin/clavulanic acid",,"32.0",,"32.0","mg/L",,,,,,,"MIC XGBoost Model","202503101","W1 score: 0.95, CI[0.93, 0.97]","Computational Method",,
1280,"1280.48288","Staphylococcus aureus AMR8","cefoxitin","Resistant",,,,,,,,,,,"SIR XGBoost Model","202503101","F1 score: 0.97, CI[0.96, 0.99]","Computational Method",,
1280,"1280.48295","Staphylococcus aureus AMR28","ciprofloxacin","Susceptible",,,,,,,,"PATRIC",,,"AdaBoost Classifier",,"Accuracy:0.977, F1 score:0.980, AUC:0.982","Computational Method",,
562,"562.114875","Escherichia coli AMR0177","ampicillin",,"32.0",,"32.0","mg/L",,,,,,,"MIC XGBoost Model","202503101","W1 score: 0.87, CI[0.82, 0.92]","Computational Method",,
611,"611.290","Salmonella enterica subsp. enterica serovar Heidelberg strain AMR588-04-00318","cefoxitin","Resistant",,,,,,,,,,,"SIR XGBoost Model","202503101","F1 score: 0.96, CI[0.93, 0.99]","Computational Method",,
573,"573.65449","Klebsiella pneumoniae AMR20201034","cefotaxime",,"64.0",,"64.0","mg/L",,,,,,,"MIC XGBoost Model","202503101","W1 score: 0.92, CI[0.90, 0.94]","Computational Method",,
573,"573.65449","Klebsiella pneumoniae AMR20201034","tobramycin","Resistant",,,,,,,,"PATRIC",,,"AdaBoost Classifier",,"Accuracy:0.882, F1 score:0.889, AUC:0.939","Computational Method",,
562,"562.114876","Escherichia coli AMR0262","tetracycline","Resistant",,,,,,,,,,,"SIR XGBoost Model","202503101","F1 score: 0.93, CI[0.89, 0.97]","Computational Method",,
562,"562.114876","Escherichia coli AMR0262","imipenem",,"8.0",,"8.0","mg/L",,,,,,,"MIC XGBoost Model","202503101","W1 score: 0.78, CI[0.70, 0.86]","Computational Method",,
573,"573.62645","Klebsiella pneumoniae AMR180036","ceftazidime",,"64.0",,"64.0","mg/L",,,,,,,"MIC XGBoost Model","202503101","W1 score: 0.92, CI[0.90, 0.93]","Computational Method",,
1280,"1280.48300","Staphylococcus aureus AMR11","clindamycin","Susceptible",,,,,,,,,,,"SIR XGBoost Model","202503101","F1 score: 0.98, CI[0.97, 1.00]","Computational Method",,
562,"562.114873","Escherichia coli AMR0279","ampicillin",,"32.0",,"32.0","mg/L",,,,,,,"MIC XGBoost Model","202503101","W1 score: 0.87, CI[0.82, 0.92]","Computational Method",,
573,"573.62642","Klebsiella pneumoniae AMR180026","cefoxitin",,"32.0",,"32.0","mg/L",,,,,,,"MIC XGBoost Model","202503101","W1 score: 0.91, CI[0.90, 0.92]","Computational Method",,
562,"562.112540","Escherichia coli AMR0278","imipenem",,"16.0",,"16.0","mg/L",,,,,,,"MIC XGBoost Model","202503101","W1 score: 0.78, CI[0.70, 0.86]","Computational Method",,
562,"562.114876","Escherichia coli AMR0262","chloramphenicol","Susceptible",,,,,,,,,,,"SIR XGBoost Model","202503101","F1 score: 0.96, CI[0.93, 0.99]","Computational Method",,
562,"562.114873","Escherichia coli AMR0279","aztreonam",,"32.0",,"32.0","mg/L",,,,,,,"MIC XGBoost Model","202503101","W1 score: 0.61, CI[0.50, 0.73]","Computational Method",,
562,"562.114871","Escherichia coli AMR0265","cefotaxime",,"64.0",,"64.0","mg/L",,,,,,,"MIC XGBoost Model","202503101","W1 score: 0.90, CI[0.88, 0.91]","Computational Method",,
611,"611.293","Salmonella enterica subsp. enterica serovar Heidelberg strain AMR588-04-00320","spectinomycin","Susceptible",,,,,,,,,,,"SIR XGBoost Model","202503101","F1 score: 0.94, CI[0.90, 0.98]","Computational Method",,
562,"562.114873","Escherichia coli AMR0279","nitrofurantoin",,"16.0",,"16.0","mg/L",,,,,,,"MIC XGBoost Model","202503101","W1 score: 0.95, CI[0.90, 1.01]","Computational Method",,
1280,"1280.48288","Staphylococcus aureus AMR8","clindamycin","Susceptible",,,,,,,,,,,"SIR XGBoost Model","202503101","F1 score: 0.98, CI[0.97, 1.00]","Computational Method",,
611,"611.290","Salmonella enterica subsp. enterica serovar Heidelberg strain AMR588-04-00318","streptomycin","Susceptible",,,,,,,,,,,"SIR XGBoost Model","202503101","F1 score: 0.94, CI[0.93, 0.96]","Computational Method",,
611,"611.298","Salmonella enterica subsp. enterica serovar Heidelberg strain AMR588-04-00437","azithromycin",,"4.0",,"4.0","mg/L",,,,,,,"MIC XGBoost Model","202503101","W1 score: 0.99, CI[0.98, 1.00]","Computational Method",,
573,"573.62641","Klebsiella pneumoniae AMR180022","colistin",,"4.0",,"4.0","mg/L",,,,,,,"MIC XGBoost Model","202503101","W1 score: 0.65, CI[0.55, 0.75]","Computational Method",,
562,"562.112540","Escherichia coli AMR0278","norfloxacin","Resistant",,,,,,,,,,,"SIR XGBoost Model","202503101","F1 score: 0.96, CI[0.92, 1.01]","Computational Method",,
562,"562.112540","Escherichia coli AMR0278","trimethoprim/sulfamethoxazole",,"8.0",,"8.0","mg/L",,,,,,,"MIC XGBoost Model","202503101","W1 score: 0.81, CI[0.76, 0.85]","Computational Method",,
562,"562.112540","Escherichia coli AMR0278","ceftazidime",,"128.0",,"128.0","mg/L",,,,,,,"MIC XGBoost Model","202503101","W1 score: 0.88, CI[0.86, 0.90]","Computational Method",,
562,"562.112540","Escherichia coli AMR0278","amoxicillin/clavulanic acid",,"32.0",,"32.0","mg/L",,,,,,,"MIC XGBoost Model","202503101","W1 score: 0.97, CI[0.96, 0.98]","Computational Method",,
1280,"1280.48297","Staphylococcus aureus AMR2","tetracycline","Susceptible",,,,,,,,"PATRIC",,,"AdaBoost Classifier",,"Accuracy:0.975, F1 score:0.974, AUC:0.986","Computational Method",,
611,"611.127","Salmonella enterica subsp. enterica serovar Heidelberg strain AMR588-04-00318","ampicillin",,"32.0",,"32.0","mg/L",,,,,,,"MIC XGBoost Model","202503101","W1 score: 0.96, CI[0.95, 0.97]","Computational Method",,
1280,"1280.48292","Staphylococcus aureus AMR9","trimethoprim/sulfamethoxazole","Susceptible",,,,,,,,,,,"SIR XGBoost Model","202503101","F1 score: 0.94, CI[0.89, 0.98]","Computational Method",,
611,"611.127","Salmonella enterica subsp. enterica serovar Heidelberg strain AMR588-04-00318","ciprofloxacin",,"0.015625",,"0.015625","mg/L",,,,,,,"MIC XGBoost Model","202503101","W1 score: 0.88, CI[0.86, 0.90]","Computational Method",,
562,"562.114873","Escherichia coli AMR0279","amoxicillin/clavulanic acid","Susceptible",,,,,,,,,,,"SIR XGBoost Model","202503101","F1 score: 0.84, CI[0.81, 0.88]","Computational Method",,
1280,"1280.48294","Staphylococcus aureus AMR3","ciprofloxacin","Susceptible",,,,,,,,"PATRIC",,,"AdaBoost Classifier",,"Accuracy:0.977, F1 score:0.980, AUC:0.982","Computational Method",,
1280,"1280.48296","Staphylococcus aureus AMR26","methicillin","Resistant",,,,,,,,,,,"SIR XGBoost Model","202503101","F1 score: 0.99, CI[0.98, 1.00]","Computational Method",,
611,"611.293","Salmonella enterica subsp. enterica serovar Heidelberg strain AMR588-04-00320","gentamicin","Resistant",,,,,,,,,,,"SIR XGBoost Model","202503101","F1 score: 0.92, CI[0.89, 0.95]","Computational Method",,
1280,"1280.48290","Staphylococcus aureus AMR7","trimethoprim/sulfamethoxazole","Susceptible",,,,,,,,,,,"SIR XGBoost Model","202503101","F1 score: 0.94, CI[0.89, 0.98]","Computational Method",,
573,"573.64652","Klebsiella pneumoniae AMR_MDS_5016","tobramycin","Susceptible",,,,,,,,"PATRIC",,,"AdaBoost Classifier",,"Accuracy:0.882, F1 score:0.889, AUC:0.939","Computational Method",,
573,"573.62644","Klebsiella pneumoniae AMR200031","ertapenem","Susceptible",,,,,,,,"PATRIC",,,"AdaBoost Classifier",,"Accuracy:0.956, F1 score:0.955, AUC:0.972","Computational Method",,
573,"573.65449","Klebsiella pneumoniae AMR20201034","aztreonam",,"32.0",,"32.0","mg/L",,,,,,,"MIC XGBoost Model","202503101","W1 score: 0.86, CI[0.85, 0.88]","Computational Method",,
611,"611.297","Salmonella enterica subsp. enterica serovar Heidelberg strain AMR588-04-00437","nalidixic acid","Resistant",,,,,,,,,,,"SIR XGBoost Model","202503101","F1 score: 0.95, CI[0.93, 0.96]","Computational Method",,
611,"611.298","Salmonella enterica subsp. enterica serovar Heidelberg strain AMR588-04-00437","spectinomycin","Susceptible",,,,,,,,,,,"SIR XGBoost Model","202503101","F1 score: 0.94, CI[0.90, 0.98]","Computational Method",,
1280,"1280.48297","Staphylococcus aureus AMR2","clindamycin","Susceptible",,,,,,,,,,,"SIR XGBoost Model","202503101","F1 score: 0.98, CI[0.97, 1.00]","Computational Method",,
611,"611.297","Salmonella enterica subsp. enterica serovar Heidelberg strain AMR588-04-00437","cefotaxime",,"32.0",,"32.0","mg/L",,,,,,,"MIC XGBoost Model","202503101","W1 score: 0.95, CI[0.89, 1.00]","Computational Method",,
611,"611.298","Salmonella enterica subsp. enterica serovar Heidelberg strain AMR588-04-00437","sulfamethoxazole","Susceptible",,,,,,,,,,,"SIR XGBoost Model","202503101","F1 score: 0.95, CI[0.93, 0.97]","Computational Method",,
611,"611.291","Salmonella enterica subsp. enterica serovar Heidelberg strain AMR588-04-00318","ciprofloxacin",,"0.5",,"0.5","mg/L",,,,,,,"MIC XGBoost Model","202503101","W1 score: 0.88, CI[0.86, 0.90]","Computational Method",,
1280,"1280.48300","Staphylococcus aureus AMR11","gentamicin","Susceptible",,,,,,,,"PATRIC",,,"AdaBoost Classifier",,"Accuracy:0.984, F1 score:0.984, AUC:0.980","Computational Method",,
611,"611.295","Salmonella enterica subsp. enterica serovar Heidelberg strain AMR588-04-00435","ciprofloxacin",,"0.5",,"0.5","mg/L",,,,,,,"MIC XGBoost Model","202503101","W1 score: 0.88, CI[0.86, 0.90]","Computational Method",,
562,"562.114871","Escherichia coli AMR0265","ertapenem","Resistant",,,,,,,,,,,"SIR XGBoost Model","202503101","F1 score: 0.92, CI[0.90, 0.95]","Computational Method",,
562,"562.114875","Escherichia coli AMR0177","cefoxitin",,"32.0",,"32.0","mg/L",,,,,,,"MIC XGBoost Model","202503101","W1 score: 0.70, CI[0.51, 0.89]","Computational Method",,
611,"611.296","Salmonella enterica subsp. enterica serovar Heidelberg strain AMR588-04-00435","streptomycin","Susceptible",,,,,,,,,,,"SIR XGBoost Model","202503101","F1 score: 0.94, CI[0.93, 0.96]","Computational Method",,
611,"611.114","Salmonella enterica subsp. enterica serovar Heidelberg strain AMR588-04-00320","meropenem",,"0.125",,"0.125","mg/L",,,,,,,"MIC XGBoost Model","202503101","W1 score: 0.95, CI[0.90, 1.01]","Computational Method",,
573,"573.62642","Klebsiella pneumoniae AMR180026","gentamicin",,"64.0",,"64.0","mg/L",,,,,,,"MIC XGBoost Model","202503101","W1 score: 0.94, CI[0.92, 0.95]","Computational Method",,
611,"611.297","Salmonella enterica subsp. enterica serovar Heidelberg strain AMR588-04-00437","ceftriaxone",,"64.0",,"64.0","mg/L",,,,,,,"MIC XGBoost Model","202503101","W1 score: 0.95, CI[0.94, 0.96]","Computational Method",,
1280,"1280.48305","Staphylococcus aureus AMR1","tetracycline","Susceptible",,,,,,,,,,,"SIR XGBoost Model","202503101","F1 score: 0.98, CI[0.97, 1.00]","Computational Method",,
1280,"1280.48288","Staphylococcus aureus AMR8","penicillin","Resistant",,,,,,,,,,,"SIR XGBoost Model","202503101","F1 score: 0.94, CI[0.91, 0.98]","Computational Method",,
573,"573.65449","Klebsiella pneumoniae AMR20201034","gentamicin","Resistant",,,,,,,,"PATRIC",,,"AdaBoost Classifier",,"Accuracy:0.863, F1 score:0.863, AUC:0.930","Computational Method",,
573,"573.62642","Klebsiella pneumoniae AMR180026","cefotaxime/clavulanic acid",,"32.0",,"32.0","mg/L",,,,,,,"MIC XGBoost Model","202503101","W1 score: 1.00, CI[1.00, 1.00]","Computational Method",,
573,"573.64652","Klebsiella pneumoniae AMR_MDS_5016","aztreonam",,"4.0",,"4.0","mg/L",,,,,,,"MIC XGBoost Model","202503101","W1 score: 0.86, CI[0.85, 0.88]","Computational Method",,
562,"562.114877","Escherichia coli AMR0264","trimethoprim/sulfamethoxazole",,"8.0",,"8.0","mg/L",,,,,,,"MIC XGBoost Model","202503101","W1 score: 0.81, CI[0.76, 0.85]","Computational Method",,
611,"611.116","Salmonella enterica subsp. enterica serovar Heidelberg strain AMR588-04-00437","ceftiofur",,"1.0",,"1.0","mg/L",,,,,,,"MIC XGBoost Model","202503101","W1 score: 0.99, CI[0.98, 0.99]","Computational Method",,
1280,"1280.48295","Staphylococcus aureus AMR28","tetracycline","Susceptible",,,,,,,,"PATRIC",,,"AdaBoost Classifier",,"Accuracy:0.975, F1 score:0.974, AUC:0.986","Computational Method",,
573,"573.64652","Klebsiella pneumoniae AMR_MDS_5016","ceftazidime",,"2.0",,"2.0","mg/L",,,,,,,"MIC XGBoost Model","202503101","W1 score: 0.92, CI[0.90, 0.93]","Computational Method",,
562,"562.114875","Escherichia coli AMR0177","gentamicin",,"32.0",,"32.0","mg/L",,,,,,,"MIC XGBoost Model","202503101","W1 score: 0.95, CI[0.91, 0.98]","Computational Method",,
573,"573.62644","Klebsiella pneumoniae AMR200031","tobramycin",,"8.0",,"8.0","mg/L",,,,,,,"MIC XGBoost Model","202503101","W1 score: 0.93, CI[0.92, 0.95]","Computational Method",,
611,"611.289","Salmonella enterica subsp. enterica serovar Heidelberg strain AMR588-04-00318","ampicillin","Susceptible",,,,,,,,,,,"SIR XGBoost Model","202503101","F1 score: 0.93, CI[0.92, 0.93]","Computational Method",,
611,"611.127","Salmonella enterica subsp. enterica serovar Heidelberg strain AMR588-04-00318","ceftriaxone","Resistant",,,,,,,,,,,"SIR XGBoost Model","202503101","F1 score: 0.98, CI[0.97, 1.00]","Computational Method",,
611,"611.114","Salmonella enterica subsp. enterica serovar Heidelberg strain AMR588-04-00320","streptomycin","Susceptible",,,,,,,,,,,"SIR XGBoost Model","202503101","F1 score: 0.94, CI[0.93, 0.96]","Computational Method",,
562,"562.112540","Escherichia coli AMR0278","tetracycline",,"16.0",,"16.0","mg/L",,,,,,,"MIC XGBoost Model","202503101","W1 score: 0.79, CI[0.71, 0.87]","Computational Method",,
1352,"1352.16772","Enterococcus faecium KU-AMR0096","gentamicin","Resistant",,,,,,,,,,,"SIR XGBoost Model","202503101","F1 score: 0.92, CI[0.81, 1.02]","Computational Method",,
562,"562.114876","Escherichia coli AMR0262","cefazolin","Resistant",,,,,,,,,,,"SIR XGBoost Model","202503101","F1 score: 0.93, CI[0.86, 0.99]","Computational Method",,
1280,"1280.48290","Staphylococcus aureus AMR7","erythromycin","Resistant",,,,,,,,,,,"SIR XGBoost Model","202503101","F1 score: 0.98, CI[0.97, 0.99]","Computational Method",,
611,"611.114","Salmonella enterica subsp. enterica serovar Heidelberg strain AMR588-04-00320","nalidixic acid","Susceptible",,,,,,,,,,,"SIR XGBoost Model","202503101","F1 score: 0.95, CI[0.93, 0.96]","Computational Method",,
611,"611.289","Salmonella enterica subsp. enterica serovar Heidelberg strain AMR588-04-00318","ceftiofur",,"1.0",,"1.0","mg/L",,,,,,,"MIC XGBoost Model","202503101","W1 score: 0.99, CI[0.98, 0.99]","Computational Method",,
562,"562.138665","Escherichia coli AMR_MDS_5755","nalidixic acid","Susceptible",,,,,,,,,,,"SIR XGBoost Model","202503101","F1 score: 0.98, CI[0.96, 1.00]","Computational Method",,
611,"611.289","Salmonella enterica subsp. enterica serovar Heidelberg strain AMR588-04-00318","ampicillin",,"32.0",,"32.0","mg/L",,,,,,,"MIC XGBoost Model","202503101","W1 score: 0.96, CI[0.95, 0.97]","Computational Method",,
1280,"1280.48300","Staphylococcus aureus AMR11","gentamicin","Susceptible",,,,,,,,,,,"SIR XGBoost Model","202503101","F1 score: 0.99, CI[0.99, 1.00]","Computational Method",,
1280,"1280.48290","Staphylococcus aureus AMR7","penicillin","Resistant",,,,,,,,,,,"SIR XGBoost Model","202503101","F1 score: 0.94, CI[0.91, 0.98]","Computational Method",,
562,"562.114876","Escherichia coli AMR0262","cefoxitin","Resistant",,,,,,,,,,,"SIR XGBoost Model","202503101","F1 score: 0.88, CI[0.83, 0.92]","Computational Method",,
562,"562.114876","Escherichia coli AMR0262","meropenem","Resistant",,,,,,,,,,,"SIR XGBoost Model","202503101","F1 score: 0.76, CI[0.68, 0.84]","Computational Method",,
1280,"1280.48293","Staphylococcus aureus AMR6","trimethoprim/sulfamethoxazole","Susceptible",,,,,,,,"PATRIC",,,"AdaBoost Classifier",,"Accuracy:0.939, F1 score:0.956, AUC:0.974","Computational Method",,
562,"562.114873","Escherichia coli AMR0279","gentamicin",,"32.0",,"32.0","mg/L",,,,,,,"MIC XGBoost Model","202503101","W1 score: 0.95, CI[0.91, 0.98]","Computational Method",,
573,"573.62642","Klebsiella pneumoniae AMR180026","nitrofurantoin",,"128.0",,"128.0","mg/L",,,,,,,"MIC XGBoost Model","202503101","W1 score: 0.94, CI[0.91, 0.97]","Computational Method",,
1280,"1280.48296","Staphylococcus aureus AMR26","methicillin","Resistant",,,,,,,,"PATRIC",,,"AdaBoost Classifier",,"Accuracy:0.989, F1 score:0.989, AUC:0.994","Computational Method",,
573,"573.65449","Klebsiella pneumoniae AMR20201034","colistin",,"1.0",,"1.0","mg/L",,,,,,,"MIC XGBoost Model","202503101","W1 score: 0.65, CI[0.55, 0.75]","Computational Method",,
611,"611.291","Salmonella enterica subsp. enterica serovar Heidelberg strain AMR588-04-00318","chloramphenicol",,"32.0",,"32.0","mg/L",,,,,,,"MIC XGBoost Model","202503101","W1 score: 0.99, CI[0.98, 1.00]","Computational Method",,
611,"611.294","Salmonella enterica subsp. enterica serovar Heidelberg strain AMR588-04-00320","ciprofloxacin","Susceptible",,,,,,,,,,,"SIR XGBoost Model","202503101","F1 score: 0.95, CI[0.93, 0.96]","Computational Method",,
573,"573.62642","Klebsiella pneumoniae AMR180026","levofloxacin",,"8.0",,"8.0","mg/L",,,,,,,"MIC XGBoost Model","202503101","W1 score: 0.95, CI[0.92, 0.99]","Computational Method",,
562,"562.138665","Escherichia coli AMR_MDS_5755","aztreonam",,"2.0",,"2.0","mg/L",,,,,,,"MIC XGBoost Model","202503101","W1 score: 0.61, CI[0.50, 0.73]","Computational Method",,
573,"573.62641","Klebsiella pneumoniae AMR180022","cefuroxime",,"64.0",,"64.0","mg/L",,,,,,,"MIC XGBoost Model","202503101","W1 score: 0.98, CI[0.98, 0.99]","Computational Method",,
573,"573.62642","Klebsiella pneumoniae AMR180026","ampicillin",,"64.0",,"64.0","mg/L",,,,,,,"MIC XGBoost Model","202503101","W1 score: 0.99, CI[0.98, 1.00]","Computational Method",,
562,"562.114876","Escherichia coli AMR0262","tobramycin","Resistant",,,,,,,,,,,"SIR XGBoost Model","202503101","F1 score: 0.92, CI[0.88, 0.96]","Computational Method",,
562,"562.112540","Escherichia coli AMR0278","streptomycin","Resistant",,,,,,,,,,,"SIR XGBoost Model","202503101","F1 score: 0.96, CI[0.90, 1.02]","Computational Method",,
562,"562.112540","Escherichia coli AMR0278","ciprofloxacin","Resistant",,,,,,,,,,,"SIR XGBoost Model","202503101","F1 score: 0.98, CI[0.97, 0.98]","Computational Method",,
611,"611.296","Salmonella enterica subsp. enterica serovar Heidelberg strain AMR588-04-00435","gentamicin","Resistant",,,,,,,,,,,"SIR XGBoost Model","202503101","F1 score: 0.92, CI[0.89, 0.95]","Computational Method",,
1352,"1352.16769","Enterococcus faecium KU-AMR0098","vancomycin","Resistant",,,,,,,,,,,"SIR XGBoost Model","202503101","F1 score: 0.97, CI[0.96, 0.98]","Computational Method",,
1280,"1280.48300","Staphylococcus aureus AMR11","tetracycline","Resistant",,,,,,,,"PATRIC",,,"AdaBoost Classifier",,"Accuracy:0.975, F1 score:0.974, AUC:0.986","Computational Method",,
611,"611.297","Salmonella enterica subsp. enterica serovar Heidelberg strain AMR588-04-00437","sulfisoxazole",,"32.0",,"32.0","mg/L",,,,,,,"MIC XGBoost Model","202503101","W1 score: 0.98, CI[0.97, 0.99]","Computational Method",,
611,"611.298","Salmonella enterica subsp. enterica serovar Heidelberg strain AMR588-04-00437","meropenem",,"32.0",,"32.0","mg/L",,,,,,,"MIC XGBoost Model","202503101","W1 score: 0.95, CI[0.90, 1.01]","Computational Method",,
611,"611.295","Salmonella enterica subsp. enterica serovar Heidelberg strain AMR588-04-00435","sulfisoxazole","Susceptible",,,,,,,,,,,"SIR XGBoost Model","202503101","F1 score: 0.99, CI[0.98, 1.00]","Computational Method",,
1280,"1280.48297","Staphylococcus aureus AMR2","erythromycin","Resistant",,,,,,,,"PATRIC",,,"AdaBoost Classifier",,"Accuracy:0.959, F1 score:0.962, AUC:0.981","Computational Method",,
573,"573.62645","Klebsiella pneumoniae AMR180036","piperacillin/tazobactam",,"128.0",,"128.0","mg/L",,,,,,,"MIC XGBoost Model","202503101","W1 score: 0.82, CI[0.79, 0.85]","Computational Method",,
562,"562.114877","Escherichia coli AMR0264","ceftazidime",,"128.0",,"128.0","mg/L",,,,,,,"MIC XGBoost Model","202503101","W1 score: 0.88, CI[0.86, 0.90]","Computational Method",,
611,"611.116","Salmonella enterica subsp. enterica serovar Heidelberg strain AMR588-04-00437","ampicillin","Susceptible",,,,,,,,,,,"SIR XGBoost Model","202503101","F1 score: 0.93, CI[0.92, 0.93]","Computational Method",,
611,"611.289","Salmonella enterica subsp. enterica serovar Heidelberg strain AMR588-04-00318","meropenem",,"32.0",,"32.0","mg/L",,,,,,,"MIC XGBoost Model","202503101","W1 score: 0.95, CI[0.90, 1.01]","Computational Method",,
1280,"1280.48300","Staphylococcus aureus AMR11","oxacillin",,"4.0",,"4.0","mg/L",,,,,,,"MIC XGBoost Model","202503101","W1 score: 0.86, CI[0.77, 0.95]","Computational Method",,
1280,"1280.48288","Staphylococcus aureus AMR8","trimethoprim/sulfamethoxazole","Susceptible",,,,,,,,,,,"SIR XGBoost Model","202503101","F1 score: 0.94, CI[0.89, 0.98]","Computational Method",,
611,"611.291","Salmonella enterica subsp. enterica serovar Heidelberg strain AMR588-04-00318","tetracycline",,"32.0",,"32.0","mg/L",,,,,,,"MIC XGBoost Model","202503101","W1 score: 0.99, CI[0.98, 0.99]","Computational Method",,
611,"611.295","Salmonella enterica subsp. enterica serovar Heidelberg strain AMR588-04-00435","cefoxitin",,"8.0",,"8.0","mg/L",,,,,,,"MIC XGBoost Model","202503101","W1 score: 0.98, CI[0.97, 1.00]","Computational Method",,
611,"611.295","Salmonella enterica subsp. enterica serovar Heidelberg strain AMR588-04-00435","trimethoprim/sulfamethoxazole","Susceptible",,,,,,,,,,,"SIR XGBoost Model","202503101","F1 score: 0.85, CI[0.82, 0.88]","Computational Method",,
1280,"1280.48297","Staphylococcus aureus AMR2","oxacillin",,"4.0",,"4.0","mg/L",,,,,,,"MIC XGBoost Model","202503101","W1 score: 0.86, CI[0.77, 0.95]","Computational Method",,
562,"562.112540","Escherichia coli AMR0278","cefuroxime",,"8.0",,"8.0","mg/L",,,,,,,"MIC XGBoost Model","202503101","W1 score: 0.62, CI[0.26, 0.97]","Computational Method",,
611,"611.292","Salmonella enterica subsp. enterica serovar Heidelberg strain AMR588-04-00320","gentamicin",,"0.5",,"0.5","mg/L",,,,,,,"MIC XGBoost Model","202503101","W1 score: 0.97, CI[0.95, 0.99]","Computational Method",,
611,"611.290","Salmonella enterica subsp. enterica serovar Heidelberg strain AMR588-04-00318","ciprofloxacin",,"0.5",,"0.5","mg/L",,,,,,,"MIC XGBoost Model","202503101","W1 score: 0.88, CI[0.86, 0.90]","Computational Method",,
562,"562.138665","Escherichia coli AMR_MDS_5755","ceftazidime",,"4.0",,"4.0","mg/L",,,,,,,"MIC XGBoost Model","202503101","W1 score: 0.88, CI[0.86, 0.90]","Computational Method",,
573,"573.62642","Klebsiella pneumoniae AMR180026","ertapenem","Susceptible",,,,,,,,"PATRIC",,,"AdaBoost Classifier",,"Accuracy:0.956, F1 score:0.955, AUC:0.972","Computational Method",,
611,"611.294","Salmonella enterica subsp. enterica serovar Heidelberg strain AMR588-04-00320","kanamycin",,"16.0",,"16.0","mg/L",,,,,,,"MIC XGBoost Model","202503101","W1 score: 0.99, CI[0.98, 1.01]","Computational Method",,
562,"562.114875","Escherichia coli AMR0177","tigecycline",,"0.5",,"0.5","mg/L",,,,,,,"MIC XGBoost Model","202503101","W1 score: 0.98, CI[0.91, 1.04]","Computational Method",,
562,"562.114876","Escherichia coli AMR0262","aztreonam",,"64.0",,"64.0","mg/L",,,,,,,"MIC XGBoost Model","202503101","W1 score: 0.61, CI[0.50, 0.73]","Computational Method",,
573,"573.64652","Klebsiella pneumoniae AMR_MDS_5016","trimethoprim/sulfamethoxazole","Susceptible",,,,,,,,"PATRIC",,,"AdaBoost Classifier",,"Accuracy:0.861, F1 score:0.865, AUC:0.930","Computational Method",,
611,"611.289","Salmonella enterica subsp. enterica serovar Heidelberg strain AMR588-04-00318","ceftriaxone","Susceptible",,,,,,,,,,,"SIR XGBoost Model","202503101","F1 score: 0.98, CI[0.97, 1.00]","Computational Method",,
562,"562.114871","Escherichia coli AMR0265","ceftazidime","Resistant",,,,,,,,,,,"SIR XGBoost Model","202503101","F1 score: 0.92, CI[0.90, 0.93]","Computational Method",,
562,"562.114875","Escherichia coli AMR0177","ertapenem",,"4.0",,"4.0","mg/L",,,,,,,"MIC XGBoost Model","202503101","W1 score: 0.77, CI[0.66, 0.89]","Computational Method",,
611,"611.289","Salmonella enterica subsp. enterica serovar Heidelberg strain AMR588-04-00318","amoxicillin/clavulanic acid",,"8.0",,"8.0","mg/L",,,,,,,"MIC XGBoost Model","202503101","W1 score: 0.98, CI[0.96, 0.99]","Computational Method",,
562,"562.114877","Escherichia coli AMR0264","sulfamethoxazole","Resistant",,,,,,,,,,,"SIR XGBoost Model","202503101","F1 score: 0.93, CI[0.88, 0.99]","Computational Method",,
562,"562.114875","Escherichia coli AMR0177","trimethoprim/sulfamethoxazole",,"16.0",,"16.0","mg/L",,,,,,,"MIC XGBoost Model","202503101","W1 score: 0.81, CI[0.76, 0.85]","Computational Method",,
611,"611.293","Salmonella enterica subsp. enterica serovar Heidelberg strain AMR588-04-00320","tetracycline",,"32.0",,"32.0","mg/L",,,,,,,"MIC XGBoost Model","202503101","W1 score: 0.99, CI[0.98, 0.99]","Computational Method",,
611,"611.294","Salmonella enterica subsp. enterica serovar Heidelberg strain AMR588-04-00320","amoxicillin/clavulanic acid",,"64.0",,"64.0","mg/L",,,,,,,"MIC XGBoost Model","202503101","W1 score: 0.98, CI[0.96, 0.99]","Computational Method",,
573,"573.62641","Klebsiella pneumoniae AMR180022","amoxicillin/clavulanic acid",,"32.0",,"32.0","mg/L",,,,,,,"MIC XGBoost Model","202503101","W1 score: 0.95, CI[0.93, 0.97]","Computational Method",,
611,"611.294","Salmonella enterica subsp. enterica serovar Heidelberg strain AMR588-04-00320","ceftiofur","Resistant",,,,,,,,,,,"SIR XGBoost Model","202503101","F1 score: 0.98, CI[0.97, 1.00]","Computational Method",,
611,"611.127","Salmonella enterica subsp. enterica serovar Heidelberg strain AMR588-04-00318","chloramphenicol","Susceptible",,,,,,,,,,,"SIR XGBoost Model","202503101","F1 score: 0.90, CI[0.88, 0.91]","Computational Method",,
611,"611.296","Salmonella enterica subsp. enterica serovar Heidelberg strain AMR588-04-00435","trimethoprim/sulfamethoxazole","Susceptible",,,,,,,,,,,"SIR XGBoost Model","202503101","F1 score: 0.85, CI[0.82, 0.88]","Computational Method",,
562,"562.114877","Escherichia coli AMR0264","ceftiofur","Resistant",,,,,,,,,,,"SIR XGBoost Model","202503101","F1 score: 0.97, CI[0.88, 1.06]","Computational Method",,
1280,"1280.48305","Staphylococcus aureus AMR1","erythromycin","Resistant",,,,,,,,"PATRIC",,,"AdaBoost Classifier",,"Accuracy:0.959, F1 score:0.962, AUC:0.981","Computational Method",,
562,"562.114875","Escherichia coli AMR0177","cefoxitin","Resistant",,,,,,,,,,,"SIR XGBoost Model","202503101","F1 score: 0.88, CI[0.83, 0.92]","Computational Method",,
562,"562.114871","Escherichia coli AMR0265","cefuroxime","Resistant",,,,,,,,,,,"SIR XGBoost Model","202503101","F1 score: 0.88, CI[0.86, 0.90]","Computational Method",,
1280,"1280.48305","Staphylococcus aureus AMR1","cefoxitin","Resistant",,,,,,,,,,,"SIR XGBoost Model","202503101","F1 score: 0.97, CI[0.96, 0.99]","Computational Method",,
1280,"1280.48296","Staphylococcus aureus AMR26","trimethoprim/sulfamethoxazole","Susceptible",,,,,,,,,,,"SIR XGBoost Model","202503101","F1 score: 0.94, CI[0.89, 0.98]","Computational Method",,
1280,"1280.48294","Staphylococcus aureus AMR3","methicillin","Resistant",,,,,,,,,,,"SIR XGBoost Model","202503101","F1 score: 0.99, CI[0.98, 1.00]","Computational Method",,
562,"562.114871","Escherichia coli AMR0265","nitrofurantoin",,"16.0",,"16.0","mg/L",,,,,,,"MIC XGBoost Model","202503101","W1 score: 0.95, CI[0.90, 1.01]","Computational Method",,
611,"611.293","Salmonella enterica subsp. enterica serovar Heidelberg strain AMR588-04-00320","ampicillin","Susceptible",,,,,,,,,,,"SIR XGBoost Model","202503101","F1 score: 0.93, CI[0.92, 0.93]","Computational Method",,
611,"611.111","Salmonella enterica subsp. enterica serovar Heidelberg strain AMR588-04-00435","streptomycin",,"16.0",,"16.0","mg/L",,,,,,,"MIC XGBoost Model","202503101","W1 score: 0.92, CI[0.90, 0.93]","Computational Method",,
573,"573.62644","Klebsiella pneumoniae AMR200031","gentamicin",,"8.0",,"8.0","mg/L",,,,,,,"MIC XGBoost Model","202503101","W1 score: 0.94, CI[0.92, 0.95]","Computational Method",,
573,"573.62645","Klebsiella pneumoniae AMR180036","ampicillin",,"64.0",,"64.0","mg/L",,,,,,,"MIC XGBoost Model","202503101","W1 score: 0.99, CI[0.98, 1.00]","Computational Method",,
562,"562.138665","Escherichia coli AMR_MDS_5755","ertapenem","Susceptible",,,,,,,,,,,"SIR XGBoost Model","202503101","F1 score: 0.92, CI[0.90, 0.95]","Computational Method",,
611,"611.292","Salmonella enterica subsp. enterica serovar Heidelberg strain AMR588-04-00320","nalidixic acid",,"8.0",,"8.0","mg/L",,,,,,,"MIC XGBoost Model","202503101","W1 score: 0.98, CI[0.97, 0.99]","Computational Method",,
573,"573.62645","Klebsiella pneumoniae AMR180036","imipenem",,"8.0",,"8.0","mg/L",,,,,,,"MIC XGBoost Model","202503101","W1 score: 0.93, CI[0.90, 0.96]","Computational Method",,
573,"573.64652","Klebsiella pneumoniae AMR_MDS_5016","ciprofloxacin","Susceptible",,,,,,,,"PATRIC",,,"AdaBoost Classifier",,"Accuracy:0.909, F1 score:0.912, AUC:0.947","Computational Method",,
611,"611.290","Salmonella enterica subsp. enterica serovar Heidelberg strain AMR588-04-00318","cefotaxime",,"32.0",,"32.0","mg/L",,,,,,,"MIC XGBoost Model","202503101","W1 score: 0.95, CI[0.89, 1.00]","Computational Method",,
611,"611.127","Salmonella enterica subsp. enterica serovar Heidelberg strain AMR588-04-00318","chloramphenicol",,"8.0",,"8.0","mg/L",,,,,,,"MIC XGBoost Model","202503101","W1 score: 0.99, CI[0.98, 1.00]","Computational Method",,
562,"562.114877","Escherichia coli AMR0264","gentamicin","Resistant",,,,,,,,,,,"SIR XGBoost Model","202503101","F1 score: 0.96, CI[0.95, 0.97]","Computational Method",,
562,"562.114876","Escherichia coli AMR0262","cefepime",,"32.0",,"32.0","mg/L",,,,,,,"MIC XGBoost Model","202503101","W1 score: 0.73, CI[0.68, 0.78]","Computational Method",,
611,"611.116","Salmonella enterica subsp. enterica serovar Heidelberg strain AMR588-04-00437","azithromycin",,"4.0",,"4.0","mg/L",,,,,,,"MIC XGBoost Model","202503101","W1 score: 0.99, CI[0.98, 1.00]","Computational Method",,
611,"611.114","Salmonella enterica subsp. enterica serovar Heidelberg strain AMR588-04-00320","tetracycline",,"4.0",,"4.0","mg/L",,,,,,,"MIC XGBoost Model","202503101","W1 score: 0.99, CI[0.98, 0.99]","Computational Method",,
562,"562.114873","Escherichia coli AMR0279","cefazolin",,"16.0",,"16.0","mg/L",,,,,,,"MIC XGBoost Model","202503101","W1 score: 0.86, CI[0.82, 0.90]","Computational Method",,
562,"562.114877","Escherichia coli AMR0264","ampicillin/sulbactam",,"32.0",,"32.0","mg/L",,,,,,,"MIC XGBoost Model","202503101","W1 score: 0.90, CI[0.82, 0.98]","Computational Method",,
562,"562.138665","Escherichia coli AMR_MDS_5755","ampicillin/sulbactam","Susceptible",,,,,,,,,,,"SIR XGBoost Model","202503101","F1 score: 0.88, CI[0.79, 0.98]","Computational Method",,
611,"611.290","Salmonella enterica subsp. enterica serovar Heidelberg strain AMR588-04-00318","pefloxacin","Resistant",,,,,,,,,,,"SIR XGBoost Model","202503101","F1 score: 0.98, CI[0.96, 1.00]","Computational Method",,
562,"562.114871","Escherichia coli AMR0265","doripenem",,"8.0",,"8.0","mg/L",,,,,,,"MIC XGBoost Model","202503101","W1 score: 0.56, CI[0.34, 0.79]","Computational Method",,
611,"611.295","Salmonella enterica subsp. enterica serovar Heidelberg strain AMR588-04-00435","cefoxitin","Susceptible",,,,,,,,,,,"SIR XGBoost Model","202503101","F1 score: 0.96, CI[0.93, 0.99]","Computational Method",,
573,"573.64652","Klebsiella pneumoniae AMR_MDS_5016","colistin",,"2.0",,"2.0","mg/L",,,,,,,"MIC XGBoost Model","202503101","W1 score: 0.65, CI[0.55, 0.75]","Computational Method",,
562,"562.138665","Escherichia coli AMR_MDS_5755","trimethoprim/sulfamethoxazole","Susceptible",,,,,,,,,,,"SIR XGBoost Model","202503101","F1 score: 0.94, CI[0.94, 0.95]","Computational Method",,
611,"611.292","Salmonella enterica subsp. enterica serovar Heidelberg strain AMR588-04-00320","sulfamethoxazole","Susceptible",,,,,,,,,,,"SIR XGBoost Model","202503101","F1 score: 0.95, CI[0.93, 0.97]","Computational Method",,
562,"562.114871","Escherichia coli AMR0265","aztreonam",,"32.0",,"32.0","mg/L",,,,,,,"MIC XGBoost Model","202503101","W1 score: 0.61, CI[0.50, 0.73]","Computational Method",,
562,"562.114873","Escherichia coli AMR0279","ciprofloxacin",,"8.0",,"8.0","mg/L",,,,,,,"MIC XGBoost Model","202503101","W1 score: 0.95, CI[0.93, 0.97]","Computational Method",,
573,"573.65449","Klebsiella pneumoniae AMR20201034","chloramphenicol",,"16.0",,"16.0","mg/L",,,,,,,"MIC XGBoost Model","202503101","W1 score: 0.95, CI[0.89, 1.01]","Computational Method",,
573,"573.65449","Klebsiella pneumoniae AMR20201034","ertapenem","Susceptible",,,,,,,,"PATRIC",,,"AdaBoost Classifier",,"Accuracy:0.956, F1 score:0.955, AUC:0.972","Computational Method",,
611,"611.297","Salmonella enterica subsp. enterica serovar Heidelberg strain AMR588-04-00437","ampicillin",,"32.0",,"32.0","mg/L",,,,,,,"MIC XGBoost Model","202503101","W1 score: 0.96, CI[0.95, 0.97]","Computational Method",,
1280,"1280.48290","Staphylococcus aureus AMR7","oxacillin","Resistant",,,,,,,,,,,"SIR XGBoost Model","202503101","F1 score: 0.91, CI[0.87, 0.96]","Computational Method",,
562,"562.112540","Escherichia coli AMR0278","gentamicin",,"16.0",,"16.0","mg/L",,,,,,,"MIC XGBoost Model","202503101","W1 score: 0.95, CI[0.91, 0.98]","Computational Method",,
562,"562.114871","Escherichia coli AMR0265","tobramycin","Resistant",,,,,,,,,,,"SIR XGBoost Model","202503101","F1 score: 0.92, CI[0.88, 0.96]","Computational Method",,
562,"562.112540","Escherichia coli AMR0278","aztreonam",,"64.0",,"64.0","mg/L",,,,,,,"MIC XGBoost Model","202503101","W1 score: 0.61, CI[0.50, 0.73]","Computational Method",,
562,"562.114873","Escherichia coli AMR0279","cefotetan",,"32.0",,"32.0","mg/L",,,,,,,"MIC XGBoost Model","202503101","W1 score: 1.00, CI[1.00, 1.00]","Computational Method",,
611,"611.296","Salmonella enterica subsp. enterica serovar Heidelberg strain AMR588-04-00435","trimethoprim","Resistant",,,,,,,,,,,"SIR XGBoost Model","202503101","F1 score: 0.86, CI[0.78, 0.93]","Computational Method",,
611,"611.127","Salmonella enterica subsp. enterica serovar Heidelberg strain AMR588-04-00318","amoxicillin/clavulanic acid",,"32.0",,"32.0","mg/L",,,,,,,"MIC XGBoost Model","202503101","W1 score: 0.98, CI[0.96, 0.99]","Computational Method",,
611,"611.116","Salmonella enterica subsp. enterica serovar Heidelberg strain AMR588-04-00437","streptomycin","Susceptible",,,,,,,,,,,"SIR XGBoost Model","202503101","F1 score: 0.94, CI[0.93, 0.96]","Computational Method",,
611,"611.111","Salmonella enterica subsp. enterica serovar Heidelberg strain AMR588-04-00435","pefloxacin","Susceptible",,,,,,,,,,,"SIR XGBoost Model","202503101","F1 score: 0.98, CI[0.96, 1.00]","Computational Method",,
611,"611.127","Salmonella enterica subsp. enterica serovar Heidelberg strain AMR588-04-00318","cefotaxime","Susceptible",,,,,,,,,,,"SIR XGBoost Model","202503101","F1 score: 0.95, CI[0.90, 0.99]","Computational Method",,
562,"562.112540","Escherichia coli AMR0278","ceftriaxone","Resistant",,,,,,,,,,,"SIR XGBoost Model","202503101","F1 score: 0.96, CI[0.92, 0.99]","Computational Method",,
562,"562.138665","Escherichia coli AMR_MDS_5755","cefepime",,"1.0",,"1.0","mg/L",,,,,,,"MIC XGBoost Model","202503101","W1 score: 0.73, CI[0.68, 0.78]","Computational Method",,
1280,"1280.48292","Staphylococcus aureus AMR9","methicillin","Resistant",,,,,,,,"PATRIC",,,"AdaBoost Classifier",,"Accuracy:0.989, F1 score:0.989, AUC:0.994","Computational Method",,
573,"573.64652","Klebsiella pneumoniae AMR_MDS_5016","imipenem","Susceptible",,,,,,,,"PATRIC",,,"AdaBoost Classifier",,"Accuracy:0.931, F1 score:0.935, AUC:0.950","Computational Method",,
611,"611.294","Salmonella enterica subsp. enterica serovar Heidelberg strain AMR588-04-00320","ceftriaxone",,"32.0",,"32.0","mg/L",,,,,,,"MIC XGBoost Model","202503101","W1 score: 0.95, CI[0.94, 0.96]","Computational Method",,
611,"611.296","Salmonella enterica subsp. enterica serovar Heidelberg strain AMR588-04-00435","nalidixic acid","Resistant",,,,,,,,,,,"SIR XGBoost Model","202503101","F1 score: 0.95, CI[0.93, 0.96]","Computational Method",,
573,"573.64652","Klebsiella pneumoniae AMR_MDS_5016","tetracycline","Susceptible",,,,,,,,"PATRIC",,,"AdaBoost Classifier",,"Accuracy:0.795, F1 score:0.794, AUC:0.842","Computational Method",,
573,"573.62641","Klebsiella pneumoniae AMR180022","polymyxin B",,"8.0",,"8.0","mg/L",,,,,,,"MIC XGBoost Model","202503101","W1 score: 0.64, CI[0.56, 0.72]","Computational Method",,
562,"562.114877","Escherichia coli AMR0264","ceftriaxone","Resistant",,,,,,,,,,,"SIR XGBoost Model","202503101","F1 score: 0.96, CI[0.92, 0.99]","Computational Method",,
611,"611.291","Salmonella enterica subsp. enterica serovar Heidelberg strain AMR588-04-00318","pefloxacin","Resistant",,,,,,,,,,,"SIR XGBoost Model","202503101","F1 score: 0.98, CI[0.96, 1.00]","Computational Method",,
611,"611.111","Salmonella enterica subsp. enterica serovar Heidelberg strain AMR588-04-00435","tetracycline",,"4.0",,"4.0","mg/L",,,,,,,"MIC XGBoost Model","202503101","W1 score: 0.99, CI[0.98, 0.99]","Computational Method",,
562,"562.138665","Escherichia coli AMR_MDS_5755","cefoxitin","Susceptible",,,,,,,,,,,"SIR XGBoost Model","202503101","F1 score: 0.88, CI[0.83, 0.92]","Computational Method",,
611,"611.116","Salmonella enterica subsp. enterica serovar Heidelberg strain AMR588-04-00437","ampicillin",,"1.0",,"1.0","mg/L",,,,,,,"MIC XGBoost Model","202503101","W1 score: 0.96, CI[0.95, 0.97]","Computational Method",,
562,"562.112540","Escherichia coli AMR0278","ampicillin","Resistant",,,,,,,,,,,"SIR XGBoost Model","202503101","F1 score: 0.94, CI[0.93, 0.96]","Computational Method",,
562,"562.114875","Escherichia coli AMR0177","doripenem",,"2.0",,"2.0","mg/L",,,,,,,"MIC XGBoost Model","202503101","W1 score: 0.56, CI[0.34, 0.79]","Computational Method",,
562,"562.114875","Escherichia coli AMR0177","ampicillin/sulbactam","Resistant",,,,,,,,,,,"SIR XGBoost Model","202503101","F1 score: 0.88, CI[0.79, 0.98]","Computational Method",,
573,"573.62642","Klebsiella pneumoniae AMR180026","aztreonam",,"64.0",,"64.0","mg/L",,,,,,,"MIC XGBoost Model","202503101","W1 score: 0.86, CI[0.85, 0.88]","Computational Method",,
573,"573.65449","Klebsiella pneumoniae AMR20201034","cefepime",,"32.0",,"32.0","mg/L",,,,,,,"MIC XGBoost Model","202503101","W1 score: 0.68, CI[0.64, 0.72]","Computational Method",,
1280,"1280.48290","Staphylococcus aureus AMR7","fusidic acid","Susceptible",,,,,,,,,,,"SIR XGBoost Model","202503101","F1 score: 0.97, CI[0.96, 0.98]","Computational Method",,
611,"611.293","Salmonella enterica subsp. enterica serovar Heidelberg strain AMR588-04-00320","chloramphenicol","Resistant",,,,,,,,,,,"SIR XGBoost Model","202503101","F1 score: 0.90, CI[0.88, 0.91]","Computational Method",,
573,"573.62645","Klebsiella pneumoniae AMR180036","doripenem",,"8.0",,"8.0","mg/L",,,,,,,"MIC XGBoost Model","202503101","W1 score: 0.80, CI[0.78, 0.83]","Computational Method",,
562,"562.138665","Escherichia coli AMR_MDS_5755","sulfamethoxazole","Susceptible",,,,,,,,,,,"SIR XGBoost Model","202503101","F1 score: 0.93, CI[0.88, 0.99]","Computational Method",,
611,"611.111","Salmonella enterica subsp. enterica serovar Heidelberg strain AMR588-04-00435","cefotaxime",,"32.0",,"32.0","mg/L",,,,,,,"MIC XGBoost Model","202503101","W1 score: 0.95, CI[0.89, 1.00]","Computational Method",,
1280,"1280.48293","Staphylococcus aureus AMR6","penicillin","Resistant",,,,,,,,,,,"SIR XGBoost Model","202503101","F1 score: 0.94, CI[0.91, 0.98]","Computational Method",,
1280,"1280.48295","Staphylococcus aureus AMR28","erythromycin","Susceptible",,,,,,,,,,,"SIR XGBoost Model","202503101","F1 score: 0.98, CI[0.97, 0.99]","Computational Method",,
562,"562.114876","Escherichia coli AMR0262","trimethoprim","Resistant",,,,,,,,,,,"SIR XGBoost Model","202503101","F1 score: 0.94, CI[0.91, 0.97]","Computational Method",,
611,"611.291","Salmonella enterica subsp. enterica serovar Heidelberg strain AMR588-04-00318","ciprofloxacin","Susceptible",,,,,,,,,,,"SIR XGBoost Model","202503101","F1 score: 0.95, CI[0.93, 0.96]","Computational Method",,
573,"573.62644","Klebsiella pneumoniae AMR200031","nitrofurantoin",,"128.0",,"128.0","mg/L",,,,,,,"MIC XGBoost Model","202503101","W1 score: 0.94, CI[0.91, 0.97]","Computational Method",,
611,"611.111","Salmonella enterica subsp. enterica serovar Heidelberg strain AMR588-04-00435","kanamycin","Susceptible",,,,,,,,,,,"SIR XGBoost Model","202503101","F1 score: 0.86, CI[0.77, 0.95]","Computational Method",,
611,"611.297","Salmonella enterica subsp. enterica serovar Heidelberg strain AMR588-04-00437","cefotaxime","Susceptible",,,,,,,,,,,"SIR XGBoost Model","202503101","F1 score: 0.95, CI[0.90, 0.99]","Computational Method",,
562,"562.138665","Escherichia coli AMR_MDS_5755","ciprofloxacin","Susceptible",,,,,,,,,,,"SIR XGBoost Model","202503101","F1 score: 0.98, CI[0.97, 0.98]","Computational Method",,
611,"611.291","Salmonella enterica subsp. enterica serovar Heidelberg strain AMR588-04-00318","ampicillin",,"32.0",,"32.0","mg/L",,,,,,,"MIC XGBoost Model","202503101","W1 score: 0.96, CI[0.95, 0.97]","Computational Method",,
573,"573.62645","Klebsiella pneumoniae AMR180036","levofloxacin",,"8.0",,"8.0","mg/L",,,,,,,"MIC XGBoost Model","202503101","W1 score: 0.95, CI[0.92, 0.99]","Computational Method",,
611,"611.289","Salmonella enterica subsp. enterica serovar Heidelberg strain AMR588-04-00318","gentamicin","Resistant",,,,,,,,,,,"SIR XGBoost Model","202503101","F1 score: 0.92, CI[0.89, 0.95]","Computational Method",,
562,"562.114876","Escherichia coli AMR0262","ceftriaxone","Resistant",,,,,,,,,,,"SIR XGBoost Model","202503101","F1 score: 0.96, CI[0.92, 0.99]","Computational Method",,
1280,"1280.48290","Staphylococcus aureus AMR7","methicillin","Resistant",,,,,,,,,,,"SIR XGBoost Model","202503101","F1 score: 0.99, CI[0.98, 1.00]","Computational Method",,
1352,"1352.16769","Enterococcus faecium KU-AMR0098","gentamicin","Susceptible",,,,,,,,,,,"SIR XGBoost Model","202503101","F1 score: 0.92, CI[0.81, 1.02]","Computational Method",,
562,"562.114877","Escherichia coli AMR0264","tetracycline",,"16.0",,"16.0","mg/L",,,,,,,"MIC XGBoost Model","202503101","W1 score: 0.79, CI[0.71, 0.87]","Computational Method",,
562,"562.114871","Escherichia coli AMR0265","gentamicin","Resistant",,,,,,,,,,,"SIR XGBoost Model","202503101","F1 score: 0.96, CI[0.95, 0.97]","Computational Method",,
573,"573.64652","Klebsiella pneumoniae AMR_MDS_5016","cefazolin",,"16.0",,"16.0","mg/L",,,,,,,"MIC XGBoost Model","202503101","W1 score: 0.96, CI[0.95, 0.97]","Computational Method",,
611,"611.289","Salmonella enterica subsp. enterica serovar Heidelberg strain AMR588-04-00318","kanamycin",,"16.0",,"16.0","mg/L",,,,,,,"MIC XGBoost Model","202503101","W1 score: 0.99, CI[0.98, 1.01]","Computational Method",,
611,"611.297","Salmonella enterica subsp. enterica serovar Heidelberg strain AMR588-04-00437","chloramphenicol",,"32.0",,"32.0","mg/L",,,,,,,"MIC XGBoost Model","202503101","W1 score: 0.99, CI[0.98, 1.00]","Computational Method",,
611,"611.295","Salmonella enterica subsp. enterica serovar Heidelberg strain AMR588-04-00435","ciprofloxacin","Susceptible",,,,,,,,,,,"SIR XGBoost Model","202503101","F1 score: 0.95, CI[0.93, 0.96]","Computational Method",,
1352,"1352.16770","Enterococcus faecium KU-AMR0099","vancomycin","Resistant",,,,,,,,,,,"SIR XGBoost Model","202503101","F1 score: 0.97, CI[0.96, 0.98]","Computational Method",,
611,"611.298","Salmonella enterica subsp. enterica serovar Heidelberg strain AMR588-04-00437","amoxicillin/clavulanic acid","Susceptible",,,,,,,,,,,"SIR XGBoost Model","202503101","F1 score: 0.96, CI[0.95, 0.97]","Computational Method",,
611,"611.291","Salmonella enterica subsp. enterica serovar Heidelberg strain AMR588-04-00318","nalidixic acid","Resistant",,,,,,,,,,,"SIR XGBoost Model","202503101","F1 score: 0.95, CI[0.93, 0.96]","Computational Method",,
1280,"1280.48295","Staphylococcus aureus AMR28","tetracycline","Susceptible",,,,,,,,,,,"SIR XGBoost Model","202503101","F1 score: 0.98, CI[0.97, 1.00]","Computational Method",,
562,"562.114871","Escherichia coli AMR0265","ampicillin/sulbactam","Resistant",,,,,,,,,,,"SIR XGBoost Model","202503101","F1 score: 0.88, CI[0.79, 0.98]","Computational Method",,
1280,"1280.48292","Staphylococcus aureus AMR9","vancomycin",,"1.0",,"1.0","mg/L",,,,,,,"MIC XGBoost Model","202503101","W1 score: 1.00, CI[1.00, 1.00]","Computational Method",,
562,"562.114873","Escherichia coli AMR0279","ceftazidime",,"32.0",,"32.0","mg/L",,,,,,,"MIC XGBoost Model","202503101","W1 score: 0.88, CI[0.86, 0.90]","Computational Method",,
573,"573.62645","Klebsiella pneumoniae AMR180036","tetracycline","Resistant",,,,,,,,"PATRIC",,,"AdaBoost Classifier",,"Accuracy:0.795, F1 score:0.794, AUC:0.842","Computational Method",,
562,"562.114877","Escherichia coli AMR0264","amoxicillin/clavulanic acid","Resistant",,,,,,,,,,,"SIR XGBoost Model","202503101","F1 score: 0.84, CI[0.81, 0.88]","Computational Method",,
1280,"1280.48295","Staphylococcus aureus AMR28","fusidic acid","Susceptible",,,,,,,,,,,"SIR XGBoost Model","202503101","F1 score: 0.97, CI[0.96, 0.98]","Computational Method",,
611,"611.296","Salmonella enterica subsp. enterica serovar Heidelberg strain AMR588-04-00435","amoxicillin/clavulanic acid","Susceptible",,,,,,,,,,,"SIR XGBoost Model","202503101","F1 score: 0.96, CI[0.95, 0.97]","Computational Method",,
1280,"1280.48297","Staphylococcus aureus AMR2","clindamycin","Susceptible",,,,,,,,"PATRIC",,,"AdaBoost Classifier",,"Accuracy:0.963, F1 score:0.965, AUC:0.977","Computational Method",,
562,"562.138665","Escherichia coli AMR_MDS_5755","cefalothin","Susceptible",,,,,,,,,,,"SIR XGBoost Model","202503101","F1 score: 0.92, CI[0.89, 0.96]","Computational Method",,
611,"611.296","Salmonella enterica subsp. enterica serovar Heidelberg strain AMR588-04-00435","ampicillin",,"32.0",,"32.0","mg/L",,,,,,,"MIC XGBoost Model","202503101","W1 score: 0.96, CI[0.95, 0.97]","Computational Method",,
611,"611.293","Salmonella enterica subsp. enterica serovar Heidelberg strain AMR588-04-00320","trimethoprim/sulfamethoxazole",,"32.0",,"32.0","mg/L",,,,,,,"MIC XGBoost Model","202503101","W1 score: 0.96, CI[0.95, 0.97]","Computational Method",,
611,"611.114","Salmonella enterica subsp. enterica serovar Heidelberg strain AMR588-04-00320","trimethoprim","Susceptible",,,,,,,,,,,"SIR XGBoost Model","202503101","F1 score: 0.86, CI[0.78, 0.93]","Computational Method",,
573,"573.64652","Klebsiella pneumoniae AMR_MDS_5016","meropenem","Susceptible",,,,,,,,"PATRIC",,,"AdaBoost Classifier",,"Accuracy:0.916, F1 score:0.922, AUC:0.949","Computational Method",,
562,"562.114876","Escherichia coli AMR0262","gentamicin",,"16.0",,"16.0","mg/L",,,,,,,"MIC XGBoost Model","202503101","W1 score: 0.95, CI[0.91, 0.98]","Computational Method",,
562,"562.114871","Escherichia coli AMR0265","meropenem","Resistant",,,,,,,,,,,"SIR XGBoost Model","202503101","F1 score: 0.76, CI[0.68, 0.84]","Computational Method",,
1280,"1280.48297","Staphylococcus aureus AMR2","vancomycin",,"1.0",,"1.0","mg/L",,,,,,,"MIC XGBoost Model","202503101","W1 score: 1.00, CI[1.00, 1.00]","Computational Method",,
611,"611.295","Salmonella enterica subsp. enterica serovar Heidelberg strain AMR588-04-00435","chloramphenicol",,"32.0",,"32.0","mg/L",,,,,,,"MIC XGBoost Model","202503101","W1 score: 0.99, CI[0.98, 1.00]","Computational Method",,
562,"562.114873","Escherichia coli AMR0279","nalidixic acid",,"32.0",,"32.0","mg/L",,,,,,,"MIC XGBoost Model","202503101","W1 score: 0.64, CI[0.33, 0.95]","Computational Method",,
562,"562.114871","Escherichia coli AMR0265","trimethoprim/sulfamethoxazole",,"8.0",,"8.0","mg/L",,,,,,,"MIC XGBoost Model","202503101","W1 score: 0.81, CI[0.76, 0.85]","Computational Method",,
611,"611.298","Salmonella enterica subsp. enterica serovar Heidelberg strain AMR588-04-00437","kanamycin",,"16.0",,"16.0","mg/L",,,,,,,"MIC XGBoost Model","202503101","W1 score: 0.99, CI[0.98, 1.01]","Computational Method",,
562,"562.114876","Escherichia coli AMR0262","sulfamethoxazole","Resistant",,,,,,,,,,,"SIR XGBoost Model","202503101","F1 score: 0.93, CI[0.88, 0.99]","Computational Method",,
611,"611.292","Salmonella enterica subsp. enterica serovar Heidelberg strain AMR588-04-00320","azithromycin","Susceptible",,,,,,,,,,,"SIR XGBoost Model","202503101","F1 score: 0.92, CI[0.87, 0.98]","Computational Method",,
562,"562.114876","Escherichia coli AMR0262","aztreonam","Resistant",,,,,,,,,,,"SIR XGBoost Model","202503101","F1 score: 0.92, CI[0.89, 0.96]","Computational Method",,
1280,"1280.48297","Staphylococcus aureus AMR2","tetracycline","Susceptible",,,,,,,,,,,"SIR XGBoost Model","202503101","F1 score: 0.98, CI[0.97, 1.00]","Computational Method",,
562,"562.112540","Escherichia coli AMR0278","fosfomycin",,"16.0",,"16.0","mg/L",,,,,,,"MIC XGBoost Model","202503101","W1 score: 0.77, CI[0.60, 0.94]","Computational Method",,
562,"562.114877","Escherichia coli AMR0264","cefuroxime","Resistant",,,,,,,,,,,"SIR XGBoost Model","202503101","F1 score: 0.88, CI[0.86, 0.90]","Computational Method",,
562,"562.114873","Escherichia coli AMR0279","gentamicin","Resistant",,,,,,,,,,,"SIR XGBoost Model","202503101","F1 score: 0.96, CI[0.95, 0.97]","Computational Method",,
562,"562.114871","Escherichia coli AMR0265","imipenem",,"8.0",,"8.0","mg/L",,,,,,,"MIC XGBoost Model","202503101","W1 score: 0.78, CI[0.70, 0.86]","Computational Method",,
1280,"1280.48295","Staphylococcus aureus AMR28","clindamycin","Susceptible",,,,,,,,,,,"SIR XGBoost Model","202503101","F1 score: 0.98, CI[0.97, 1.00]","Computational Method",,
611,"611.296","Salmonella enterica subsp. enterica serovar Heidelberg strain AMR588-04-00435","meropenem",,"32.0",,"32.0","mg/L",,,,,,,"MIC XGBoost Model","202503101","W1 score: 0.95, CI[0.90, 1.01]","Computational Method",,
1280,"1280.48294","Staphylococcus aureus AMR3","trimethoprim/sulfamethoxazole","Susceptible",,,,,,,,"PATRIC",,,"AdaBoost Classifier",,"Accuracy:0.939, F1 score:0.956, AUC:0.974","Computational Method",,
562,"562.114875","Escherichia coli AMR0177","levofloxacin",,"8.0",,"8.0","mg/L",,,,,,,"MIC XGBoost Model","202503101","W1 score: 0.87, CI[0.81, 0.93]","Computational Method",,
1280,"1280.48293","Staphylococcus aureus AMR6","penicillin","Resistant",,,,,,,,"PATRIC",,,"AdaBoost Classifier",,"Accuracy:0.963, F1 score:0.964, AUC:0.979","Computational Method",,
562,"562.114875","Escherichia coli AMR0177","ciprofloxacin","Resistant",,,,,,,,,,,"SIR XGBoost Model","202503101","F1 score: 0.98, CI[0.97, 0.98]","Computational Method",,
562,"562.114873","Escherichia coli AMR0279","amoxicillin/clavulanic acid",,"4.0",,"4.0","mg/L",,,,,,,"MIC XGBoost Model","202503101","W1 score: 0.97, CI[0.96, 0.98]","Computational Method",,
1280,"1280.48296","Staphylococcus aureus AMR26","penicillin","Resistant",,,,,,,,"PATRIC",,,"AdaBoost Classifier",,"Accuracy:0.963, F1 score:0.964, AUC:0.979","Computational Method",,
1280,"1280.48300","Staphylococcus aureus AMR11","clindamycin","Susceptible",,,,,,,,"PATRIC",,,"AdaBoost Classifier",,"Accuracy:0.963, F1 score:0.965, AUC:0.977","Computational Method",,
573,"573.62641","Klebsiella pneumoniae AMR180022","tobramycin",,"16.0",,"16.0","mg/L",,,,,,,"MIC XGBoost Model","202503101","W1 score: 0.93, CI[0.92, 0.95]","Computational Method",,
562,"562.112540","Escherichia coli AMR0278","ciprofloxacin",,"8.0",,"8.0","mg/L",,,,,,,"MIC XGBoost Model","202503101","W1 score: 0.95, CI[0.93, 0.97]","Computational Method",,
562,"562.114871","Escherichia coli AMR0265","amoxicillin/clavulanic acid","Resistant",,,,,,,,,,,"SIR XGBoost Model","202503101","F1 score: 0.84, CI[0.81, 0.88]","Computational Method",,
611,"611.293","Salmonella enterica subsp. enterica serovar Heidelberg strain AMR588-04-00320","sulfisoxazole","Susceptible",,,,,,,,,,,"SIR XGBoost Model","202503101","F1 score: 0.99, CI[0.98, 1.00]","Computational Method",,
573,"573.62641","Klebsiella pneumoniae AMR180022","nitrofurantoin",,"128.0",,"128.0","mg/L",,,,,,,"MIC XGBoost Model","202503101","W1 score: 0.94, CI[0.91, 0.97]","Computational Method",,
562,"562.138665","Escherichia coli AMR_MDS_5755","ciprofloxacin",,"0.25",,"0.25","mg/L",,,,,,,"MIC XGBoost Model","202503101","W1 score: 0.95, CI[0.93, 0.97]","Computational Method",,
562,"562.112540","Escherichia coli AMR0278","cefoxitin","Resistant",,,,,,,,,,,"SIR XGBoost Model","202503101","F1 score: 0.88, CI[0.83, 0.92]","Computational Method",,
573,"573.62645","Klebsiella pneumoniae AMR180036","cefotaxime",,"64.0",,"64.0","mg/L",,,,,,,"MIC XGBoost Model","202503101","W1 score: 0.92, CI[0.90, 0.94]","Computational Method",,
562,"562.114871","Escherichia coli AMR0265","ceftiofur","Susceptible",,,,,,,,,,,"SIR XGBoost Model","202503101","F1 score: 0.97, CI[0.88, 1.06]","Computational Method",,
611,"611.290","Salmonella enterica subsp. enterica serovar Heidelberg strain AMR588-04-00318","amoxicillin/clavulanic acid","Resistant",,,,,,,,,,,"SIR XGBoost Model","202503101","F1 score: 0.96, CI[0.95, 0.97]","Computational Method",,
611,"611.291","Salmonella enterica subsp. enterica serovar Heidelberg strain AMR588-04-00318","amoxicillin/clavulanic acid","Susceptible",,,,,,,,,,,"SIR XGBoost Model","202503101","F1 score: 0.96, CI[0.95, 0.97]","Computational Method",,
611,"611.114","Salmonella enterica subsp. enterica serovar Heidelberg strain AMR588-04-00320","gentamicin","Susceptible",,,,,,,,,,,"SIR XGBoost Model","202503101","F1 score: 0.92, CI[0.89, 0.95]","Computational Method",,
562,"562.114877","Escherichia coli AMR0264","ciprofloxacin","Resistant",,,,,,,,,,,"SIR XGBoost Model","202503101","F1 score: 0.98, CI[0.97, 0.98]","Computational Method",,
611,"611.298","Salmonella enterica subsp. enterica serovar Heidelberg strain AMR588-04-00437","cefotaxime","Susceptible",,,,,,,,,,,"SIR XGBoost Model","202503101","F1 score: 0.95, CI[0.90, 0.99]","Computational Method",,
611,"611.290","Salmonella enterica subsp. enterica serovar Heidelberg strain AMR588-04-00318","nalidixic acid",,"8.0",,"8.0","mg/L",,,,,,,"MIC XGBoost Model","202503101","W1 score: 0.98, CI[0.97, 0.99]","Computational Method",,
573,"573.62641","Klebsiella pneumoniae AMR180022","amikacin","Susceptible",,,,,,,,"PATRIC",,,"AdaBoost Classifier",,"Accuracy:0.910, F1 score:0.919, AUC:0.947","Computational Method",,
611,"611.298","Salmonella enterica subsp. enterica serovar Heidelberg strain AMR588-04-00437","sulfisoxazole","Susceptible",,,,,,,,,,,"SIR XGBoost Model","202503101","F1 score: 0.99, CI[0.98, 1.00]","Computational Method",,
611,"611.289","Salmonella enterica subsp. enterica serovar Heidelberg strain AMR588-04-00318","sulfisoxazole","Susceptible",,,,,,,,,,,"SIR XGBoost Model","202503101","F1 score: 0.99, CI[0.98, 1.00]","Computational Method",,
611,"611.291","Salmonella enterica subsp. enterica serovar Heidelberg strain AMR588-04-00318","tetracycline","Susceptible",,,,,,,,,,,"SIR XGBoost Model","202503101","F1 score: 0.97, CI[0.96, 0.98]","Computational Method",,
573,"573.62645","Klebsiella pneumoniae AMR180036","cefoxitin","Resistant",,,,,,,,"PATRIC",,,"AdaBoost Classifier",,"Accuracy:0.805, F1 score:0.796, AUC:0.864","Computational Method",,
562,"562.114875","Escherichia coli AMR0177","cefazolin","Resistant",,,,,,,,,,,"SIR XGBoost Model","202503101","F1 score: 0.93, CI[0.86, 0.99]","Computational Method",,
573,"573.64652","Klebsiella pneumoniae AMR_MDS_5016","ceftriaxone",,"32.0",,"32.0","mg/L",,,,,,,"MIC XGBoost Model","202503101","W1 score: 0.95, CI[0.94, 0.97]","Computational Method",,
611,"611.127","Salmonella enterica subsp. enterica serovar Heidelberg strain AMR588-04-00318","ciprofloxacin","Susceptible",,,,,,,,,,,"SIR XGBoost Model","202503101","F1 score: 0.95, CI[0.93, 0.96]","Computational Method",,
562,"562.112540","Escherichia coli AMR0278","imipenem","Resistant",,,,,,,,,,,"SIR XGBoost Model","202503101","F1 score: 0.96, CI[0.94, 0.98]","Computational Method",,
573,"573.64652","Klebsiella pneumoniae AMR_MDS_5016","trimethoprim/sulfamethoxazole",,"1.0",,"1.0","mg/L",,,,,,,"MIC XGBoost Model","202503101","W1 score: 0.93, CI[0.91, 0.95]","Computational Method",,
1280,"1280.48290","Staphylococcus aureus AMR7","clindamycin","Susceptible",,,,,,,,"PATRIC",,,"AdaBoost Classifier",,"Accuracy:0.963, F1 score:0.965, AUC:0.977","Computational Method",,
1280,"1280.48295","Staphylococcus aureus AMR28","gentamicin","Susceptible",,,,,,,,,,,"SIR XGBoost Model","202503101","F1 score: 0.99, CI[0.99, 1.00]","Computational Method",,
611,"611.296","Salmonella enterica subsp. enterica serovar Heidelberg strain AMR588-04-00435","ceftiofur",,"1.0",,"1.0","mg/L",,,,,,,"MIC XGBoost Model","202503101","W1 score: 0.99, CI[0.98, 0.99]","Computational Method",,
562,"562.114876","Escherichia coli AMR0262","chloramphenicol",,"16.0",,"16.0","mg/L",,,,,,,"MIC XGBoost Model","202503101","W1 score: 0.77, CI[0.71, 0.83]","Computational Method",,
611,"611.291","Salmonella enterica subsp. enterica serovar Heidelberg strain AMR588-04-00318","gentamicin",,"0.5",,"0.5","mg/L",,,,,,,"MIC XGBoost Model","202503101","W1 score: 0.97, CI[0.95, 0.99]","Computational Method",,
562,"562.114876","Escherichia coli AMR0262","cefalothin","Resistant",,,,,,,,,,,"SIR XGBoost Model","202503101","F1 score: 0.92, CI[0.89, 0.96]","Computational Method",,
611,"611.296","Salmonella enterica subsp. enterica serovar Heidelberg strain AMR588-04-00435","cefoxitin",,"8.0",,"8.0","mg/L",,,,,,,"MIC XGBoost Model","202503101","W1 score: 0.98, CI[0.97, 1.00]","Computational Method",,
1280,"1280.48305","Staphylococcus aureus AMR1","methicillin","Resistant",,,,,,,,"PATRIC",,,"AdaBoost Classifier",,"Accuracy:0.989, F1 score:0.989, AUC:0.994","Computational Method",,
562,"562.138665","Escherichia coli AMR_MDS_5755","amikacin",,"4.0",,"4.0","mg/L",,,,,,,"MIC XGBoost Model","202503101","W1 score: 0.97, CI[0.96, 0.98]","Computational Method",,
562,"562.112540","Escherichia coli AMR0278","nitrofurantoin",,"16.0",,"16.0","mg/L",,,,,,,"MIC XGBoost Model","202503101","W1 score: 0.95, CI[0.90, 1.01]","Computational Method",,
611,"611.114","Salmonella enterica subsp. enterica serovar Heidelberg strain AMR588-04-00320","ciprofloxacin","Susceptible",,,,,,,,,,,"SIR XGBoost Model","202503101","F1 score: 0.95, CI[0.93, 0.96]","Computational Method",,
1280,"1280.48293","Staphylococcus aureus AMR6","daptomycin","Resistant",,,,,,,,,,,"SIR XGBoost Model","202503101","F1 score: 0.30, CI[-0.26, 0.85]","Computational Method",,
1280,"1280.48300","Staphylococcus aureus AMR11","trimethoprim/sulfamethoxazole","Susceptible",,,,,,,,,,,"SIR XGBoost Model","202503101","F1 score: 0.94, CI[0.89, 0.98]","Computational Method",,
573,"573.62644","Klebsiella pneumoniae AMR200031","cefoxitin","Resistant",,,,,,,,"PATRIC",,,"AdaBoost Classifier",,"Accuracy:0.805, F1 score:0.796, AUC:0.864","Computational Method",,
562,"562.138665","Escherichia coli AMR_MDS_5755","ampicillin/sulbactam",,"16.0",,"16.0","mg/L",,,,,,,"MIC XGBoost Model","202503101","W1 score: 0.90, CI[0.82, 0.98]","Computational Method",,
562,"562.114873","Escherichia coli AMR0279","chloramphenicol","Resistant",,,,,,,,,,,"SIR XGBoost Model","202503101","F1 score: 0.96, CI[0.93, 0.99]","Computational Method",,
1280,"1280.48292","Staphylococcus aureus AMR9","clindamycin","Susceptible",,,,,,,,"PATRIC",,,"AdaBoost Classifier",,"Accuracy:0.963, F1 score:0.965, AUC:0.977","Computational Method",,
611,"611.295","Salmonella enterica subsp. enterica serovar Heidelberg strain AMR588-04-00435","azithromycin",,"4.0",,"4.0","mg/L",,,,,,,"MIC XGBoost Model","202503101","W1 score: 0.99, CI[0.98, 1.00]","Computational Method",,
611,"611.294","Salmonella enterica subsp. enterica serovar Heidelberg strain AMR588-04-00320","cefoxitin","Resistant",,,,,,,,,,,"SIR XGBoost Model","202503101","F1 score: 0.96, CI[0.93, 0.99]","Computational Method",,
1280,"1280.48295","Staphylococcus aureus AMR28","erythromycin","Resistant",,,,,,,,"PATRIC",,,"AdaBoost Classifier",,"Accuracy:0.959, F1 score:0.962, AUC:0.981","Computational Method",,
611,"611.297","Salmonella enterica subsp. enterica serovar Heidelberg strain AMR588-04-00437","azithromycin",,"4.0",,"4.0","mg/L",,,,,,,"MIC XGBoost Model","202503101","W1 score: 0.99, CI[0.98, 1.00]","Computational Method",,
1280,"1280.48305","Staphylococcus aureus AMR1","methicillin","Resistant",,,,,,,,,,,"SIR XGBoost Model","202503101","F1 score: 0.99, CI[0.98, 1.00]","Computational Method",,
611,"611.292","Salmonella enterica subsp. enterica serovar Heidelberg strain AMR588-04-00320","azithromycin",,"4.0",,"4.0","mg/L",,,,,,,"MIC XGBoost Model","202503101","W1 score: 0.99, CI[0.98, 1.00]","Computational Method",,
611,"611.111","Salmonella enterica subsp. enterica serovar Heidelberg strain AMR588-04-00435","ciprofloxacin","Susceptible",,,,,,,,,,,"SIR XGBoost Model","202503101","F1 score: 0.95, CI[0.93, 0.96]","Computational Method",,
611,"611.297","Salmonella enterica subsp. enterica serovar Heidelberg strain AMR588-04-00437","trimethoprim/sulfamethoxazole","Susceptible",,,,,,,,,,,"SIR XGBoost Model","202503101","F1 score: 0.85, CI[0.82, 0.88]","Computational Method",,
1280,"1280.48305","Staphylococcus aureus AMR1","gentamicin","Susceptible",,,,,,,,,,,"SIR XGBoost Model","202503101","F1 score: 0.99, CI[0.99, 1.00]","Computational Method",,
1280,"1280.48305","Staphylococcus aureus AMR1","oxacillin","Resistant",,,,,,,,,,,"SIR XGBoost Model","202503101","F1 score: 0.91, CI[0.87, 0.96]","Computational Method",,
611,"611.111","Salmonella enterica subsp. enterica serovar Heidelberg strain AMR588-04-00435","ceftriaxone",,"0.25",,"0.25","mg/L",,,,,,,"MIC XGBoost Model","202503101","W1 score: 0.95, CI[0.94, 0.96]","Computational Method",,
611,"611.296","Salmonella enterica subsp. enterica serovar Heidelberg strain AMR588-04-00435","ceftiofur","Susceptible",,,,,,,,,,,"SIR XGBoost Model","202503101","F1 score: 0.98, CI[0.97, 1.00]","Computational Method",,
611,"611.111","Salmonella enterica subsp. enterica serovar Heidelberg strain AMR588-04-00435","azithromycin","Susceptible",,,,,,,,,,,"SIR XGBoost Model","202503101","F1 score: 0.92, CI[0.87, 0.98]","Computational Method",,
562,"562.114873","Escherichia coli AMR0279","nalidixic acid","Resistant",,,,,,,,,,,"SIR XGBoost Model","202503101","F1 score: 0.98, CI[0.96, 1.00]","Computational Method",,
573,"573.62645","Klebsiella pneumoniae AMR180036","fosfomycin",,"8.0",,"8.0","mg/L",,,,,,,"MIC XGBoost Model","202503101","W1 score: 0.60, CI[0.30, 0.90]","Computational Method",,
611,"611.296","Salmonella enterica subsp. enterica serovar Heidelberg strain AMR588-04-00435","streptomycin",,"2.0",,"2.0","mg/L",,,,,,,"MIC XGBoost Model","202503101","W1 score: 0.92, CI[0.90, 0.93]","Computational Method",,
562,"562.138665","Escherichia coli AMR_MDS_5755","piperacillin/tazobactam",,"4.0",,"4.0","mg/L",,,,,,,"MIC XGBoost Model","202503101","W1 score: 0.93, CI[0.91, 0.95]","Computational Method",,
1280,"1280.48292","Staphylococcus aureus AMR9","clindamycin","Susceptible",,,,,,,,,,,"SIR XGBoost Model","202503101","F1 score: 0.98, CI[0.97, 1.00]","Computational Method",,
611,"611.298","Salmonella enterica subsp. enterica serovar Heidelberg strain AMR588-04-00437","nalidixic acid","Resistant",,,,,,,,,,,"SIR XGBoost Model","202503101","F1 score: 0.95, CI[0.93, 0.96]","Computational Method",,
1280,"1280.48295","Staphylococcus aureus AMR28","penicillin","Resistant",,,,,,,,"PATRIC",,,"AdaBoost Classifier",,"Accuracy:0.963, F1 score:0.964, AUC:0.979","Computational Method",,
611,"611.292","Salmonella enterica subsp. enterica serovar Heidelberg strain AMR588-04-00320","cefoxitin","Susceptible",,,,,,,,,,,"SIR XGBoost Model","202503101","F1 score: 0.96, CI[0.93, 0.99]","Computational Method",,
611,"611.297","Salmonella enterica subsp. enterica serovar Heidelberg strain AMR588-04-00437","gentamicin","Resistant",,,,,,,,,,,"SIR XGBoost Model","202503101","F1 score: 0.92, CI[0.89, 0.95]","Computational Method",,
611,"611.297","Salmonella enterica subsp. enterica serovar Heidelberg strain AMR588-04-00437","gentamicin",,"0.5",,"0.5","mg/L",,,,,,,"MIC XGBoost Model","202503101","W1 score: 0.97, CI[0.95, 0.99]","Computational Method",,
1280,"1280.48300","Staphylococcus aureus AMR11","oxacillin","Resistant",,,,,,,,,,,"SIR XGBoost Model","202503101","F1 score: 0.91, CI[0.87, 0.96]","Computational Method",,
611,"611.298","Salmonella enterica subsp. enterica serovar Heidelberg strain AMR588-04-00437","ceftriaxone","Susceptible",,,,,,,,,,,"SIR XGBoost Model","202503101","F1 score: 0.98, CI[0.97, 1.00]","Computational Method",,
562,"562.114876","Escherichia coli AMR0262","ceftazidime","Resistant",,,,,,,,,,,"SIR XGBoost Model","202503101","F1 score: 0.92, CI[0.90, 0.93]","Computational Method",,
611,"611.289","Salmonella enterica subsp. enterica serovar Heidelberg strain AMR588-04-00318","tetracycline","Susceptible",,,,,,,,,,,"SIR XGBoost Model","202503101","F1 score: 0.97, CI[0.96, 0.98]","Computational Method",,
562,"562.114875","Escherichia coli AMR0177","meropenem","Resistant",,,,,,,,,,,"SIR XGBoost Model","202503101","F1 score: 0.76, CI[0.68, 0.84]","Computational Method",,
1280,"1280.48295","Staphylococcus aureus AMR28","daptomycin","Resistant",,,,,,,,,,,"SIR XGBoost Model","202503101","F1 score: 0.30, CI[-0.26, 0.85]","Computational Method",,
562,"562.138665","Escherichia coli AMR_MDS_5755","fosfomycin",,"32.0",,"32.0","mg/L",,,,,,,"MIC XGBoost Model","202503101","W1 score: 0.77, CI[0.60, 0.94]","Computational Method",,
611,"611.295","Salmonella enterica subsp. enterica serovar Heidelberg strain AMR588-04-00435","chloramphenicol","Resistant",,,,,,,,,,,"SIR XGBoost Model","202503101","F1 score: 0.90, CI[0.88, 0.91]","Computational Method",,
562,"562.112540","Escherichia coli AMR0278","trimethoprim/sulfamethoxazole","Resistant",,,,,,,,,,,"SIR XGBoost Model","202503101","F1 score: 0.94, CI[0.94, 0.95]","Computational Method",,
611,"611.294","Salmonella enterica subsp. enterica serovar Heidelberg strain AMR588-04-00320","nalidixic acid","Resistant",,,,,,,,,,,"SIR XGBoost Model","202503101","F1 score: 0.95, CI[0.93, 0.96]","Computational Method",,
611,"611.127","Salmonella enterica subsp. enterica serovar Heidelberg strain AMR588-04-00318","amoxicillin/clavulanic acid","Resistant",,,,,,,,,,,"SIR XGBoost Model","202503101","F1 score: 0.96, CI[0.95, 0.97]","Computational Method",,
611,"611.298","Salmonella enterica subsp. enterica serovar Heidelberg strain AMR588-04-00437","trimethoprim/sulfamethoxazole",,"32.0",,"32.0","mg/L",,,,,,,"MIC XGBoost Model","202503101","W1 score: 0.96, CI[0.95, 0.97]","Computational Method",,
562,"562.114871","Escherichia coli AMR0265","cefoxitin",,"32.0",,"32.0","mg/L",,,,,,,"MIC XGBoost Model","202503101","W1 score: 0.70, CI[0.51, 0.89]","Computational Method",,
611,"611.289","Salmonella enterica subsp. enterica serovar Heidelberg strain AMR588-04-00318","kanamycin","Susceptible",,,,,,,,,,,"SIR XGBoost Model","202503101","F1 score: 0.86, CI[0.77, 0.95]","Computational Method",,
562,"562.114877","Escherichia coli AMR0264","fosfomycin",,"4.0",,"4.0","mg/L",,,,,,,"MIC XGBoost Model","202503101","W1 score: 0.77, CI[0.60, 0.94]","Computational Method",,
1280,"1280.48305","Staphylococcus aureus AMR1","tetracycline","Susceptible",,,,,,,,"PATRIC",,,"AdaBoost Classifier",,"Accuracy:0.975, F1 score:0.974, AUC:0.986","Computational Method",,
611,"611.290","Salmonella enterica subsp. enterica serovar Heidelberg strain AMR588-04-00318","ampicillin","Resistant",,,,,,,,,,,"SIR XGBoost Model","202503101","F1 score: 0.93, CI[0.92, 0.93]","Computational Method",,
573,"573.64652","Klebsiella pneumoniae AMR_MDS_5016","cefepime",,"2.0",,"2.0","mg/L",,,,,,,"MIC XGBoost Model","202503101","W1 score: 0.68, CI[0.64, 0.72]","Computational Method",,
562,"562.114876","Escherichia coli AMR0262","cefazolin",,"32.0",,"32.0","mg/L",,,,,,,"MIC XGBoost Model","202503101","W1 score: 0.86, CI[0.82, 0.90]","Computational Method",,
562,"562.112540","Escherichia coli AMR0278","amoxicillin/clavulanic acid","Resistant",,,,,,,,,,,"SIR XGBoost Model","202503101","F1 score: 0.84, CI[0.81, 0.88]","Computational Method",,
1280,"1280.48293","Staphylococcus aureus AMR6","clindamycin","Susceptible",,,,,,,,,,,"SIR XGBoost Model","202503101","F1 score: 0.98, CI[0.97, 1.00]","Computational Method",,
611,"611.297","Salmonella enterica subsp. enterica serovar Heidelberg strain AMR588-04-00437","sulfamethoxazole","Susceptible",,,,,,,,,,,"SIR XGBoost Model","202503101","F1 score: 0.95, CI[0.93, 0.97]","Computational Method",,
573,"573.62645","Klebsiella pneumoniae AMR180036","colistin",,"4.0",,"4.0","mg/L",,,,,,,"MIC XGBoost Model","202503101","W1 score: 0.65, CI[0.55, 0.75]","Computational Method",,
562,"562.114875","Escherichia coli AMR0177","cefepime","Resistant",,,,,,,,,,,"SIR XGBoost Model","202503101","F1 score: 0.88, CI[0.84, 0.92]","Computational Method",,
611,"611.297","Salmonella enterica subsp. enterica serovar Heidelberg strain AMR588-04-00437","streptomycin",,"2.0",,"2.0","mg/L",,,,,,,"MIC XGBoost Model","202503101","W1 score: 0.92, CI[0.90, 0.93]","Computational Method",,
1280,"1280.48294","Staphylococcus aureus AMR3","daptomycin","Resistant",,,,,,,,,,,"SIR XGBoost Model","202503101","F1 score: 0.30, CI[-0.26, 0.85]","Computational Method",,
611,"611.290","Salmonella enterica subsp. enterica serovar Heidelberg strain AMR588-04-00318","sulfamethoxazole","Susceptible",,,,,,,,,,,"SIR XGBoost Model","202503101","F1 score: 0.95, CI[0.93, 0.97]","Computational Method",,
611,"611.296","Salmonella enterica subsp. enterica serovar Heidelberg strain AMR588-04-00435","ciprofloxacin",,"0.5",,"0.5","mg/L",,,,,,,"MIC XGBoost Model","202503101","W1 score: 0.88, CI[0.86, 0.90]","Computational Method",,
611,"611.295","Salmonella enterica subsp. enterica serovar Heidelberg strain AMR588-04-00435","nalidixic acid",,"8.0",,"8.0","mg/L",,,,,,,"MIC XGBoost Model","202503101","W1 score: 0.98, CI[0.97, 0.99]","Computational Method",,
562,"562.114877","Escherichia coli AMR0264","streptomycin",,"8.0",,"8.0","mg/L",,,,,,,"MIC XGBoost Model","202503101","W1 score: 0.96, CI[0.90, 1.03]","Computational Method",,
611,"611.295","Salmonella enterica subsp. enterica serovar Heidelberg strain AMR588-04-00435","amoxicillin/clavulanic acid","Susceptible",,,,,,,,,,,"SIR XGBoost Model","202503101","F1 score: 0.96, CI[0.95, 0.97]","Computational Method",,
611,"611.293","Salmonella enterica subsp. enterica serovar Heidelberg strain AMR588-04-00320","kanamycin","Susceptible",,,,,,,,,,,"SIR XGBoost Model","202503101","F1 score: 0.86, CI[0.77, 0.95]","Computational Method",,
573,"573.64652","Klebsiella pneumoniae AMR_MDS_5016","aztreonam","Susceptible",,,,,,,,"PATRIC",,,"AdaBoost Classifier",,"Accuracy:0.680, F1 score:0.752, AUC:0.735","Computational Method",,
611,"611.289","Salmonella enterica subsp. enterica serovar Heidelberg strain AMR588-04-00318","azithromycin","Susceptible",,,,,,,,,,,"SIR XGBoost Model","202503101","F1 score: 0.92, CI[0.87, 0.98]","Computational Method",,
611,"611.297","Salmonella enterica subsp. enterica serovar Heidelberg strain AMR588-04-00437","trimethoprim/sulfamethoxazole",,"32.0",,"32.0","mg/L",,,,,,,"MIC XGBoost Model","202503101","W1 score: 0.96, CI[0.95, 0.97]","Computational Method",,
1280,"1280.48296","Staphylococcus aureus AMR26","cefoxitin","Resistant",,,,,,,,,,,"SIR XGBoost Model","202503101","F1 score: 0.97, CI[0.96, 0.99]","Computational Method",,
611,"611.290","Salmonella enterica subsp. enterica serovar Heidelberg strain AMR588-04-00318","spectinomycin","Susceptible",,,,,,,,,,,"SIR XGBoost Model","202503101","F1 score: 0.94, CI[0.90, 0.98]","Computational Method",,
562,"562.114876","Escherichia coli AMR0262","levofloxacin","Resistant",,,,,,,,,,,"SIR XGBoost Model","202503101","F1 score: 0.97, CI[0.91, 1.02]","Computational Method",,
611,"611.290","Salmonella enterica subsp. enterica serovar Heidelberg strain AMR588-04-00318","cefotaxime","Susceptible",,,,,,,,,,,"SIR XGBoost Model","202503101","F1 score: 0.95, CI[0.90, 0.99]","Computational Method",,
611,"611.114","Salmonella enterica subsp. enterica serovar Heidelberg strain AMR588-04-00320","amoxicillin/clavulanic acid",,"32.0",,"32.0","mg/L",,,,,,,"MIC XGBoost Model","202503101","W1 score: 0.98, CI[0.96, 0.99]","Computational Method",,
1280,"1280.48288","Staphylococcus aureus AMR8","gentamicin","Susceptible",,,,,,,,"PATRIC",,,"AdaBoost Classifier",,"Accuracy:0.984, F1 score:0.984, AUC:0.980","Computational Method",,
1280,"1280.48300","Staphylococcus aureus AMR11","ciprofloxacin","Susceptible",,,,,,,,"PATRIC",,,"AdaBoost Classifier",,"Accuracy:0.977, F1 score:0.980, AUC:0.982","Computational Method",,
573,"573.64652","Klebsiella pneumoniae AMR_MDS_5016","fosfomycin",,"16.0",,"16.0","mg/L",,,,,,,"MIC XGBoost Model","202503101","W1 score: 0.60, CI[0.30, 0.90]","Computational Method",,
573,"573.62641","Klebsiella pneumoniae AMR180022","piperacillin/tazobactam","Resistant",,,,,,,,"PATRIC",,,"AdaBoost Classifier",,"Accuracy:0.766, F1 score:0.759, AUC:0.825","Computational Method",,
611,"611.294","Salmonella enterica subsp. enterica serovar Heidelberg strain AMR588-04-00320","cefotaxime","Susceptible",,,,,,,,,,,"SIR XGBoost Model","202503101","F1 score: 0.95, CI[0.90, 0.99]","Computational Method",,
611,"611.296","Salmonella enterica subsp. enterica serovar Heidelberg strain AMR588-04-00435","azithromycin","Susceptible",,,,,,,,,,,"SIR XGBoost Model","202503101","F1 score: 0.92, CI[0.87, 0.98]","Computational Method",,
611,"611.298","Salmonella enterica subsp. enterica serovar Heidelberg strain AMR588-04-00437","tetracycline","Susceptible",,,,,,,,,,,"SIR XGBoost Model","202503101","F1 score: 0.97, CI[0.96, 0.98]","Computational Method",,
611,"611.292","Salmonella enterica subsp. enterica serovar Heidelberg strain AMR588-04-00320","ceftiofur",,"1.0",,"1.0","mg/L",,,,,,,"MIC XGBoost Model","202503101","W1 score: 0.99, CI[0.98, 0.99]","Computational Method",,
611,"611.298","Salmonella enterica subsp. enterica serovar Heidelberg strain AMR588-04-00437","streptomycin",,"2.0",,"2.0","mg/L",,,,,,,"MIC XGBoost Model","202503101","W1 score: 0.92, CI[0.90, 0.93]","Computational Method",,
611,"611.116","Salmonella enterica subsp. enterica serovar Heidelberg strain AMR588-04-00437","gentamicin","Susceptible",,,,,,,,,,,"SIR XGBoost Model","202503101","F1 score: 0.92, CI[0.89, 0.95]","Computational Method",,
573,"573.62641","Klebsiella pneumoniae AMR180022","ceftriaxone",,"32.0",,"32.0","mg/L",,,,,,,"MIC XGBoost Model","202503101","W1 score: 0.95, CI[0.94, 0.97]","Computational Method",,
1280,"1280.48288","Staphylococcus aureus AMR8","vancomycin",,"1.0",,"1.0","mg/L",,,,,,,"MIC XGBoost Model","202503101","W1 score: 1.00, CI[1.00, 1.00]","Computational Method",,
611,"611.111","Salmonella enterica subsp. enterica serovar Heidelberg strain AMR588-04-00435","gentamicin",,"0.5",,"0.5","mg/L",,,,,,,"MIC XGBoost Model","202503101","W1 score: 0.97, CI[0.95, 0.99]","Computational Method",,
611,"611.294","Salmonella enterica subsp. enterica serovar Heidelberg strain AMR588-04-00320","gentamicin","Susceptible",,,,,,,,,,,"SIR XGBoost Model","202503101","F1 score: 0.92, CI[0.89, 0.95]","Computational Method",,
1280,"1280.48296","Staphylococcus aureus AMR26","clindamycin","Susceptible",,,,,,,,"PATRIC",,,"AdaBoost Classifier",,"Accuracy:0.963, F1 score:0.965, AUC:0.977","Computational Method",,
611,"611.289","Salmonella enterica subsp. enterica serovar Heidelberg strain AMR588-04-00318","trimethoprim/sulfamethoxazole","Susceptible",,,,,,,,,,,"SIR XGBoost Model","202503101","F1 score: 0.85, CI[0.82, 0.88]","Computational Method",,
1280,"1280.48296","Staphylococcus aureus AMR26","erythromycin","Resistant",,,,,,,,,,,"SIR XGBoost Model","202503101","F1 score: 0.98, CI[0.97, 0.99]","Computational Method",,
562,"562.138665","Escherichia coli AMR_MDS_5755","tigecycline",,"0.5",,"0.5","mg/L",,,,,,,"MIC XGBoost Model","202503101","W1 score: 0.98, CI[0.91, 1.04]","Computational Method",,
573,"573.62642","Klebsiella pneumoniae AMR180026","cefuroxime",,"64.0",,"64.0","mg/L",,,,,,,"MIC XGBoost Model","202503101","W1 score: 0.98, CI[0.98, 0.99]","Computational Method",,
1352,"1352.16770","Enterococcus faecium KU-AMR0099","streptomycin","Susceptible",,,,,,,,,,,"SIR XGBoost Model","202503101","F1 score: 0.98, CI[0.94, 1.02]","Computational Method",,
562,"562.114875","Escherichia coli AMR0177","amoxicillin","Resistant",,,,,,,,,,,"SIR XGBoost Model","202503101","F1 score: 0.90, CI[0.87, 0.93]","Computational Method",,
611,"611.291","Salmonella enterica subsp. enterica serovar Heidelberg strain AMR588-04-00318","amoxicillin/clavulanic acid",,"8.0",,"8.0","mg/L",,,,,,,"MIC XGBoost Model","202503101","W1 score: 0.98, CI[0.96, 0.99]","Computational Method",,
562,"562.112540","Escherichia coli AMR0278","ceftazidime","Resistant",,,,,,,,,,,"SIR XGBoost Model","202503101","F1 score: 0.92, CI[0.90, 0.93]","Computational Method",,
573,"573.62642","Klebsiella pneumoniae AMR180026","tigecycline",,"2.0",,"2.0","mg/L",,,,,,,"MIC XGBoost Model","202503101","W1 score: 0.93, CI[0.91, 0.95]","Computational Method",,
611,"611.293","Salmonella enterica subsp. enterica serovar Heidelberg strain AMR588-04-00320","trimethoprim/sulfamethoxazole","Susceptible",,,,,,,,,,,"SIR XGBoost Model","202503101","F1 score: 0.85, CI[0.82, 0.88]","Computational Method",,
1280,"1280.48305","Staphylococcus aureus AMR1","vancomycin",,"1.0",,"1.0","mg/L",,,,,,,"MIC XGBoost Model","202503101","W1 score: 1.00, CI[1.00, 1.00]","Computational Method",,
562,"562.114875","Escherichia coli AMR0177","ceftiofur","Resistant",,,,,,,,,,,"SIR XGBoost Model","202503101","F1 score: 0.97, CI[0.88, 1.06]","Computational Method",,
611,"611.114","Salmonella enterica subsp. enterica serovar Heidelberg strain AMR588-04-00320","ceftriaxone",,"32.0",,"32.0","mg/L",,,,,,,"MIC XGBoost Model","202503101","W1 score: 0.95, CI[0.94, 0.96]","Computational Method",,
611,"611.297","Salmonella enterica subsp. enterica serovar Heidelberg strain AMR588-04-00437","pefloxacin","Resistant",,,,,,,,,,,"SIR XGBoost Model","202503101","F1 score: 0.98, CI[0.96, 1.00]","Computational Method",,
573,"573.65449","Klebsiella pneumoniae AMR20201034","meropenem","Susceptible",,,,,,,,"PATRIC",,,"AdaBoost Classifier",,"Accuracy:0.916, F1 score:0.922, AUC:0.949","Computational Method",,
611,"611.289","Salmonella enterica subsp. enterica serovar Heidelberg strain AMR588-04-00318","ceftriaxone",,"64.0",,"64.0","mg/L",,,,,,,"MIC XGBoost Model","202503101","W1 score: 0.95, CI[0.94, 0.96]","Computational Method",,
611,"611.292","Salmonella enterica subsp. enterica serovar Heidelberg strain AMR588-04-00320","sulfisoxazole",,"32.0",,"32.0","mg/L",,,,,,,"MIC XGBoost Model","202503101","W1 score: 0.98, CI[0.97, 0.99]","Computational Method",,
562,"562.114875","Escherichia coli AMR0177","amikacin",,"16.0",,"16.0","mg/L",,,,,,,"MIC XGBoost Model","202503101","W1 score: 0.97, CI[0.96, 0.98]","Computational Method",,
573,"573.62642","Klebsiella pneumoniae AMR180026","tobramycin",,"32.0",,"32.0","mg/L",,,,,,,"MIC XGBoost Model","202503101","W1 score: 0.93, CI[0.92, 0.95]","Computational Method",,
611,"611.294","Salmonella enterica subsp. enterica serovar Heidelberg strain AMR588-04-00320","ampicillin",,"64.0",,"64.0","mg/L",,,,,,,"MIC XGBoost Model","202503101","W1 score: 0.96, CI[0.95, 0.97]","Computational Method",,
1280,"1280.48293","Staphylococcus aureus AMR6","oxacillin",,"4.0",,"4.0","mg/L",,,,,,,"MIC XGBoost Model","202503101","W1 score: 0.86, CI[0.77, 0.95]","Computational Method",,
562,"562.114873","Escherichia coli AMR0279","imipenem","Resistant",,,,,,,,,,,"SIR XGBoost Model","202503101","F1 score: 0.96, CI[0.94, 0.98]","Computational Method",,
611,"611.298","Salmonella enterica subsp. enterica serovar Heidelberg strain AMR588-04-00437","streptomycin","Susceptible",,,,,,,,,,,"SIR XGBoost Model","202503101","F1 score: 0.94, CI[0.93, 0.96]","Computational Method",,
562,"562.138665","Escherichia coli AMR_MDS_5755","cefuroxime","Susceptible",,,,,,,,,,,"SIR XGBoost Model","202503101","F1 score: 0.88, CI[0.86, 0.90]","Computational Method",,
562,"562.114876","Escherichia coli AMR0262","ampicillin/sulbactam","Resistant",,,,,,,,,,,"SIR XGBoost Model","202503101","F1 score: 0.88, CI[0.79, 0.98]","Computational Method",,
562,"562.114873","Escherichia coli AMR0279","tetracycline","Susceptible",,,,,,,,,,,"SIR XGBoost Model","202503101","F1 score: 0.93, CI[0.89, 0.97]","Computational Method",,
611,"611.295","Salmonella enterica subsp. enterica serovar Heidelberg strain AMR588-04-00435","tetracycline","Susceptible",,,,,,,,,,,"SIR XGBoost Model","202503101","F1 score: 0.97, CI[0.96, 0.98]","Computational Method",,
611,"611.293","Salmonella enterica subsp. enterica serovar Heidelberg strain AMR588-04-00320","cefotaxime","Susceptible",,,,,,,,,,,"SIR XGBoost Model","202503101","F1 score: 0.95, CI[0.90, 0.99]","Computational Method",,
1280,"1280.48295","Staphylococcus aureus AMR28","gentamicin","Susceptible",,,,,,,,"PATRIC",,,"AdaBoost Classifier",,"Accuracy:0.984, F1 score:0.984, AUC:0.980","Computational Method",,
573,"573.62641","Klebsiella pneumoniae AMR180022","minocycline",,"16.0",,"16.0","mg/L",,,,,,,"MIC XGBoost Model","202503101","W1 score: 0.82, CI[0.69, 0.95]","Computational Method",,
562,"562.112540","Escherichia coli AMR0278","cefuroxime","Resistant",,,,,,,,,,,"SIR XGBoost Model","202503101","F1 score: 0.88, CI[0.86, 0.90]","Computational Method",,
1280,"1280.48305","Staphylococcus aureus AMR1","clindamycin","Susceptible",,,,,,,,"PATRIC",,,"AdaBoost Classifier",,"Accuracy:0.963, F1 score:0.965, AUC:0.977","Computational Method",,
611,"611.116","Salmonella enterica subsp. enterica serovar Heidelberg strain AMR588-04-00437","cefoxitin",,"2.0",,"2.0","mg/L",,,,,,,"MIC XGBoost Model","202503101","W1 score: 0.98, CI[0.97, 1.00]","Computational Method",,
562,"562.114876","Escherichia coli AMR0262","tobramycin",,"16.0",,"16.0","mg/L",,,,,,,"MIC XGBoost Model","202503101","W1 score: 0.96, CI[0.92, 1.00]","Computational Method",,
1352,"1352.16772","Enterococcus faecium KU-AMR0096","streptomycin","Susceptible",,,,,,,,,,,"SIR XGBoost Model","202503101","F1 score: 0.98, CI[0.94, 1.02]","Computational Method",,
611,"611.293","Salmonella enterica subsp. enterica serovar Heidelberg strain AMR588-04-00320","cefoxitin","Susceptible",,,,,,,,,,,"SIR XGBoost Model","202503101","F1 score: 0.96, CI[0.93, 0.99]","Computational Method",,
562,"562.112540","Escherichia coli AMR0278","doxycycline","Resistant",,,,,,,,,,,"SIR XGBoost Model","202503101","F1 score: 0.87, CI[0.80, 0.95]","Computational Method",,
611,"611.296","Salmonella enterica subsp. enterica serovar Heidelberg strain AMR588-04-00435","nalidixic acid",,"8.0",,"8.0","mg/L",,,,,,,"MIC XGBoost Model","202503101","W1 score: 0.98, CI[0.97, 0.99]","Computational Method",,
562,"562.114877","Escherichia coli AMR0264","piperacillin",,"8.0",,"8.0","mg/L",,,,,,,"MIC XGBoost Model","202503101","W1 score: 0.73, CI[0.39, 1.08]","Computational Method",,
562,"562.114875","Escherichia coli AMR0177","ertapenem","Resistant",,,,,,,,,,,"SIR XGBoost Model","202503101","F1 score: 0.92, CI[0.90, 0.95]","Computational Method",,
562,"562.114876","Escherichia coli AMR0262","doripenem",,"4.0",,"4.0","mg/L",,,,,,,"MIC XGBoost Model","202503101","W1 score: 0.56, CI[0.34, 0.79]","Computational Method",,
611,"611.297","Salmonella enterica subsp. enterica serovar Heidelberg strain AMR588-04-00437","ceftiofur",,"1.0",,"1.0","mg/L",,,,,,,"MIC XGBoost Model","202503101","W1 score: 0.99, CI[0.98, 0.99]","Computational Method",,
562,"562.114875","Escherichia coli AMR0177","tetracycline","Resistant",,,,,,,,,,,"SIR XGBoost Model","202503101","F1 score: 0.93, CI[0.89, 0.97]","Computational Method",,
562,"562.112540","Escherichia coli AMR0278","trimethoprim","Resistant",,,,,,,,,,,"SIR XGBoost Model","202503101","F1 score: 0.94, CI[0.91, 0.97]","Computational Method",,
611,"611.116","Salmonella enterica subsp. enterica serovar Heidelberg strain AMR588-04-00437","cefotaxime",,"32.0",,"32.0","mg/L",,,,,,,"MIC XGBoost Model","202503101","W1 score: 0.95, CI[0.89, 1.00]","Computational Method",,
611,"611.289","Salmonella enterica subsp. enterica serovar Heidelberg strain AMR588-04-00318","sulfamethoxazole","Susceptible",,,,,,,,,,,"SIR XGBoost Model","202503101","F1 score: 0.95, CI[0.93, 0.97]","Computational Method",,
573,"573.62642","Klebsiella pneumoniae AMR180026","levofloxacin","Resistant",,,,,,,,"PATRIC",,,"AdaBoost Classifier",,"Accuracy:0.917, F1 score:0.927, AUC:0.961","Computational Method",,
1280,"1280.48296","Staphylococcus aureus AMR26","clindamycin","Susceptible",,,,,,,,,,,"SIR XGBoost Model","202503101","F1 score: 0.98, CI[0.97, 1.00]","Computational Method",,
611,"611.292","Salmonella enterica subsp. enterica serovar Heidelberg strain AMR588-04-00320","ceftiofur","Susceptible",,,,,,,,,,,"SIR XGBoost Model","202503101","F1 score: 0.98, CI[0.97, 1.00]","Computational Method",,
573,"573.64652","Klebsiella pneumoniae AMR_MDS_5016","chloramphenicol",,"16.0",,"16.0","mg/L",,,,,,,"MIC XGBoost Model","202503101","W1 score: 0.95, CI[0.89, 1.01]","Computational Method",,
1280,"1280.48294","Staphylococcus aureus AMR3","ciprofloxacin","Resistant",,,,,,,,,,,"SIR XGBoost Model","202503101","F1 score: 0.99, CI[0.98, 1.00]","Computational Method",,
611,"611.289","Salmonella enterica subsp. enterica serovar Heidelberg strain AMR588-04-00318","chloramphenicol","Resistant",,,,,,,,,,,"SIR XGBoost Model","202503101","F1 score: 0.90, CI[0.88, 0.91]","Computational Method",,
573,"573.64652","Klebsiella pneumoniae AMR_MDS_5016","piperacillin/tazobactam",,"4.0",,"4.0","mg/L",,,,,,,"MIC XGBoost Model","202503101","W1 score: 0.82, CI[0.79, 0.85]","Computational Method",,
611,"611.293","Salmonella enterica subsp. enterica serovar Heidelberg strain AMR588-04-00320","meropenem",,"32.0",,"32.0","mg/L",,,,,,,"MIC XGBoost Model","202503101","W1 score: 0.95, CI[0.90, 1.01]","Computational Method",,
573,"573.62642","Klebsiella pneumoniae AMR180026","ceftazidime",,"64.0",,"64.0","mg/L",,,,,,,"MIC XGBoost Model","202503101","W1 score: 0.92, CI[0.90, 0.93]","Computational Method",,
562,"562.114876","Escherichia coli AMR0262","cefoxitin",,"32.0",,"32.0","mg/L",,,,,,,"MIC XGBoost Model","202503101","W1 score: 0.70, CI[0.51, 0.89]","Computational Method",,
1280,"1280.48290","Staphylococcus aureus AMR7","penicillin","Resistant",,,,,,,,"PATRIC",,,"AdaBoost Classifier",,"Accuracy:0.963, F1 score:0.964, AUC:0.979","Computational Method",,
611,"611.294","Salmonella enterica subsp. enterica serovar Heidelberg strain AMR588-04-00320","kanamycin","Susceptible",,,,,,,,,,,"SIR XGBoost Model","202503101","F1 score: 0.86, CI[0.77, 0.95]","Computational Method",,
611,"611.111","Salmonella enterica subsp. enterica serovar Heidelberg strain AMR588-04-00435","sulfisoxazole",,"16.0",,"16.0","mg/L",,,,,,,"MIC XGBoost Model","202503101","W1 score: 0.98, CI[0.97, 0.99]","Computational Method",,
562,"562.114876","Escherichia coli AMR0262","amikacin",,"16.0",,"16.0","mg/L",,,,,,,"MIC XGBoost Model","202503101","W1 score: 0.97, CI[0.96, 0.98]","Computational Method",,
562,"562.112540","Escherichia coli AMR0278","cefalothin","Resistant",,,,,,,,,,,"SIR XGBoost Model","202503101","F1 score: 0.92, CI[0.89, 0.96]","Computational Method",,
573,"573.65449","Klebsiella pneumoniae AMR20201034","ampicillin",,"32.0",,"32.0","mg/L",,,,,,,"MIC XGBoost Model","202503101","W1 score: 0.99, CI[0.98, 1.00]","Computational Method",,
611,"611.116","Salmonella enterica subsp. enterica serovar Heidelberg strain AMR588-04-00437","cefoxitin","Susceptible",,,,,,,,,,,"SIR XGBoost Model","202503101","F1 score: 0.96, CI[0.93, 0.99]","Computational Method",,
611,"611.111","Salmonella enterica subsp. enterica serovar Heidelberg strain AMR588-04-00435","chloramphenicol",,"8.0",,"8.0","mg/L",,,,,,,"MIC XGBoost Model","202503101","W1 score: 0.99, CI[0.98, 1.00]","Computational Method",,
573,"573.65449","Klebsiella pneumoniae AMR20201034","ampicillin/sulbactam",,"64.0",,"64.0","mg/L",,,,,,,"MIC XGBoost Model","202503101","W1 score: 0.99, CI[0.98, 1.00]","Computational Method",,
573,"573.64652","Klebsiella pneumoniae AMR_MDS_5016","cefoxitin",,"4.0",,"4.0","mg/L",,,,,,,"MIC XGBoost Model","202503101","W1 score: 0.91, CI[0.90, 0.92]","Computational Method",,
562,"562.114875","Escherichia coli AMR0177","tobramycin",,"16.0",,"16.0","mg/L",,,,,,,"MIC XGBoost Model","202503101","W1 score: 0.96, CI[0.92, 1.00]","Computational Method",,
562,"562.112540","Escherichia coli AMR0278","nalidixic acid",,"32.0",,"32.0","mg/L",,,,,,,"MIC XGBoost Model","202503101","W1 score: 0.64, CI[0.33, 0.95]","Computational Method",,
611,"611.289","Salmonella enterica subsp. enterica serovar Heidelberg strain AMR588-04-00318","cefotaxime",,"32.0",,"32.0","mg/L",,,,,,,"MIC XGBoost Model","202503101","W1 score: 0.95, CI[0.89, 1.00]","Computational Method",,
573,"573.62641","Klebsiella pneumoniae AMR180022","levofloxacin",,"8.0",,"8.0","mg/L",,,,,,,"MIC XGBoost Model","202503101","W1 score: 0.95, CI[0.92, 0.99]","Computational Method",,
562,"562.114873","Escherichia coli AMR0279","ampicillin/sulbactam",,"32.0",,"32.0","mg/L",,,,,,,"MIC XGBoost Model","202503101","W1 score: 0.90, CI[0.82, 0.98]","Computational Method",,
562,"562.138665","Escherichia coli AMR_MDS_5755","cefepime","Susceptible",,,,,,,,,,,"SIR XGBoost Model","202503101","F1 score: 0.88, CI[0.84, 0.92]","Computational Method",,
611,"611.127","Salmonella enterica subsp. enterica serovar Heidelberg strain AMR588-04-00318","ceftiofur",,"8.0",,"8.0","mg/L",,,,,,,"MIC XGBoost Model","202503101","W1 score: 0.99, CI[0.98, 0.99]","Computational Method",,
611,"611.289","Salmonella enterica subsp. enterica serovar Heidelberg strain AMR588-04-00318","chloramphenicol",,"32.0",,"32.0","mg/L",,,,,,,"MIC XGBoost Model","202503101","W1 score: 0.99, CI[0.98, 1.00]","Computational Method",,
562,"562.114875","Escherichia coli AMR0177","norfloxacin","Resistant",,,,,,,,,,,"SIR XGBoost Model","202503101","F1 score: 0.96, CI[0.92, 1.01]","Computational Method",,
573,"573.64652","Klebsiella pneumoniae AMR_MDS_5016","amoxicillin/clavulanic acid",,"8.0",,"8.0","mg/L",,,,,,,"MIC XGBoost Model","202503101","W1 score: 0.95, CI[0.93, 0.97]","Computational Method",,
573,"573.62644","Klebsiella pneumoniae AMR200031","imipenem","Resistant",,,,,,,,"PATRIC",,,"AdaBoost Classifier",,"Accuracy:0.931, F1 score:0.935, AUC:0.950","Computational Method",,
1280,"1280.48293","Staphylococcus aureus AMR6","methicillin","Resistant",,,,,,,,,,,"SIR XGBoost Model","202503101","F1 score: 0.99, CI[0.98, 1.00]","Computational Method",,
1280,"1280.48297","Staphylococcus aureus AMR2","daptomycin",,"1.0",,"1.0","mg/L",,,,,,,"MIC XGBoost Model","202503101","W1 score: 0.93, CI[0.87, 0.99]","Computational Method",,
562,"562.114877","Escherichia coli AMR0264","cefotetan",,"32.0",,"32.0","mg/L",,,,,,,"MIC XGBoost Model","202503101","W1 score: 1.00, CI[1.00, 1.00]","Computational Method",,
611,"611.289","Salmonella enterica subsp. enterica serovar Heidelberg strain AMR588-04-00318","gentamicin",,"0.5",,"0.5","mg/L",,,,,,,"MIC XGBoost Model","202503101","W1 score: 0.97, CI[0.95, 0.99]","Computational Method",,
611,"611.294","Salmonella enterica subsp. enterica serovar Heidelberg strain AMR588-04-00320","meropenem",,"16.0",,"16.0","mg/L",,,,,,,"MIC XGBoost Model","202503101","W1 score: 0.95, CI[0.90, 1.01]","Computational Method",,
1280,"1280.48305","Staphylococcus aureus AMR1","fusidic acid","Susceptible",,,,,,,,,,,"SIR XGBoost Model","202503101","F1 score: 0.97, CI[0.96, 0.98]","Computational Method",,
562,"562.114873","Escherichia coli AMR0279","tobramycin","Resistant",,,,,,,,,,,"SIR XGBoost Model","202503101","F1 score: 0.92, CI[0.88, 0.96]","Computational Method",,
562,"562.114875","Escherichia coli AMR0177","fosfomycin",,"4.0",,"4.0","mg/L",,,,,,,"MIC XGBoost Model","202503101","W1 score: 0.77, CI[0.60, 0.94]","Computational Method",,
573,"573.65449","Klebsiella pneumoniae AMR20201034","meropenem",,"16.0",,"16.0","mg/L",,,,,,,"MIC XGBoost Model","202503101","W1 score: 0.91, CI[0.89, 0.93]","Computational Method",,
611,"611.289","Salmonella enterica subsp. enterica serovar Heidelberg strain AMR588-04-00318","amoxicillin/clavulanic acid","Susceptible",,,,,,,,,,,"SIR XGBoost Model","202503101","F1 score: 0.96, CI[0.95, 0.97]","Computational Method",,
562,"562.138665","Escherichia coli AMR_MDS_5755","tobramycin","Resistant",,,,,,,,,,,"SIR XGBoost Model","202503101","F1 score: 0.92, CI[0.88, 0.96]","Computational Method",,
573,"573.62642","Klebsiella pneumoniae AMR180026","cefoxitin","Resistant",,,,,,,,"PATRIC",,,"AdaBoost Classifier",,"Accuracy:0.805, F1 score:0.796, AUC:0.864","Computational Method",,
611,"611.297","Salmonella enterica subsp. enterica serovar Heidelberg strain AMR588-04-00437","ciprofloxacin",,"0.5",,"0.5","mg/L",,,,,,,"MIC XGBoost Model","202503101","W1 score: 0.88, CI[0.86, 0.90]","Computational Method",,
562,"562.114877","Escherichia coli AMR0264","cefalothin","Resistant",,,,,,,,,,,"SIR XGBoost Model","202503101","F1 score: 0.92, CI[0.89, 0.96]","Computational Method",,
562,"562.114877","Escherichia coli AMR0264","aztreonam","Resistant",,,,,,,,,,,"SIR XGBoost Model","202503101","F1 score: 0.92, CI[0.89, 0.96]","Computational Method",,
611,"611.116","Salmonella enterica subsp. enterica serovar Heidelberg strain AMR588-04-00437","kanamycin",,"8.0",,"8.0","mg/L",,,,,,,"MIC XGBoost Model","202503101","W1 score: 0.99, CI[0.98, 1.01]","Computational Method",,
573,"573.62644","Klebsiella pneumoniae AMR200031","piperacillin/tazobactam","Susceptible",,,,,,,,"PATRIC",,,"AdaBoost Classifier",,"Accuracy:0.766, F1 score:0.759, AUC:0.825","Computational Method",,
611,"611.111","Salmonella enterica subsp. enterica serovar Heidelberg strain AMR588-04-00435","gentamicin","Susceptible",,,,,,,,,,,"SIR XGBoost Model","202503101","F1 score: 0.92, CI[0.89, 0.95]","Computational Method",,
611,"611.127","Salmonella enterica subsp. enterica serovar Heidelberg strain AMR588-04-00318","sulfisoxazole",,"32.0",,"32.0","mg/L",,,,,,,"MIC XGBoost Model","202503101","W1 score: 0.98, CI[0.97, 0.99]","Computational Method",,
611,"611.116","Salmonella enterica subsp. enterica serovar Heidelberg strain AMR588-04-00437","pefloxacin","Susceptible",,,,,,,,,,,"SIR XGBoost Model","202503101","F1 score: 0.98, CI[0.96, 1.00]","Computational Method",,
1280,"1280.48296","Staphylococcus aureus AMR26","oxacillin","Resistant",,,,,,,,,,,"SIR XGBoost Model","202503101","F1 score: 0.91, CI[0.87, 0.96]","Computational Method",,
573,"573.62641","Klebsiella pneumoniae AMR180022","ampicillin",,"64.0",,"64.0","mg/L",,,,,,,"MIC XGBoost Model","202503101","W1 score: 0.99, CI[0.98, 1.00]","Computational Method",,
562,"562.114873","Escherichia coli AMR0279","cefuroxime",,"8.0",,"8.0","mg/L",,,,,,,"MIC XGBoost Model","202503101","W1 score: 0.62, CI[0.26, 0.97]","Computational Method",,
611,"611.295","Salmonella enterica subsp. enterica serovar Heidelberg strain AMR588-04-00435","kanamycin",,"16.0",,"16.0","mg/L",,,,,,,"MIC XGBoost Model","202503101","W1 score: 0.99, CI[0.98, 1.01]","Computational Method",,
562,"562.112540","Escherichia coli AMR0278","ceftriaxone",,"64.0",,"64.0","mg/L",,,,,,,"MIC XGBoost Model","202503101","W1 score: 0.83, CI[0.74, 0.91]","Computational Method",,
562,"562.114875","Escherichia coli AMR0177","ceftazidime",,"128.0",,"128.0","mg/L",,,,,,,"MIC XGBoost Model","202503101","W1 score: 0.88, CI[0.86, 0.90]","Computational Method",,
562,"562.114876","Escherichia coli AMR0262","levofloxacin",,"8.0",,"8.0","mg/L",,,,,,,"MIC XGBoost Model","202503101","W1 score: 0.87, CI[0.81, 0.93]","Computational Method",,
573,"573.62642","Klebsiella pneumoniae AMR180026","aztreonam","Susceptible",,,,,,,,"PATRIC",,,"AdaBoost Classifier",,"Accuracy:0.680, F1 score:0.752, AUC:0.735","Computational Method",,
573,"573.62645","Klebsiella pneumoniae AMR180036","trimethoprim/sulfamethoxazole","Resistant",,,,,,,,"PATRIC",,,"AdaBoost Classifier",,"Accuracy:0.861, F1 score:0.865, AUC:0.930","Computational Method",,
562,"562.112540","Escherichia coli AMR0278","levofloxacin","Resistant",,,,,,,,,,,"SIR XGBoost Model","202503101","F1 score: 0.97, CI[0.91, 1.02]","Computational Method",,
1280,"1280.48293","Staphylococcus aureus AMR6","methicillin","Resistant",,,,,,,,"PATRIC",,,"AdaBoost Classifier",,"Accuracy:0.989, F1 score:0.989, AUC:0.994","Computational Method",,
573,"573.62641","Klebsiella pneumoniae AMR180022","chloramphenicol",,"32.0",,"32.0","mg/L",,,,,,,"MIC XGBoost Model","202503101","W1 score: 0.95, CI[0.89, 1.01]","Computational Method",,
573,"573.62642","Klebsiella pneumoniae AMR180026","amoxicillin/clavulanic acid",,"32.0",,"32.0","mg/L",,,,,,,"MIC XGBoost Model","202503101","W1 score: 0.95, CI[0.93, 0.97]","Computational Method",,
562,"562.114871","Escherichia coli AMR0265","piperacillin/tazobactam",,"128.0",,"128.0","mg/L",,,,,,,"MIC XGBoost Model","202503101","W1 score: 0.93, CI[0.91, 0.95]","Computational Method",,
1280,"1280.48288","Staphylococcus aureus AMR8","clindamycin","Susceptible",,,,,,,,"PATRIC",,,"AdaBoost Classifier",,"Accuracy:0.963, F1 score:0.965, AUC:0.977","Computational Method",,
562,"562.114873","Escherichia coli AMR0279","cefalothin","Resistant",,,,,,,,,,,"SIR XGBoost Model","202503101","F1 score: 0.92, CI[0.89, 0.96]","Computational Method",,
562,"562.114871","Escherichia coli AMR0265","cefotaxime","Resistant",,,,,,,,,,,"SIR XGBoost Model","202503101","F1 score: 0.96, CI[0.96, 0.97]","Computational Method",,
562,"562.114877","Escherichia coli AMR0264","nalidixic acid",,"32.0",,"32.0","mg/L",,,,,,,"MIC XGBoost Model","202503101","W1 score: 0.64, CI[0.33, 0.95]","Computational Method",,
573,"573.62644","Klebsiella pneumoniae AMR200031","cefotaxime",,"64.0",,"64.0","mg/L",,,,,,,"MIC XGBoost Model","202503101","W1 score: 0.92, CI[0.90, 0.94]","Computational Method",,
611,"611.116","Salmonella enterica subsp. enterica serovar Heidelberg strain AMR588-04-00437","ceftriaxone",,"0.25",,"0.25","mg/L",,,,,,,"MIC XGBoost Model","202503101","W1 score: 0.95, CI[0.94, 0.96]","Computational Method",,
1280,"1280.48292","Staphylococcus aureus AMR9","trimethoprim/sulfamethoxazole","Susceptible",,,,,,,,"PATRIC",,,"AdaBoost Classifier",,"Accuracy:0.939, F1 score:0.956, AUC:0.974","Computational Method",,
562,"562.114877","Escherichia coli AMR0264","cefepime","Resistant",,,,,,,,,,,"SIR XGBoost Model","202503101","F1 score: 0.88, CI[0.84, 0.92]","Computational Method",,
611,"611.298","Salmonella enterica subsp. enterica serovar Heidelberg strain AMR588-04-00437","ciprofloxacin","Susceptible",,,,,,,,,,,"SIR XGBoost Model","202503101","F1 score: 0.95, CI[0.93, 0.96]","Computational Method",,
611,"611.298","Salmonella enterica subsp. enterica serovar Heidelberg strain AMR588-04-00437","tetracycline",,"32.0",,"32.0","mg/L",,,,,,,"MIC XGBoost Model","202503101","W1 score: 0.99, CI[0.98, 0.99]","Computational Method",,
611,"611.127","Salmonella enterica subsp. enterica serovar Heidelberg strain AMR588-04-00318","azithromycin","Susceptible",,,,,,,,,,,"SIR XGBoost Model","202503101","F1 score: 0.92, CI[0.87, 0.98]","Computational Method",,
562,"562.138665","Escherichia coli AMR_MDS_5755","nalidixic acid",,"16.0",,"16.0","mg/L",,,,,,,"MIC XGBoost Model","202503101","W1 score: 0.64, CI[0.33, 0.95]","Computational Method",,
573,"573.62645","Klebsiella pneumoniae AMR180036","chloramphenicol",,"32.0",,"32.0","mg/L",,,,,,,"MIC XGBoost Model","202503101","W1 score: 0.95, CI[0.89, 1.01]","Computational Method",,
611,"611.296","Salmonella enterica subsp. enterica serovar Heidelberg strain AMR588-04-00435","kanamycin","Susceptible",,,,,,,,,,,"SIR XGBoost Model","202503101","F1 score: 0.86, CI[0.77, 0.95]","Computational Method",,
562,"562.138665","Escherichia coli AMR_MDS_5755","doripenem",,"0.25",,"0.25","mg/L",,,,,,,"MIC XGBoost Model","202503101","W1 score: 0.56, CI[0.34, 0.79]","Computational Method",,
573,"573.62642","Klebsiella pneumoniae AMR180026","cefepime","Susceptible",,,,,,,,"PATRIC",,,"AdaBoost Classifier",,"Accuracy:0.697, F1 score:0.704, AUC:0.745","Computational Method",,
573,"573.62645","Klebsiella pneumoniae AMR180036","tobramycin","Resistant",,,,,,,,"PATRIC",,,"AdaBoost Classifier",,"Accuracy:0.882, F1 score:0.889, AUC:0.939","Computational Method",,
611,"611.116","Salmonella enterica subsp. enterica serovar Heidelberg strain AMR588-04-00437","chloramphenicol",,"8.0",,"8.0","mg/L",,,,,,,"MIC XGBoost Model","202503101","W1 score: 0.99, CI[0.98, 1.00]","Computational Method",,
611,"611.291","Salmonella enterica subsp. enterica serovar Heidelberg strain AMR588-04-00318","sulfamethoxazole","Susceptible",,,,,,,,,,,"SIR XGBoost Model","202503101","F1 score: 0.95, CI[0.93, 0.97]","Computational Method",,
611,"611.116","Salmonella enterica subsp. enterica serovar Heidelberg strain AMR588-04-00437","trimethoprim","Susceptible",,,,,,,,,,,"SIR XGBoost Model","202503101","F1 score: 0.86, CI[0.78, 0.93]","Computational Method",,
1280,"1280.48292","Staphylococcus aureus AMR9","ciprofloxacin","Resistant",,,,,,,,,,,"SIR XGBoost Model","202503101","F1 score: 0.99, CI[0.98, 1.00]","Computational Method",,
1280,"1280.48294","Staphylococcus aureus AMR3","methicillin","Resistant",,,,,,,,"PATRIC",,,"AdaBoost Classifier",,"Accuracy:0.989, F1 score:0.989, AUC:0.994","Computational Method",,
1352,"1352.16767","Enterococcus faecium KU-AMR114","linezolid","Susceptible",,,,,,,,,,,"SIR XGBoost Model","202503101","F1 score: 0.94, CI[0.90, 0.98]","Computational Method",,
611,"611.297","Salmonella enterica subsp. enterica serovar Heidelberg strain AMR588-04-00437","meropenem",,"32.0",,"32.0","mg/L",,,,,,,"MIC XGBoost Model","202503101","W1 score: 0.95, CI[0.90, 1.01]","Computational Method",,
573,"573.62642","Klebsiella pneumoniae AMR180026","ciprofloxacin",,"16.0",,"16.0","mg/L",,,,,,,"MIC XGBoost Model","202503101","W1 score: 0.97, CI[0.95, 0.98]","Computational Method",,
562,"562.138665","Escherichia coli AMR_MDS_5755","tetracycline",,"4.0",,"4.0","mg/L",,,,,,,"MIC XGBoost Model","202503101","W1 score: 0.79, CI[0.71, 0.87]","Computational Method",,
562,"562.138665","Escherichia coli AMR_MDS_5755","ceftazidime","Susceptible",,,,,,,,,,,"SIR XGBoost Model","202503101","F1 score: 0.92, CI[0.90, 0.93]","Computational Method",,
1352,"1352.16772","Enterococcus faecium KU-AMR0096","linezolid","Susceptible",,,,,,,,,,,"SIR XGBoost Model","202503101","F1 score: 0.94, CI[0.90, 0.98]","Computational Method",,
562,"562.114873","Escherichia coli AMR0279","meropenem","Resistant",,,,,,,,,,,"SIR XGBoost Model","202503101","F1 score: 0.76, CI[0.68, 0.84]","Computational Method",,
562,"562.138665","Escherichia coli AMR_MDS_5755","amoxicillin","Resistant",,,,,,,,,,,"SIR XGBoost Model","202503101","F1 score: 0.90, CI[0.87, 0.93]","Computational Method",,
562,"562.114875","Escherichia coli AMR0177","levofloxacin","Resistant",,,,,,,,,,,"SIR XGBoost Model","202503101","F1 score: 0.97, CI[0.91, 1.02]","Computational Method",,
611,"611.293","Salmonella enterica subsp. enterica serovar Heidelberg strain AMR588-04-00320","ceftriaxone",,"32.0",,"32.0","mg/L",,,,,,,"MIC XGBoost Model","202503101","W1 score: 0.95, CI[0.94, 0.96]","Computational Method",,
562,"562.114876","Escherichia coli AMR0262","nalidixic acid","Resistant",,,,,,,,,,,"SIR XGBoost Model","202503101","F1 score: 0.98, CI[0.96, 1.00]","Computational Method",,
1280,"1280.48292","Staphylococcus aureus AMR9","gentamicin","Susceptible",,,,,,,,"PATRIC",,,"AdaBoost Classifier",,"Accuracy:0.984, F1 score:0.984, AUC:0.980","Computational Method",,
611,"611.290","Salmonella enterica subsp. enterica serovar Heidelberg strain AMR588-04-00318","ceftiofur",,"8.0",,"8.0","mg/L",,,,,,,"MIC XGBoost Model","202503101","W1 score: 0.99, CI[0.98, 0.99]","Computational Method",,
562,"562.114876","Escherichia coli AMR0262","ampicillin/sulbactam",,"32.0",,"32.0","mg/L",,,,,,,"MIC XGBoost Model","202503101","W1 score: 0.90, CI[0.82, 0.98]","Computational Method",,
611,"611.294","Salmonella enterica subsp. enterica serovar Heidelberg strain AMR588-04-00320","azithromycin",,"4.0",,"4.0","mg/L",,,,,,,"MIC XGBoost Model","202503101","W1 score: 0.99, CI[0.98, 1.00]","Computational Method",,
1280,"1280.48296","Staphylococcus aureus AMR26","erythromycin","Resistant",,,,,,,,"PATRIC",,,"AdaBoost Classifier",,"Accuracy:0.959, F1 score:0.962, AUC:0.981","Computational Method",,
611,"611.298","Salmonella enterica subsp. enterica serovar Heidelberg strain AMR588-04-00437","kanamycin","Susceptible",,,,,,,,,,,"SIR XGBoost Model","202503101","F1 score: 0.86, CI[0.77, 0.95]","Computational Method",,
562,"562.114877","Escherichia coli AMR0264","aztreonam",,"64.0",,"64.0","mg/L",,,,,,,"MIC XGBoost Model","202503101","W1 score: 0.61, CI[0.50, 0.73]","Computational Method",,
562,"562.112540","Escherichia coli AMR0278","piperacillin",,"8.0",,"8.0","mg/L",,,,,,,"MIC XGBoost Model","202503101","W1 score: 0.73, CI[0.39, 1.08]","Computational Method",,
1280,"1280.48292","Staphylococcus aureus AMR9","gentamicin","Susceptible",,,,,,,,,,,"SIR XGBoost Model","202503101","F1 score: 0.99, CI[0.99, 1.00]","Computational Method",,
573,"573.65449","Klebsiella pneumoniae AMR20201034","tigecycline",,"1.0",,"1.0","mg/L",,,,,,,"MIC XGBoost Model","202503101","W1 score: 0.93, CI[0.91, 0.95]","Computational Method",,
562,"562.114877","Escherichia coli AMR0264","norfloxacin","Resistant",,,,,,,,,,,"SIR XGBoost Model","202503101","F1 score: 0.96, CI[0.92, 1.01]","Computational Method",,
611,"611.116","Salmonella enterica subsp. enterica serovar Heidelberg strain AMR588-04-00437","tetracycline","Susceptible",,,,,,,,,,,"SIR XGBoost Model","202503101","F1 score: 0.97, CI[0.96, 0.98]","Computational Method",,
562,"562.138665","Escherichia coli AMR_MDS_5755","trimethoprim","Susceptible",,,,,,,,,,,"SIR XGBoost Model","202503101","F1 score: 0.94, CI[0.91, 0.97]","Computational Method",,
562,"562.114873","Escherichia coli AMR0279","cefuroxime","Resistant",,,,,,,,,,,"SIR XGBoost Model","202503101","F1 score: 0.88, CI[0.86, 0.90]","Computational Method",,
611,"611.298","Salmonella enterica subsp. enterica serovar Heidelberg strain AMR588-04-00437","ampicillin",,"32.0",,"32.0","mg/L",,,,,,,"MIC XGBoost Model","202503101","W1 score: 0.96, CI[0.95, 0.97]","Computational Method",,
611,"611.291","Salmonella enterica subsp. enterica serovar Heidelberg strain AMR588-04-00318","kanamycin",,"16.0",,"16.0","mg/L",,,,,,,"MIC XGBoost Model","202503101","W1 score: 0.99, CI[0.98, 1.01]","Computational Method",,
562,"562.114873","Escherichia coli AMR0279","piperacillin/tazobactam",,"32.0",,"32.0","mg/L",,,,,,,"MIC XGBoost Model","202503101","W1 score: 0.93, CI[0.91, 0.95]","Computational Method",,
1280,"1280.48288","Staphylococcus aureus AMR8","erythromycin","Resistant",,,,,,,,"PATRIC",,,"AdaBoost Classifier",,"Accuracy:0.959, F1 score:0.962, AUC:0.981","Computational Method",,
562,"562.114873","Escherichia coli AMR0279","ciprofloxacin","Resistant",,,,,,,,,,,"SIR XGBoost Model","202503101","F1 score: 0.98, CI[0.97, 0.98]","Computational Method",,
611,"611.127","Salmonella enterica subsp. enterica serovar Heidelberg strain AMR588-04-00318","tetracycline",,"4.0",,"4.0","mg/L",,,,,,,"MIC XGBoost Model","202503101","W1 score: 0.99, CI[0.98, 0.99]","Computational Method",,
611,"611.292","Salmonella enterica subsp. enterica serovar Heidelberg strain AMR588-04-00320","tetracycline",,"32.0",,"32.0","mg/L",,,,,,,"MIC XGBoost Model","202503101","W1 score: 0.99, CI[0.98, 0.99]","Computational Method",,
611,"611.116","Salmonella enterica subsp. enterica serovar Heidelberg strain AMR588-04-00437","trimethoprim/sulfamethoxazole","Susceptible",,,,,,,,,,,"SIR XGBoost Model","202503101","F1 score: 0.85, CI[0.82, 0.88]","Computational Method",,
573,"573.62641","Klebsiella pneumoniae AMR180022","ampicillin/sulbactam",,"64.0",,"64.0","mg/L",,,,,,,"MIC XGBoost Model","202503101","W1 score: 0.99, CI[0.98, 1.00]","Computational Method",,
573,"573.64652","Klebsiella pneumoniae AMR_MDS_5016","ertapenem","Susceptible",,,,,,,,"PATRIC",,,"AdaBoost Classifier",,"Accuracy:0.956, F1 score:0.955, AUC:0.972","Computational Method",,
611,"611.291","Salmonella enterica subsp. enterica serovar Heidelberg strain AMR588-04-00318","kanamycin","Susceptible",,,,,,,,,,,"SIR XGBoost Model","202503101","F1 score: 0.86, CI[0.77, 0.95]","Computational Method",,
573,"573.64652","Klebsiella pneumoniae AMR_MDS_5016","ampicillin",,"32.0",,"32.0","mg/L",,,,,,,"MIC XGBoost Model","202503101","W1 score: 0.99, CI[0.98, 1.00]","Computational Method",,
1280,"1280.48288","Staphylococcus aureus AMR8","ciprofloxacin","Susceptible",,,,,,,,"PATRIC",,,"AdaBoost Classifier",,"Accuracy:0.977, F1 score:0.980, AUC:0.982","Computational Method",,
1280,"1280.48288","Staphylococcus aureus AMR8","fusidic acid","Susceptible",,,,,,,,,,,"SIR XGBoost Model","202503101","F1 score: 0.97, CI[0.96, 0.98]","Computational Method",,
562,"562.112540","Escherichia coli AMR0278","meropenem","Resistant",,,,,,,,,,,"SIR XGBoost Model","202503101","F1 score: 0.76, CI[0.68, 0.84]","Computational Method",,
573,"573.62644","Klebsiella pneumoniae AMR200031","aztreonam","Susceptible",,,,,,,,"PATRIC",,,"AdaBoost Classifier",,"Accuracy:0.680, F1 score:0.752, AUC:0.735","Computational Method",,
562,"562.114876","Escherichia coli AMR0262","colistin",,"2.0",,"2.0","mg/L",,,,,,,"MIC XGBoost Model","202503101","W1 score: 0.80, CI[0.64, 0.96]","Computational Method",,
562,"562.112540","Escherichia coli AMR0278","levofloxacin",,"8.0",,"8.0","mg/L",,,,,,,"MIC XGBoost Model","202503101","W1 score: 0.87, CI[0.81, 0.93]","Computational Method",,
573,"573.62644","Klebsiella pneumoniae AMR200031","amikacin",,"8.0",,"8.0","mg/L",,,,,,,"MIC XGBoost Model","202503101","W1 score: 0.94, CI[0.92, 0.96]","Computational Method",,
562,"562.112540","Escherichia coli AMR0278","aztreonam","Resistant",,,,,,,,,,,"SIR XGBoost Model","202503101","F1 score: 0.92, CI[0.89, 0.96]","Computational Method",,
562,"562.114871","Escherichia coli AMR0265","cefotetan",,"32.0",,"32.0","mg/L",,,,,,,"MIC XGBoost Model","202503101","W1 score: 1.00, CI[1.00, 1.00]","Computational Method",,
611,"611.127","Salmonella enterica subsp. enterica serovar Heidelberg strain AMR588-04-00318","streptomycin",,"32.0",,"32.0","mg/L",,,,,,,"MIC XGBoost Model","202503101","W1 score: 0.92, CI[0.90, 0.93]","Computational Method",,
573,"573.62641","Klebsiella pneumoniae AMR180022","imipenem",,"8.0",,"8.0","mg/L",,,,,,,"MIC XGBoost Model","202503101","W1 score: 0.93, CI[0.90, 0.96]","Computational Method",,
611,"611.290","Salmonella enterica subsp. enterica serovar Heidelberg strain AMR588-04-00318","azithromycin",,"4.0",,"4.0","mg/L",,,,,,,"MIC XGBoost Model","202503101","W1 score: 0.99, CI[0.98, 1.00]","Computational Method",,
562,"562.114871","Escherichia coli AMR0265","fosfomycin",,"1.0",,"1.0","mg/L",,,,,,,"MIC XGBoost Model","202503101","W1 score: 0.77, CI[0.60, 0.94]","Computational Method",,
1280,"1280.48297","Staphylococcus aureus AMR2","daptomycin","Resistant",,,,,,,,,,,"SIR XGBoost Model","202503101","F1 score: 0.30, CI[-0.26, 0.85]","Computational Method",,
611,"611.127","Salmonella enterica subsp. enterica serovar Heidelberg strain AMR588-04-00318","ceftriaxone",,"32.0",,"32.0","mg/L",,,,,,,"MIC XGBoost Model","202503101","W1 score: 0.95, CI[0.94, 0.96]","Computational Method",,
611,"611.116","Salmonella enterica subsp. enterica serovar Heidelberg strain AMR588-04-00437","gentamicin",,"0.5",,"0.5","mg/L",,,,,,,"MIC XGBoost Model","202503101","W1 score: 0.97, CI[0.95, 0.99]","Computational Method",,
611,"611.291","Salmonella enterica subsp. enterica serovar Heidelberg strain AMR588-04-00318","chloramphenicol","Resistant",,,,,,,,,,,"SIR XGBoost Model","202503101","F1 score: 0.90, CI[0.88, 0.91]","Computational Method",,
611,"611.111","Salmonella enterica subsp. enterica serovar Heidelberg strain AMR588-04-00435","azithromycin",,"4.0",,"4.0","mg/L",,,,,,,"MIC XGBoost Model","202503101","W1 score: 0.99, CI[0.98, 1.00]","Computational Method",,
573,"573.62642","Klebsiella pneumoniae AMR180026","ampicillin/sulbactam",,"64.0",,"64.0","mg/L",,,,,,,"MIC XGBoost Model","202503101","W1 score: 0.99, CI[0.98, 1.00]","Computational Method",,
573,"573.62644","Klebsiella pneumoniae AMR200031","meropenem","Susceptible",,,,,,,,"PATRIC",,,"AdaBoost Classifier",,"Accuracy:0.916, F1 score:0.922, AUC:0.949","Computational Method",,
573,"573.62644","Klebsiella pneumoniae AMR200031","colistin",,"4.0",,"4.0","mg/L",,,,,,,"MIC XGBoost Model","202503101","W1 score: 0.65, CI[0.55, 0.75]","Computational Method",,
562,"562.114871","Escherichia coli AMR0265","piperacillin",,"4.0",,"4.0","mg/L",,,,,,,"MIC XGBoost Model","202503101","W1 score: 0.73, CI[0.39, 1.08]","Computational Method",,
562,"562.114876","Escherichia coli AMR0262","ampicillin","Resistant",,,,,,,,,,,"SIR XGBoost Model","202503101","F1 score: 0.94, CI[0.93, 0.96]","Computational Method",,
1352,"1352.16770","Enterococcus faecium KU-AMR0099","gentamicin","Susceptible",,,,,,,,,,,"SIR XGBoost Model","202503101","F1 score: 0.92, CI[0.81, 1.02]","Computational Method",,
611,"611.298","Salmonella enterica subsp. enterica serovar Heidelberg strain AMR588-04-00437","azithromycin","Susceptible",,,,,,,,,,,"SIR XGBoost Model","202503101","F1 score: 0.92, CI[0.87, 0.98]","Computational Method",,
1280,"1280.48292","Staphylococcus aureus AMR9","daptomycin",,"1.0",,"1.0","mg/L",,,,,,,"MIC XGBoost Model","202503101","W1 score: 0.93, CI[0.87, 0.99]","Computational Method",,
573,"573.62645","Klebsiella pneumoniae AMR180036","cefepime",,"32.0",,"32.0","mg/L",,,,,,,"MIC XGBoost Model","202503101","W1 score: 0.68, CI[0.64, 0.72]","Computational Method",,
611,"611.295","Salmonella enterica subsp. enterica serovar Heidelberg strain AMR588-04-00435","pefloxacin","Resistant",,,,,,,,,,,"SIR XGBoost Model","202503101","F1 score: 0.98, CI[0.96, 1.00]","Computational Method",,
611,"611.127","Salmonella enterica subsp. enterica serovar Heidelberg strain AMR588-04-00318","trimethoprim/sulfamethoxazole",,"0.125",,"0.125","mg/L",,,,,,,"MIC XGBoost Model","202503101","W1 score: 0.96, CI[0.95, 0.97]","Computational Method",,
611,"611.293","Salmonella enterica subsp. enterica serovar Heidelberg strain AMR588-04-00320","azithromycin",,"4.0",,"4.0","mg/L",,,,,,,"MIC XGBoost Model","202503101","W1 score: 0.99, CI[0.98, 1.00]","Computational Method",,
1280,"1280.48296","Staphylococcus aureus AMR26","trimethoprim/sulfamethoxazole","Susceptible",,,,,,,,"PATRIC",,,"AdaBoost Classifier",,"Accuracy:0.939, F1 score:0.956, AUC:0.974","Computational Method",,
1280,"1280.48295","Staphylococcus aureus AMR28","cefoxitin","Resistant",,,,,,,,,,,"SIR XGBoost Model","202503101","F1 score: 0.97, CI[0.96, 0.99]","Computational Method",,
1280,"1280.48293","Staphylococcus aureus AMR6","ciprofloxacin","Resistant",,,,,,,,,,,"SIR XGBoost Model","202503101","F1 score: 0.99, CI[0.98, 1.00]","Computational Method",,
1280,"1280.48296","Staphylococcus aureus AMR26","fusidic acid","Susceptible",,,,,,,,,,,"SIR XGBoost Model","202503101","F1 score: 0.97, CI[0.96, 0.98]","Computational Method",,
611,"611.116","Salmonella enterica subsp. enterica serovar Heidelberg strain AMR588-04-00437","ceftazidime",,"1.0",,"1.0","mg/L",,,,,,,"MIC XGBoost Model","202503101","W1 score: 0.93, CI[0.88, 0.99]","Computational Method",,
562,"562.112540","Escherichia coli AMR0278","cefazolin","Resistant",,,,,,,,,,,"SIR XGBoost Model","202503101","F1 score: 0.93, CI[0.86, 0.99]","Computational Method",,
611,"611.292","Salmonella enterica subsp. enterica serovar Heidelberg strain AMR588-04-00320","kanamycin",,"16.0",,"16.0","mg/L",,,,,,,"MIC XGBoost Model","202503101","W1 score: 0.99, CI[0.98, 1.01]","Computational Method",,
573,"573.62645","Klebsiella pneumoniae AMR180036","polymyxin B",,"16.0",,"16.0","mg/L",,,,,,,"MIC XGBoost Model","202503101","W1 score: 0.64, CI[0.56, 0.72]","Computational Method",,
1280,"1280.48295","Staphylococcus aureus AMR28","oxacillin",,"4.0",,"4.0","mg/L",,,,,,,"MIC XGBoost Model","202503101","W1 score: 0.86, CI[0.77, 0.95]","Computational Method",,
1280,"1280.48295","Staphylococcus aureus AMR28","ciprofloxacin","Resistant",,,,,,,,,,,"SIR XGBoost Model","202503101","F1 score: 0.99, CI[0.98, 1.00]","Computational Method",,
611,"611.114","Salmonella enterica subsp. enterica serovar Heidelberg strain AMR588-04-00320","cefoxitin",,"32.0",,"32.0","mg/L",,,,,,,"MIC XGBoost Model","202503101","W1 score: 0.98, CI[0.97, 1.00]","Computational Method",,
611,"611.297","Salmonella enterica subsp. enterica serovar Heidelberg strain AMR588-04-00437","amoxicillin/clavulanic acid",,"8.0",,"8.0","mg/L",,,,,,,"MIC XGBoost Model","202503101","W1 score: 0.98, CI[0.96, 0.99]","Computational Method",,
611,"611.295","Salmonella enterica subsp. enterica serovar Heidelberg strain AMR588-04-00435","cefotaxime",,"32.0",,"32.0","mg/L",,,,,,,"MIC XGBoost Model","202503101","W1 score: 0.95, CI[0.89, 1.00]","Computational Method",,
611,"611.127","Salmonella enterica subsp. enterica serovar Heidelberg strain AMR588-04-00318","sulfisoxazole","Susceptible",,,,,,,,,,,"SIR XGBoost Model","202503101","F1 score: 0.99, CI[0.98, 1.00]","Computational Method",,
562,"562.114877","Escherichia coli AMR0264","levofloxacin",,"8.0",,"8.0","mg/L",,,,,,,"MIC XGBoost Model","202503101","W1 score: 0.87, CI[0.81, 0.93]","Computational Method",,
562,"562.114873","Escherichia coli AMR0279","ceftazidime","Resistant",,,,,,,,,,,"SIR XGBoost Model","202503101","F1 score: 0.92, CI[0.90, 0.93]","Computational Method",,
611,"611.292","Salmonella enterica subsp. enterica serovar Heidelberg strain AMR588-04-00320","ampicillin","Susceptible",,,,,,,,,,,"SIR XGBoost Model","202503101","F1 score: 0.93, CI[0.92, 0.93]","Computational Method",,
611,"611.295","Salmonella enterica subsp. enterica serovar Heidelberg strain AMR588-04-00435","ceftiofur",,"1.0",,"1.0","mg/L",,,,,,,"MIC XGBoost Model","202503101","W1 score: 0.99, CI[0.98, 0.99]","Computational Method",,
611,"611.292","Salmonella enterica subsp. enterica serovar Heidelberg strain AMR588-04-00320","ciprofloxacin","Susceptible",,,,,,,,,,,"SIR XGBoost Model","202503101","F1 score: 0.95, CI[0.93, 0.96]","Computational Method",,
611,"611.296","Salmonella enterica subsp. enterica serovar Heidelberg strain AMR588-04-00435","sulfisoxazole","Susceptible",,,,,,,,,,,"SIR XGBoost Model","202503101","F1 score: 0.99, CI[0.98, 1.00]","Computational Method",,
573,"573.64652","Klebsiella pneumoniae AMR_MDS_5016","nitrofurantoin",,"64.0",,"64.0","mg/L",,,,,,,"MIC XGBoost Model","202503101","W1 score: 0.94, CI[0.91, 0.97]","Computational Method",,
562,"562.114871","Escherichia coli AMR0265","levofloxacin",,"8.0",,"8.0","mg/L",,,,,,,"MIC XGBoost Model","202503101","W1 score: 0.87, CI[0.81, 0.93]","Computational Method",,
611,"611.298","Salmonella enterica subsp. enterica serovar Heidelberg strain AMR588-04-00437","gentamicin","Resistant",,,,,,,,,,,"SIR XGBoost Model","202503101","F1 score: 0.92, CI[0.89, 0.95]","Computational Method",,
1280,"1280.48293","Staphylococcus aureus AMR6","gentamicin","Susceptible",,,,,,,,"PATRIC",,,"AdaBoost Classifier",,"Accuracy:0.984, F1 score:0.984, AUC:0.980","Computational Method",,
611,"611.289","Salmonella enterica subsp. enterica serovar Heidelberg strain AMR588-04-00318","ciprofloxacin",,"0.5",,"0.5","mg/L",,,,,,,"MIC XGBoost Model","202503101","W1 score: 0.88, CI[0.86, 0.90]","Computational Method",,
573,"573.62644","Klebsiella pneumoniae AMR200031","tigecycline",,"1.0",,"1.0","mg/L",,,,,,,"MIC XGBoost Model","202503101","W1 score: 0.93, CI[0.91, 0.95]","Computational Method",,
611,"611.116","Salmonella enterica subsp. enterica serovar Heidelberg strain AMR588-04-00437","nalidixic acid","Susceptible",,,,,,,,,,,"SIR XGBoost Model","202503101","F1 score: 0.95, CI[0.93, 0.96]","Computational Method",,
562,"562.112540","Escherichia coli AMR0278","ertapenem","Resistant",,,,,,,,,,,"SIR XGBoost Model","202503101","F1 score: 0.92, CI[0.90, 0.95]","Computational Method",,
611,"611.298","Salmonella enterica subsp. enterica serovar Heidelberg strain AMR588-04-00437","ceftazidime",,"8.0",,"8.0","mg/L",,,,,,,"MIC XGBoost Model","202503101","W1 score: 0.93, CI[0.88, 0.99]","Computational Method",,
573,"573.65449","Klebsiella pneumoniae AMR20201034","imipenem",,"8.0",,"8.0","mg/L",,,,,,,"MIC XGBoost Model","202503101","W1 score: 0.93, CI[0.90, 0.96]","Computational Method",,
573,"573.65449","Klebsiella pneumoniae AMR20201034","cefoxitin","Susceptible",,,,,,,,"PATRIC",,,"AdaBoost Classifier",,"Accuracy:0.805, F1 score:0.796, AUC:0.864","Computational Method",,
1280,"1280.48292","Staphylococcus aureus AMR9","daptomycin","Resistant",,,,,,,,,,,"SIR XGBoost Model","202503101","F1 score: 0.30, CI[-0.26, 0.85]","Computational Method",,
562,"562.114875","Escherichia coli AMR0177","piperacillin/tazobactam",,"128.0",,"128.0","mg/L",,,,,,,"MIC XGBoost Model","202503101","W1 score: 0.93, CI[0.91, 0.95]","Computational Method",,
1280,"1280.48294","Staphylococcus aureus AMR3","fusidic acid","Susceptible",,,,,,,,,,,"SIR XGBoost Model","202503101","F1 score: 0.97, CI[0.96, 0.98]","Computational Method",,
1280,"1280.48294","Staphylococcus aureus AMR3","oxacillin",,"4.0",,"4.0","mg/L",,,,,,,"MIC XGBoost Model","202503101","W1 score: 0.86, CI[0.77, 0.95]","Computational Method",,
1280,"1280.48295","Staphylococcus aureus AMR28","trimethoprim/sulfamethoxazole","Susceptible",,,,,,,,"PATRIC",,,"AdaBoost Classifier",,"Accuracy:0.939, F1 score:0.956, AUC:0.974","Computational Method",,
562,"562.114877","Escherichia coli AMR0264","cefoxitin",,"32.0",,"32.0","mg/L",,,,,,,"MIC XGBoost Model","202503101","W1 score: 0.70, CI[0.51, 0.89]","Computational Method",,
611,"611.293","Salmonella enterica subsp. enterica serovar Heidelberg strain AMR588-04-00320","sulfamethoxazole","Susceptible",,,,,,,,,,,"SIR XGBoost Model","202503101","F1 score: 0.95, CI[0.93, 0.97]","Computational Method",,
573,"573.62644","Klebsiella pneumoniae AMR200031","ciprofloxacin",,"8.0",,"8.0","mg/L",,,,,,,"MIC XGBoost Model","202503101","W1 score: 0.97, CI[0.95, 0.98]","Computational Method",,
573,"573.62641","Klebsiella pneumoniae AMR180022","piperacillin/tazobactam",,"256.0",,"256.0","mg/L",,,,,,,"MIC XGBoost Model","202503101","W1 score: 0.82, CI[0.79, 0.85]","Computational Method",,
1280,"1280.48288","Staphylococcus aureus AMR8","erythromycin","Resistant",,,,,,,,,,,"SIR XGBoost Model","202503101","F1 score: 0.98, CI[0.97, 0.99]","Computational Method",,
1280,"1280.48288","Staphylococcus aureus AMR8","penicillin","Resistant",,,,,,,,"PATRIC",,,"AdaBoost Classifier",,"Accuracy:0.963, F1 score:0.964, AUC:0.979","Computational Method",,
611,"611.111","Salmonella enterica subsp. enterica serovar Heidelberg strain AMR588-04-00435","trimethoprim/sulfamethoxazole",,"0.125",,"0.125","mg/L",,,,,,,"MIC XGBoost Model","202503101","W1 score: 0.96, CI[0.95, 0.97]","Computational Method",,
611,"611.291","Salmonella enterica subsp. enterica serovar Heidelberg strain AMR588-04-00318","azithromycin",,"4.0",,"4.0","mg/L",,,,,,,"MIC XGBoost Model","202503101","W1 score: 0.99, CI[0.98, 1.00]","Computational Method",,
611,"611.296","Salmonella enterica subsp. enterica serovar Heidelberg strain AMR588-04-00435","pefloxacin","Resistant",,,,,,,,,,,"SIR XGBoost Model","202503101","F1 score: 0.98, CI[0.96, 1.00]","Computational Method",,
611,"611.298","Salmonella enterica subsp. enterica serovar Heidelberg strain AMR588-04-00437","ciprofloxacin",,"0.5",,"0.5","mg/L",,,,,,,"MIC XGBoost Model","202503101","W1 score: 0.88, CI[0.86, 0.90]","Computational Method",,
611,"611.294","Salmonella enterica subsp. enterica serovar Heidelberg strain AMR588-04-00320","trimethoprim","Resistant",,,,,,,,,,,"SIR XGBoost Model","202503101","F1 score: 0.86, CI[0.78, 0.93]","Computational Method",,
562,"562.114875","Escherichia coli AMR0177","streptomycin",,"8.0",,"8.0","mg/L",,,,,,,"MIC XGBoost Model","202503101","W1 score: 0.96, CI[0.90, 1.03]","Computational Method",,
611,"611.298","Salmonella enterica subsp. enterica serovar Heidelberg strain AMR588-04-00437","chloramphenicol",,"32.0",,"32.0","mg/L",,,,,,,"MIC XGBoost Model","202503101","W1 score: 0.99, CI[0.98, 1.00]","Computational Method",,
573,"573.65449","Klebsiella pneumoniae AMR20201034","imipenem","Susceptible",,,,,,,,"PATRIC",,,"AdaBoost Classifier",,"Accuracy:0.931, F1 score:0.935, AUC:0.950","Computational Method",,
611,"611.127","Salmonella enterica subsp. enterica serovar Heidelberg strain AMR588-04-00318","ampicillin","Resistant",,,,,,,,,,,"SIR XGBoost Model","202503101","F1 score: 0.93, CI[0.92, 0.93]","Computational Method",,
611,"611.293","Salmonella enterica subsp. enterica serovar Heidelberg strain AMR588-04-00320","amoxicillin/clavulanic acid",,"8.0",,"8.0","mg/L",,,,,,,"MIC XGBoost Model","202503101","W1 score: 0.98, CI[0.96, 0.99]","Computational Method",,
611,"611.298","Salmonella enterica subsp. enterica serovar Heidelberg strain AMR588-04-00437","trimethoprim","Resistant",,,,,,,,,,,"SIR XGBoost Model","202503101","F1 score: 0.86, CI[0.78, 0.93]","Computational Method",,
611,"611.289","Salmonella enterica subsp. enterica serovar Heidelberg strain AMR588-04-00318","tetracycline",,"32.0",,"32.0","mg/L",,,,,,,"MIC XGBoost Model","202503101","W1 score: 0.99, CI[0.98, 0.99]","Computational Method",,
611,"611.114","Salmonella enterica subsp. enterica serovar Heidelberg strain AMR588-04-00320","amoxicillin/clavulanic acid","Resistant",,,,,,,,,,,"SIR XGBoost Model","202503101","F1 score: 0.96, CI[0.95, 0.97]","Computational Method",,
611,"611.291","Salmonella enterica subsp. enterica serovar Heidelberg strain AMR588-04-00318","ceftazidime",,"8.0",,"8.0","mg/L",,,,,,,"MIC XGBoost Model","202503101","W1 score: 0.93, CI[0.88, 0.99]","Computational Method",,
573,"573.65449","Klebsiella pneumoniae AMR20201034","ceftazidime",,"128.0",,"128.0","mg/L",,,,,,,"MIC XGBoost Model","202503101","W1 score: 0.92, CI[0.90, 0.93]","Computational Method",,
573,"573.64652","Klebsiella pneumoniae AMR_MDS_5016","tetracycline",,"2.0",,"2.0","mg/L",,,,,,,"MIC XGBoost Model","202503101","W1 score: 0.88, CI[0.83, 0.92]","Computational Method",,
611,"611.127","Salmonella enterica subsp. enterica serovar Heidelberg strain AMR588-04-00318","ceftazidime",,"1.0",,"1.0","mg/L",,,,,,,"MIC XGBoost Model","202503101","W1 score: 0.93, CI[0.88, 0.99]","Computational Method",,
611,"611.127","Salmonella enterica subsp. enterica serovar Heidelberg strain AMR588-04-00318","kanamycin","Susceptible",,,,,,,,,,,"SIR XGBoost Model","202503101","F1 score: 0.86, CI[0.77, 0.95]","Computational Method",,
611,"611.290","Salmonella enterica subsp. enterica serovar Heidelberg strain AMR588-04-00318","gentamicin",,"0.5",,"0.5","mg/L",,,,,,,"MIC XGBoost Model","202503101","W1 score: 0.97, CI[0.95, 0.99]","Computational Method",,
611,"611.294","Salmonella enterica subsp. enterica serovar Heidelberg strain AMR588-04-00320","tetracycline",,"32.0",,"32.0","mg/L",,,,,,,"MIC XGBoost Model","202503101","W1 score: 0.99, CI[0.98, 0.99]","Computational Method",,
611,"611.293","Salmonella enterica subsp. enterica serovar Heidelberg strain AMR588-04-00320","trimethoprim","Resistant",,,,,,,,,,,"SIR XGBoost Model","202503101","F1 score: 0.86, CI[0.78, 0.93]","Computational Method",,
611,"611.292","Salmonella enterica subsp. enterica serovar Heidelberg strain AMR588-04-00320","ampicillin",,"32.0",,"32.0","mg/L",,,,,,,"MIC XGBoost Model","202503101","W1 score: 0.96, CI[0.95, 0.97]","Computational Method",,
562,"562.114875","Escherichia coli AMR0177","nitrofurantoin",,"16.0",,"16.0","mg/L",,,,,,,"MIC XGBoost Model","202503101","W1 score: 0.95, CI[0.90, 1.01]","Computational Method",,
1280,"1280.48292","Staphylococcus aureus AMR9","methicillin","Resistant",,,,,,,,,,,"SIR XGBoost Model","202503101","F1 score: 0.99, CI[0.98, 1.00]","Computational Method",,
573,"573.62645","Klebsiella pneumoniae AMR180036","ampicillin/sulbactam",,"64.0",,"64.0","mg/L",,,,,,,"MIC XGBoost Model","202503101","W1 score: 0.99, CI[0.98, 1.00]","Computational Method",,
573,"573.62645","Klebsiella pneumoniae AMR180036","aztreonam","Susceptible",,,,,,,,"PATRIC",,,"AdaBoost Classifier",,"Accuracy:0.680, F1 score:0.752, AUC:0.735","Computational Method",,
1280,"1280.48296","Staphylococcus aureus AMR26","daptomycin","Resistant",,,,,,,,,,,"SIR XGBoost Model","202503101","F1 score: 0.30, CI[-0.26, 0.85]","Computational Method",,
611,"611.111","Salmonella enterica subsp. enterica serovar Heidelberg strain AMR588-04-00435","ceftriaxone","Susceptible",,,,,,,,,,,"SIR XGBoost Model","202503101","F1 score: 0.98, CI[0.97, 1.00]","Computational Method",,
573,"573.62644","Klebsiella pneumoniae AMR200031","amoxicillin/clavulanic acid",,"32.0",,"32.0","mg/L",,,,,,,"MIC XGBoost Model","202503101","W1 score: 0.95, CI[0.93, 0.97]","Computational Method",,
611,"611.292","Salmonella enterica subsp. enterica serovar Heidelberg strain AMR588-04-00320","trimethoprim/sulfamethoxazole",,"32.0",,"32.0","mg/L",,,,,,,"MIC XGBoost Model","202503101","W1 score: 0.96, CI[0.95, 0.97]","Computational Method",,
1280,"1280.48305","Staphylococcus aureus AMR1","clindamycin","Susceptible",,,,,,,,,,,"SIR XGBoost Model","202503101","F1 score: 0.98, CI[0.97, 1.00]","Computational Method",,
611,"611.289","Salmonella enterica subsp. enterica serovar Heidelberg strain AMR588-04-00318","nalidixic acid",,"8.0",,"8.0","mg/L",,,,,,,"MIC XGBoost Model","202503101","W1 score: 0.98, CI[0.97, 0.99]","Computational Method",,
1352,"1352.16767","Enterococcus faecium KU-AMR114","ampicillin","Resistant",,,,,,,,,,,"SIR XGBoost Model","202503101","F1 score: 0.98, CI[0.97, 0.98]","Computational Method",,
562,"562.112540","Escherichia coli AMR0278","cefotetan",,"32.0",,"32.0","mg/L",,,,,,,"MIC XGBoost Model","202503101","W1 score: 1.00, CI[1.00, 1.00]","Computational Method",,
1280,"1280.48293","Staphylococcus aureus AMR6","tetracycline","Susceptible",,,,,,,,"PATRIC",,,"AdaBoost Classifier",,"Accuracy:0.975, F1 score:0.974, AUC:0.986","Computational Method",,
611,"611.111","Salmonella enterica subsp. enterica serovar Heidelberg strain AMR588-04-00435","cefoxitin",,"2.0",,"2.0","mg/L",,,,,,,"MIC XGBoost Model","202503101","W1 score: 0.98, CI[0.97, 1.00]","Computational Method",,
1280,"1280.48296","Staphylococcus aureus AMR26","gentamicin","Susceptible",,,,,,,,,,,"SIR XGBoost Model","202503101","F1 score: 0.99, CI[0.99, 1.00]","Computational Method",,
1352,"1352.16767","Enterococcus faecium KU-AMR114","vancomycin","Resistant",,,,,,,,,,,"SIR XGBoost Model","202503101","F1 score: 0.97, CI[0.96, 0.98]","Computational Method",,
573,"573.62644","Klebsiella pneumoniae AMR200031","minocycline",,"8.0",,"8.0","mg/L",,,,,,,"MIC XGBoost Model","202503101","W1 score: 0.82, CI[0.69, 0.95]","Computational Method",,
611,"611.289","Salmonella enterica subsp. enterica serovar Heidelberg strain AMR588-04-00318","trimethoprim","Resistant",,,,,,,,,,,"SIR XGBoost Model","202503101","F1 score: 0.86, CI[0.78, 0.93]","Computational Method",,
562,"562.114875","Escherichia coli AMR0177","ceftriaxone","Resistant",,,,,,,,,,,"SIR XGBoost Model","202503101","F1 score: 0.96, CI[0.92, 0.99]","Computational Method",,
562,"562.114875","Escherichia coli AMR0177","piperacillin",,"8.0",,"8.0","mg/L",,,,,,,"MIC XGBoost Model","202503101","W1 score: 0.73, CI[0.39, 1.08]","Computational Method",,
562,"562.114877","Escherichia coli AMR0264","cefazolin","Resistant",,,,,,,,,,,"SIR XGBoost Model","202503101","F1 score: 0.93, CI[0.86, 0.99]","Computational Method",,
611,"611.292","Salmonella enterica subsp. enterica serovar Heidelberg strain AMR588-04-00320","sulfisoxazole","Susceptible",,,,,,,,,,,"SIR XGBoost Model","202503101","F1 score: 0.99, CI[0.98, 1.00]","Computational Method",,
573,"573.62641","Klebsiella pneumoniae AMR180022","ertapenem","Susceptible",,,,,,,,"PATRIC",,,"AdaBoost Classifier",,"Accuracy:0.956, F1 score:0.955, AUC:0.972","Computational Method",,
562,"562.114875","Escherichia coli AMR0177","cefotetan",,"32.0",,"32.0","mg/L",,,,,,,"MIC XGBoost Model","202503101","W1 score: 1.00, CI[1.00, 1.00]","Computational Method",,
573,"573.65449","Klebsiella pneumoniae AMR20201034","levofloxacin","Resistant",,,,,,,,"PATRIC",,,"AdaBoost Classifier",,"Accuracy:0.917, F1 score:0.927, AUC:0.961","Computational Method",,
611,"611.127","Salmonella enterica subsp. enterica serovar Heidelberg strain AMR588-04-00318","trimethoprim","Susceptible",,,,,,,,,,,"SIR XGBoost Model","202503101","F1 score: 0.86, CI[0.78, 0.93]","Computational Method",,
611,"611.298","Salmonella enterica subsp. enterica serovar Heidelberg strain AMR588-04-00437","trimethoprim/sulfamethoxazole","Susceptible",,,,,,,,,,,"SIR XGBoost Model","202503101","F1 score: 0.85, CI[0.82, 0.88]","Computational Method",,
611,"611.114","Salmonella enterica subsp. enterica serovar Heidelberg strain AMR588-04-00320","ampicillin","Resistant",,,,,,,,,,,"SIR XGBoost Model","202503101","F1 score: 0.93, CI[0.92, 0.93]","Computational Method",,
562,"562.114875","Escherichia coli AMR0177","nalidixic acid","Resistant",,,,,,,,,,,"SIR XGBoost Model","202503101","F1 score: 0.98, CI[0.96, 1.00]","Computational Method",,
611,"611.114","Salmonella enterica subsp. enterica serovar Heidelberg strain AMR588-04-00320","gentamicin",,"0.5",,"0.5","mg/L",,,,,,,"MIC XGBoost Model","202503101","W1 score: 0.97, CI[0.95, 0.99]","Computational Method",,
573,"573.62642","Klebsiella pneumoniae AMR180026","doripenem",,"8.0",,"8.0","mg/L",,,,,,,"MIC XGBoost Model","202503101","W1 score: 0.80, CI[0.78, 0.83]","Computational Method",,
562,"562.114877","Escherichia coli AMR0264","ertapenem",,"8.0",,"8.0","mg/L",,,,,,,"MIC XGBoost Model","202503101","W1 score: 0.77, CI[0.66, 0.89]","Computational Method",,
1280,"1280.48305","Staphylococcus aureus AMR1","ciprofloxacin","Susceptible",,,,,,,,"PATRIC",,,"AdaBoost Classifier",,"Accuracy:0.977, F1 score:0.980, AUC:0.982","Computational Method",,
611,"611.296","Salmonella enterica subsp. enterica serovar Heidelberg strain AMR588-04-00435","ampicillin","Susceptible",,,,,,,,,,,"SIR XGBoost Model","202503101","F1 score: 0.93, CI[0.92, 0.93]","Computational Method",,
611,"611.292","Salmonella enterica subsp. enterica serovar Heidelberg strain AMR588-04-00320","streptomycin","Susceptible",,,,,,,,,,,"SIR XGBoost Model","202503101","F1 score: 0.94, CI[0.93, 0.96]","Computational Method",,
1280,"1280.48295","Staphylococcus aureus AMR28","methicillin","Resistant",,,,,,,,"PATRIC",,,"AdaBoost Classifier",,"Accuracy:0.989, F1 score:0.989, AUC:0.994","Computational Method",,
573,"573.62644","Klebsiella pneumoniae AMR200031","fosfomycin",,"8.0",,"8.0","mg/L",,,,,,,"MIC XGBoost Model","202503101","W1 score: 0.60, CI[0.30, 0.90]","Computational Method",,
611,"611.111","Salmonella enterica subsp. enterica serovar Heidelberg strain AMR588-04-00435","cefotaxime","Susceptible",,,,,,,,,,,"SIR XGBoost Model","202503101","F1 score: 0.95, CI[0.90, 0.99]","Computational Method",,
611,"611.290","Salmonella enterica subsp. enterica serovar Heidelberg strain AMR588-04-00318","ciprofloxacin","Susceptible",,,,,,,,,,,"SIR XGBoost Model","202503101","F1 score: 0.95, CI[0.93, 0.96]","Computational Method",,
573,"573.62644","Klebsiella pneumoniae AMR200031","cefoxitin",,"32.0",,"32.0","mg/L",,,,,,,"MIC XGBoost Model","202503101","W1 score: 0.91, CI[0.90, 0.92]","Computational Method",,
573,"573.65449","Klebsiella pneumoniae AMR20201034","minocycline",,"4.0",,"4.0","mg/L",,,,,,,"MIC XGBoost Model","202503101","W1 score: 0.82, CI[0.69, 0.95]","Computational Method",,
573,"573.62641","Klebsiella pneumoniae AMR180022","doripenem",,"4.0",,"4.0","mg/L",,,,,,,"MIC XGBoost Model","202503101","W1 score: 0.80, CI[0.78, 0.83]","Computational Method",,
1280,"1280.48300","Staphylococcus aureus AMR11","vancomycin",,"1.0",,"1.0","mg/L",,,,,,,"MIC XGBoost Model","202503101","W1 score: 1.00, CI[1.00, 1.00]","Computational Method",,
611,"611.114","Salmonella enterica subsp. enterica serovar Heidelberg strain AMR588-04-00320","azithromycin",,"4.0",,"4.0","mg/L",,,,,,,"MIC XGBoost Model","202503101","W1 score: 0.99, CI[0.98, 1.00]","Computational Method",,
573,"573.64652","Klebsiella pneumoniae AMR_MDS_5016","ciprofloxacin",,"0.5",,"0.5","mg/L",,,,,,,"MIC XGBoost Model","202503101","W1 score: 0.97, CI[0.95, 0.98]","Computational Method",,
562,"562.114876","Escherichia coli AMR0262","nalidixic acid",,"16.0",,"16.0","mg/L",,,,,,,"MIC XGBoost Model","202503101","W1 score: 0.64, CI[0.33, 0.95]","Computational Method",,
562,"562.114877","Escherichia coli AMR0264","imipenem","Resistant",,,,,,,,,,,"SIR XGBoost Model","202503101","F1 score: 0.96, CI[0.94, 0.98]","Computational Method",,
1280,"1280.48294","Staphylococcus aureus AMR3","oxacillin","Resistant",,,,,,,,,,,"SIR XGBoost Model","202503101","F1 score: 0.91, CI[0.87, 0.96]","Computational Method",,
562,"562.138665","Escherichia coli AMR_MDS_5755","cefotaxime",,"1.0",,"1.0","mg/L",,,,,,,"MIC XGBoost Model","202503101","W1 score: 0.90, CI[0.88, 0.91]","Computational Method",,
1280,"1280.48293","Staphylococcus aureus AMR6","erythromycin","Resistant",,,,,,,,,,,"SIR XGBoost Model","202503101","F1 score: 0.98, CI[0.97, 0.99]","Computational Method",,
1280,"1280.48288","Staphylococcus aureus AMR8","ciprofloxacin","Resistant",,,,,,,,,,,"SIR XGBoost Model","202503101","F1 score: 0.99, CI[0.98, 1.00]","Computational Method",,
611,"611.114","Salmonella enterica subsp. enterica serovar Heidelberg strain AMR588-04-00320","tetracycline","Susceptible",,,,,,,,,,,"SIR XGBoost Model","202503101","F1 score: 0.97, CI[0.96, 0.98]","Computational Method",,
611,"611.293","Salmonella enterica subsp. enterica serovar Heidelberg strain AMR588-04-00320","ampicillin",,"32.0",,"32.0","mg/L",,,,,,,"MIC XGBoost Model","202503101","W1 score: 0.96, CI[0.95, 0.97]","Computational Method",,
573,"573.64652","Klebsiella pneumoniae AMR_MDS_5016","polymyxin B",,"4.0",,"4.0","mg/L",,,,,,,"MIC XGBoost Model","202503101","W1 score: 0.64, CI[0.56, 0.72]","Computational Method",,
611,"611.289","Salmonella enterica subsp. enterica serovar Heidelberg strain AMR588-04-00318","cefoxitin","Susceptible",,,,,,,,,,,"SIR XGBoost Model","202503101","F1 score: 0.96, CI[0.93, 0.99]","Computational Method",,
611,"611.290","Salmonella enterica subsp. enterica serovar Heidelberg strain AMR588-04-00318","chloramphenicol","Resistant",,,,,,,,,,,"SIR XGBoost Model","202503101","F1 score: 0.90, CI[0.88, 0.91]","Computational Method",,
611,"611.114","Salmonella enterica subsp. enterica serovar Heidelberg strain AMR588-04-00320","trimethoprim/sulfamethoxazole",,"0.125",,"0.125","mg/L",,,,,,,"MIC XGBoost Model","202503101","W1 score: 0.96, CI[0.95, 0.97]","Computational Method",,
611,"611.114","Salmonella enterica subsp. enterica serovar Heidelberg strain AMR588-04-00320","ceftriaxone","Resistant",,,,,,,,,,,"SIR XGBoost Model","202503101","F1 score: 0.98, CI[0.97, 1.00]","Computational Method",,
562,"562.114875","Escherichia coli AMR0177","cefuroxime",,"8.0",,"8.0","mg/L",,,,,,,"MIC XGBoost Model","202503101","W1 score: 0.62, CI[0.26, 0.97]","Computational Method",,
562,"562.114873","Escherichia coli AMR0279","cefoxitin","Resistant",,,,,,,,,,,"SIR XGBoost Model","202503101","F1 score: 0.88, CI[0.83, 0.92]","Computational Method",,
562,"562.112540","Escherichia coli AMR0278","amoxicillin","Resistant",,,,,,,,,,,"SIR XGBoost Model","202503101","F1 score: 0.90, CI[0.87, 0.93]","Computational Method",,
1280,"1280.48296","Staphylococcus aureus AMR26","oxacillin",,"4.0",,"4.0","mg/L",,,,,,,"MIC XGBoost Model","202503101","W1 score: 0.86, CI[0.77, 0.95]","Computational Method",,
611,"611.114","Salmonella enterica subsp. enterica serovar Heidelberg strain AMR588-04-00320","kanamycin","Susceptible",,,,,,,,,,,"SIR XGBoost Model","202503101","F1 score: 0.86, CI[0.77, 0.95]","Computational Method",,
573,"573.65449","Klebsiella pneumoniae AMR20201034","aztreonam","Resistant",,,,,,,,"PATRIC",,,"AdaBoost Classifier",,"Accuracy:0.680, F1 score:0.752, AUC:0.735","Computational Method",,
611,"611.116","Salmonella enterica subsp. enterica serovar Heidelberg strain AMR588-04-00437","chloramphenicol","Susceptible",,,,,,,,,,,"SIR XGBoost Model","202503101","F1 score: 0.90, CI[0.88, 0.91]","Computational Method",,
562,"562.114876","Escherichia coli AMR0262","trimethoprim/sulfamethoxazole","Resistant",,,,,,,,,,,"SIR XGBoost Model","202503101","F1 score: 0.94, CI[0.94, 0.95]","Computational Method",,
573,"573.65449","Klebsiella pneumoniae AMR20201034","tetracycline",,"4.0",,"4.0","mg/L",,,,,,,"MIC XGBoost Model","202503101","W1 score: 0.88, CI[0.83, 0.92]","Computational Method",,
573,"573.62641","Klebsiella pneumoniae AMR180022","imipenem","Susceptible",,,,,,,,"PATRIC",,,"AdaBoost Classifier",,"Accuracy:0.931, F1 score:0.935, AUC:0.950","Computational Method",,
611,"611.289","Salmonella enterica subsp. enterica serovar Heidelberg strain AMR588-04-00318","streptomycin",,"2.0",,"2.0","mg/L",,,,,,,"MIC XGBoost Model","202503101","W1 score: 0.92, CI[0.90, 0.93]","Computational Method",,
573,"573.62641","Klebsiella pneumoniae AMR180022","trimethoprim/sulfamethoxazole","Resistant",,,,,,,,"PATRIC",,,"AdaBoost Classifier",,"Accuracy:0.861, F1 score:0.865, AUC:0.930","Computational Method",,
1280,"1280.48305","Staphylococcus aureus AMR1","penicillin","Resistant",,,,,,,,"PATRIC",,,"AdaBoost Classifier",,"Accuracy:0.963, F1 score:0.964, AUC:0.979","Computational Method",,
1280,"1280.48297","Staphylococcus aureus AMR2","cefoxitin","Resistant",,,,,,,,,,,"SIR XGBoost Model","202503101","F1 score: 0.97, CI[0.96, 0.99]","Computational Method",,
611,"611.298","Salmonella enterica subsp. enterica serovar Heidelberg strain AMR588-04-00437","ceftiofur",,"1.0",,"1.0","mg/L",,,,,,,"MIC XGBoost Model","202503101","W1 score: 0.99, CI[0.98, 0.99]","Computational Method",,
573,"573.64652","Klebsiella pneumoniae AMR_MDS_5016","piperacillin/tazobactam","Susceptible",,,,,,,,"PATRIC",,,"AdaBoost Classifier",,"Accuracy:0.766, F1 score:0.759, AUC:0.825","Computational Method",,
611,"611.127","Salmonella enterica subsp. enterica serovar Heidelberg strain AMR588-04-00318","kanamycin",,"8.0",,"8.0","mg/L",,,,,,,"MIC XGBoost Model","202503101","W1 score: 0.99, CI[0.98, 1.01]","Computational Method",,
1280,"1280.48297","Staphylococcus aureus AMR2","erythromycin","Resistant",,,,,,,,,,,"SIR XGBoost Model","202503101","F1 score: 0.98, CI[0.97, 0.99]","Computational Method",,
611,"611.127","Salmonella enterica subsp. enterica serovar Heidelberg strain AMR588-04-00318","sulfamethoxazole","Susceptible",,,,,,,,,,,"SIR XGBoost Model","202503101","F1 score: 0.95, CI[0.93, 0.97]","Computational Method",,
573,"573.65449","Klebsiella pneumoniae AMR20201034","polymyxin B",,"8.0",,"8.0","mg/L",,,,,,,"MIC XGBoost Model","202503101","W1 score: 0.64, CI[0.56, 0.72]","Computational Method",,
1280,"1280.48296","Staphylococcus aureus AMR26","ciprofloxacin","Resistant",,,,,,,,,,,"SIR XGBoost Model","202503101","F1 score: 0.99, CI[0.98, 1.00]","Computational Method",,
562,"562.114877","Escherichia coli AMR0264","tetracycline","Resistant",,,,,,,,,,,"SIR XGBoost Model","202503101","F1 score: 0.93, CI[0.89, 0.97]","Computational Method",,
562,"562.112540","Escherichia coli AMR0278","nalidixic acid","Resistant",,,,,,,,,,,"SIR XGBoost Model","202503101","F1 score: 0.98, CI[0.96, 1.00]","Computational Method",,
611,"611.294","Salmonella enterica subsp. enterica serovar Heidelberg strain AMR588-04-00320","sulfamethoxazole","Susceptible",,,,,,,,,,,"SIR XGBoost Model","202503101","F1 score: 0.95, CI[0.93, 0.97]","Computational Method",,
1280,"1280.48297","Staphylococcus aureus AMR2","ciprofloxacin","Susceptible",,,,,,,,"PATRIC",,,"AdaBoost Classifier",,"Accuracy:0.977, F1 score:0.980, AUC:0.982","Computational Method",,
562,"562.114871","Escherichia coli AMR0265","ertapenem",,"8.0",,"8.0","mg/L",,,,,,,"MIC XGBoost Model","202503101","W1 score: 0.77, CI[0.66, 0.89]","Computational Method",,
611,"611.293","Salmonella enterica subsp. enterica serovar Heidelberg strain AMR588-04-00320","ceftazidime",,"8.0",,"8.0","mg/L",,,,,,,"MIC XGBoost Model","202503101","W1 score: 0.93, CI[0.88, 0.99]","Computational Method",,
573,"573.65449","Klebsiella pneumoniae AMR20201034","tetracycline","Susceptible",,,,,,,,"PATRIC",,,"AdaBoost Classifier",,"Accuracy:0.795, F1 score:0.794, AUC:0.842","Computational Method",,
562,"562.114873","Escherichia coli AMR0279","cefazolin","Resistant",,,,,,,,,,,"SIR XGBoost Model","202503101","F1 score: 0.93, CI[0.86, 0.99]","Computational Method",,
573,"573.65449","Klebsiella pneumoniae AMR20201034","ciprofloxacin","Resistant",,,,,,,,"PATRIC",,,"AdaBoost Classifier",,"Accuracy:0.909, F1 score:0.912, AUC:0.947","Computational Method",,
1280,"1280.48294","Staphylococcus aureus AMR3","cefoxitin","Resistant",,,,,,,,,,,"SIR XGBoost Model","202503101","F1 score: 0.97, CI[0.96, 0.99]","Computational Method",,
1280,"1280.48297","Staphylococcus aureus AMR2","penicillin","Resistant",,,,,,,,"PATRIC",,,"AdaBoost Classifier",,"Accuracy:0.963, F1 score:0.964, AUC:0.979","Computational Method",,
562,"562.114875","Escherichia coli AMR0177","ceftazidime","Resistant",,,,,,,,,,,"SIR XGBoost Model","202503101","F1 score: 0.92, CI[0.90, 0.93]","Computational Method",,
562,"562.138665","Escherichia coli AMR_MDS_5755","chloramphenicol","Susceptible",,,,,,,,,,,"SIR XGBoost Model","202503101","F1 score: 0.96, CI[0.93, 0.99]","Computational Method",,
611,"611.297","Salmonella enterica subsp. enterica serovar Heidelberg strain AMR588-04-00437","ampicillin","Susceptible",,,,,,,,,,,"SIR XGBoost Model","202503101","F1 score: 0.93, CI[0.92, 0.93]","Computational Method",,
611,"611.114","Salmonella enterica subsp. enterica serovar Heidelberg strain AMR588-04-00320","streptomycin",,"32.0",,"32.0","mg/L",,,,,,,"MIC XGBoost Model","202503101","W1 score: 0.92, CI[0.90, 0.93]","Computational Method",,
562,"562.138665","Escherichia coli AMR_MDS_5755","ertapenem",,"0.5",,"0.5","mg/L",,,,,,,"MIC XGBoost Model","202503101","W1 score: 0.77, CI[0.66, 0.89]","Computational Method",,
611,"611.292","Salmonella enterica subsp. enterica serovar Heidelberg strain AMR588-04-00320","nalidixic acid","Resistant",,,,,,,,,,,"SIR XGBoost Model","202503101","F1 score: 0.95, CI[0.93, 0.96]","Computational Method",,
611,"611.291","Salmonella enterica subsp. enterica serovar Heidelberg strain AMR588-04-00318","ceftriaxone","Susceptible",,,,,,,,,,,"SIR XGBoost Model","202503101","F1 score: 0.98, CI[0.97, 1.00]","Computational Method",,
1280,"1280.48294","Staphylococcus aureus AMR3","vancomycin",,"1.0",,"1.0","mg/L",,,,,,,"MIC XGBoost Model","202503101","W1 score: 1.00, CI[1.00, 1.00]","Computational Method",,
573,"573.62644","Klebsiella pneumoniae AMR200031","amikacin","Resistant",,,,,,,,"PATRIC",,,"AdaBoost Classifier",,"Accuracy:0.910, F1 score:0.919, AUC:0.947","Computational Method",,
562,"562.138665","Escherichia coli AMR_MDS_5755","ceftriaxone","Susceptible",,,,,,,,,,,"SIR XGBoost Model","202503101","F1 score: 0.96, CI[0.92, 0.99]","Computational Method",,
573,"573.65449","Klebsiella pneumoniae AMR20201034","doripenem",,"8.0",,"8.0","mg/L",,,,,,,"MIC XGBoost Model","202503101","W1 score: 0.80, CI[0.78, 0.83]","Computational Method",,
611,"611.116","Salmonella enterica subsp. enterica serovar Heidelberg strain AMR588-04-00437","amoxicillin/clavulanic acid",,"1.0",,"1.0","mg/L",,,,,,,"MIC XGBoost Model","202503101","W1 score: 0.98, CI[0.96, 0.99]","Computational Method",,
611,"611.116","Salmonella enterica subsp. enterica serovar Heidelberg strain AMR588-04-00437","ciprofloxacin",,"0.015625",,"0.015625","mg/L",,,,,,,"MIC XGBoost Model","202503101","W1 score: 0.88, CI[0.86, 0.90]","Computational Method",,
562,"562.114873","Escherichia coli AMR0279","levofloxacin","Resistant",,,,,,,,,,,"SIR XGBoost Model","202503101","F1 score: 0.97, CI[0.91, 1.02]","Computational Method",,
562,"562.114876","Escherichia coli AMR0262","piperacillin/tazobactam",,"128.0",,"128.0","mg/L",,,,,,,"MIC XGBoost Model","202503101","W1 score: 0.93, CI[0.91, 0.95]","Computational Method",,
1280,"1280.48290","Staphylococcus aureus AMR7","trimethoprim/sulfamethoxazole","Susceptible",,,,,,,,"PATRIC",,,"AdaBoost Classifier",,"Accuracy:0.939, F1 score:0.956, AUC:0.974","Computational Method",,
562,"562.114876","Escherichia coli AMR0262","tetracycline",,"16.0",,"16.0","mg/L",,,,,,,"MIC XGBoost Model","202503101","W1 score: 0.79, CI[0.71, 0.87]","Computational Method",,
611,"611.296","Salmonella enterica subsp. enterica serovar Heidelberg strain AMR588-04-00435","gentamicin",,"0.5",,"0.5","mg/L",,,,,,,"MIC XGBoost Model","202503101","W1 score: 0.97, CI[0.95, 0.99]","Computational Method",,
562,"562.114875","Escherichia coli AMR0177","nalidixic acid",,"16.0",,"16.0","mg/L",,,,,,,"MIC XGBoost Model","202503101","W1 score: 0.64, CI[0.33, 0.95]","Computational Method",,
611,"611.298","Salmonella enterica subsp. enterica serovar Heidelberg strain AMR588-04-00437","ceftriaxone",,"32.0",,"32.0","mg/L",,,,,,,"MIC XGBoost Model","202503101","W1 score: 0.95, CI[0.94, 0.96]","Computational Method",,
1280,"1280.48293","Staphylococcus aureus AMR6","daptomycin",,"1.0",,"1.0","mg/L",,,,,,,"MIC XGBoost Model","202503101","W1 score: 0.93, CI[0.87, 0.99]","Computational Method",,
562,"562.114875","Escherichia coli AMR0177","cefotaxime","Resistant",,,,,,,,,,,"SIR XGBoost Model","202503101","F1 score: 0.96, CI[0.96, 0.97]","Computational Method",,
562,"562.114873","Escherichia coli AMR0279","ceftriaxone",,"32.0",,"32.0","mg/L",,,,,,,"MIC XGBoost Model","202503101","W1 score: 0.83, CI[0.74, 0.91]","Computational Method",,
611,"611.291","Salmonella enterica subsp. enterica serovar Heidelberg strain AMR588-04-00318","trimethoprim/sulfamethoxazole","Susceptible",,,,,,,,,,,"SIR XGBoost Model","202503101","F1 score: 0.85, CI[0.82, 0.88]","Computational Method",,
611,"611.295","Salmonella enterica subsp. enterica serovar Heidelberg strain AMR588-04-00435","ceftriaxone",,"64.0",,"64.0","mg/L",,,,,,,"MIC XGBoost Model","202503101","W1 score: 0.95, CI[0.94, 0.96]","Computational Method",,
562,"562.114876","Escherichia coli AMR0262","ceftriaxone",,"32.0",,"32.0","mg/L",,,,,,,"MIC XGBoost Model","202503101","W1 score: 0.83, CI[0.74, 0.91]","Computational Method",,
562,"562.114871","Escherichia coli AMR0265","cefoxitin","Resistant",,,,,,,,,,,"SIR XGBoost Model","202503101","F1 score: 0.88, CI[0.83, 0.92]","Computational Method",,
562,"562.138665","Escherichia coli AMR_MDS_5755","cefotetan",,"32.0",,"32.0","mg/L",,,,,,,"MIC XGBoost Model","202503101","W1 score: 1.00, CI[1.00, 1.00]","Computational Method",,
611,"611.297","Salmonella enterica subsp. enterica serovar Heidelberg strain AMR588-04-00437","streptomycin","Susceptible",,,,,,,,,,,"SIR XGBoost Model","202503101","F1 score: 0.94, CI[0.93, 0.96]","Computational Method",,
562,"562.114875","Escherichia coli AMR0177","gentamicin","Resistant",,,,,,,,,,,"SIR XGBoost Model","202503101","F1 score: 0.96, CI[0.95, 0.97]","Computational Method",,
611,"611.111","Salmonella enterica subsp. enterica serovar Heidelberg strain AMR588-04-00435","nalidixic acid",,"4.0",,"4.0","mg/L",,,,,,,"MIC XGBoost Model","202503101","W1 score: 0.98, CI[0.97, 0.99]","Computational Method",,
562,"562.114876","Escherichia coli AMR0262","ceftazidime",,"64.0",,"64.0","mg/L",,,,,,,"MIC XGBoost Model","202503101","W1 score: 0.88, CI[0.86, 0.90]","Computational Method",,
562,"562.112540","Escherichia coli AMR0278","cefotaxime","Resistant",,,,,,,,,,,"SIR XGBoost Model","202503101","F1 score: 0.96, CI[0.96, 0.97]","Computational Method",,
611,"611.127","Salmonella enterica subsp. enterica serovar Heidelberg strain AMR588-04-00318","cefotaxime",,"32.0",,"32.0","mg/L",,,,,,,"MIC XGBoost Model","202503101","W1 score: 0.95, CI[0.89, 1.00]","Computational Method",,
611,"611.295","Salmonella enterica subsp. enterica serovar Heidelberg strain AMR588-04-00435","sulfamethoxazole","Susceptible",,,,,,,,,,,"SIR XGBoost Model","202503101","F1 score: 0.95, CI[0.93, 0.97]","Computational Method",,
562,"562.114875","Escherichia coli AMR0177","amoxicillin/clavulanic acid",,"32.0",,"32.0","mg/L",,,,,,,"MIC XGBoost Model","202503101","W1 score: 0.97, CI[0.96, 0.98]","Computational Method",,
562,"562.114876","Escherichia coli AMR0262","norfloxacin","Resistant",,,,,,,,,,,"SIR XGBoost Model","202503101","F1 score: 0.96, CI[0.92, 1.01]","Computational Method",,
562,"562.114876","Escherichia coli AMR0262","gentamicin","Resistant",,,,,,,,,,,"SIR XGBoost Model","202503101","F1 score: 0.96, CI[0.95, 0.97]","Computational Method",,
562,"562.114877","Escherichia coli AMR0264","piperacillin/tazobactam",,"128.0",,"128.0","mg/L",,,,,,,"MIC XGBoost Model","202503101","W1 score: 0.93, CI[0.91, 0.95]","Computational Method",,
573,"573.62641","Klebsiella pneumoniae AMR180022","tetracycline",,"8.0",,"8.0","mg/L",,,,,,,"MIC XGBoost Model","202503101","W1 score: 0.88, CI[0.83, 0.92]","Computational Method",,
1280,"1280.48293","Staphylococcus aureus AMR6","ciprofloxacin","Susceptible",,,,,,,,"PATRIC",,,"AdaBoost Classifier",,"Accuracy:0.977, F1 score:0.980, AUC:0.982","Computational Method",,
611,"611.289","Salmonella enterica subsp. enterica serovar Heidelberg strain AMR588-04-00318","nalidixic acid","Resistant",,,,,,,,,,,"SIR XGBoost Model","202503101","F1 score: 0.95, CI[0.93, 0.96]","Computational Method",,
611,"611.294","Salmonella enterica subsp. enterica serovar Heidelberg strain AMR588-04-00320","tetracycline","Susceptible",,,,,,,,,,,"SIR XGBoost Model","202503101","F1 score: 0.97, CI[0.96, 0.98]","Computational Method",,
611,"611.294","Salmonella enterica subsp. enterica serovar Heidelberg strain AMR588-04-00320","ceftiofur",,"8.0",,"8.0","mg/L",,,,,,,"MIC XGBoost Model","202503101","W1 score: 0.99, CI[0.98, 0.99]","Computational Method",,
562,"562.114876","Escherichia coli AMR0262","cefotaxime","Resistant",,,,,,,,,,,"SIR XGBoost Model","202503101","F1 score: 0.96, CI[0.96, 0.97]","Computational Method",,
562,"562.114875","Escherichia coli AMR0177","chloramphenicol",,"16.0",,"16.0","mg/L",,,,,,,"MIC XGBoost Model","202503101","W1 score: 0.77, CI[0.71, 0.83]","Computational Method",,
573,"573.62642","Klebsiella pneumoniae AMR180026","tetracycline","Resistant",,,,,,,,"PATRIC",,,"AdaBoost Classifier",,"Accuracy:0.795, F1 score:0.794, AUC:0.842","Computational Method",,
1280,"1280.48300","Staphylococcus aureus AMR11","erythromycin","Resistant",,,,,,,,"PATRIC",,,"AdaBoost Classifier",,"Accuracy:0.959, F1 score:0.962, AUC:0.981","Computational Method",,
611,"611.292","Salmonella enterica subsp. enterica serovar Heidelberg strain AMR588-04-00320","trimethoprim","Resistant",,,,,,,,,,,"SIR XGBoost Model","202503101","F1 score: 0.86, CI[0.78, 0.93]","Computational Method",,
611,"611.111","Salmonella enterica subsp. enterica serovar Heidelberg strain AMR588-04-00435","trimethoprim/sulfamethoxazole","Susceptible",,,,,,,,,,,"SIR XGBoost Model","202503101","F1 score: 0.85, CI[0.82, 0.88]","Computational Method",,
611,"611.290","Salmonella enterica subsp. enterica serovar Heidelberg strain AMR588-04-00318","ceftriaxone",,"32.0",,"32.0","mg/L",,,,,,,"MIC XGBoost Model","202503101","W1 score: 0.95, CI[0.94, 0.96]","Computational Method",,
611,"611.114","Salmonella enterica subsp. enterica serovar Heidelberg strain AMR588-04-00320","chloramphenicol","Susceptible",,,,,,,,,,,"SIR XGBoost Model","202503101","F1 score: 0.90, CI[0.88, 0.91]","Computational Method",,
611,"611.292","Salmonella enterica subsp. enterica serovar Heidelberg strain AMR588-04-00320","spectinomycin","Susceptible",,,,,,,,,,,"SIR XGBoost Model","202503101","F1 score: 0.94, CI[0.90, 0.98]","Computational Method",,
611,"611.289","Salmonella enterica subsp. enterica serovar Heidelberg strain AMR588-04-00318","ceftazidime",,"32.0",,"32.0","mg/L",,,,,,,"MIC XGBoost Model","202503101","W1 score: 0.93, CI[0.88, 0.99]","Computational Method",,
562,"562.112540","Escherichia coli AMR0278","tobramycin",,"16.0",,"16.0","mg/L",,,,,,,"MIC XGBoost Model","202503101","W1 score: 0.96, CI[0.92, 1.00]","Computational Method",,
562,"562.114873","Escherichia coli AMR0279","amoxicillin","Susceptible",,,,,,,,,,,"SIR XGBoost Model","202503101","F1 score: 0.90, CI[0.87, 0.93]","Computational Method",,
562,"562.114873","Escherichia coli AMR0279","ceftriaxone","Resistant",,,,,,,,,,,"SIR XGBoost Model","202503101","F1 score: 0.96, CI[0.92, 0.99]","Computational Method",,
573,"573.62641","Klebsiella pneumoniae AMR180022","meropenem",,"4.0",,"4.0","mg/L",,,,,,,"MIC XGBoost Model","202503101","W1 score: 0.91, CI[0.89, 0.93]","Computational Method",,
573,"573.62641","Klebsiella pneumoniae AMR180022","aztreonam","Susceptible",,,,,,,,"PATRIC",,,"AdaBoost Classifier",,"Accuracy:0.680, F1 score:0.752, AUC:0.735","Computational Method",,
573,"573.62644","Klebsiella pneumoniae AMR200031","levofloxacin",,"8.0",,"8.0","mg/L",,,,,,,"MIC XGBoost Model","202503101","W1 score: 0.95, CI[0.92, 0.99]","Computational Method",,
573,"573.62641","Klebsiella pneumoniae AMR180022","tobramycin","Resistant",,,,,,,,"PATRIC",,,"AdaBoost Classifier",,"Accuracy:0.882, F1 score:0.889, AUC:0.939","Computational Method",,
562,"562.114871","Escherichia coli AMR0265","amoxicillin","Resistant",,,,,,,,,,,"SIR XGBoost Model","202503101","F1 score: 0.90, CI[0.87, 0.93]","Computational Method",,
1280,"1280.48292","Staphylococcus aureus AMR9","penicillin","Resistant",,,,,,,,"PATRIC",,,"AdaBoost Classifier",,"Accuracy:0.963, F1 score:0.964, AUC:0.979","Computational Method",,
562,"562.114877","Escherichia coli AMR0264","trimethoprim/sulfamethoxazole","Resistant",,,,,,,,,,,"SIR XGBoost Model","202503101","F1 score: 0.94, CI[0.94, 0.95]","Computational Method",,
573,"573.62641","Klebsiella pneumoniae AMR180022","ertapenem",,"4.0",,"4.0","mg/L",,,,,,,"MIC XGBoost Model","202503101","W1 score: 0.90, CI[0.88, 0.92]","Computational Method",,
1280,"1280.48305","Staphylococcus aureus AMR1","trimethoprim/sulfamethoxazole","Susceptible",,,,,,,,,,,"SIR XGBoost Model","202503101","F1 score: 0.94, CI[0.89, 0.98]","Computational Method",,
611,"611.127","Salmonella enterica subsp. enterica serovar Heidelberg strain AMR588-04-00318","gentamicin",,"0.5",,"0.5","mg/L",,,,,,,"MIC XGBoost Model","202503101","W1 score: 0.97, CI[0.95, 0.99]","Computational Method",,
611,"611.114","Salmonella enterica subsp. enterica serovar Heidelberg strain AMR588-04-00320","ceftiofur",,"8.0",,"8.0","mg/L",,,,,,,"MIC XGBoost Model","202503101","W1 score: 0.99, CI[0.98, 0.99]","Computational Method",,
611,"611.291","Salmonella enterica subsp. enterica serovar Heidelberg strain AMR588-04-00318","cefoxitin",,"8.0",,"8.0","mg/L",,,,,,,"MIC XGBoost Model","202503101","W1 score: 0.98, CI[0.97, 1.00]","Computational Method",,
562,"562.114876","Escherichia coli AMR0262","cefepime","Resistant",,,,,,,,,,,"SIR XGBoost Model","202503101","F1 score: 0.88, CI[0.84, 0.92]","Computational Method",,
562,"562.138665","Escherichia coli AMR_MDS_5755","piperacillin",,"4.0",,"4.0","mg/L",,,,,,,"MIC XGBoost Model","202503101","W1 score: 0.73, CI[0.39, 1.08]","Computational Method",,
611,"611.127","Salmonella enterica subsp. enterica serovar Heidelberg strain AMR588-04-00318","cefoxitin","Resistant",,,,,,,,,,,"SIR XGBoost Model","202503101","F1 score: 0.96, CI[0.93, 0.99]","Computational Method",,
611,"611.296","Salmonella enterica subsp. enterica serovar Heidelberg strain AMR588-04-00435","azithromycin",,"4.0",,"4.0","mg/L",,,,,,,"MIC XGBoost Model","202503101","W1 score: 0.99, CI[0.98, 1.00]","Computational Method",,
573,"573.62644","Klebsiella pneumoniae AMR200031","tobramycin","Susceptible",,,,,,,,"PATRIC",,,"AdaBoost Classifier",,"Accuracy:0.882, F1 score:0.889, AUC:0.939","Computational Method",,
562,"562.112540","Escherichia coli AMR0278","chloramphenicol","Susceptible",,,,,,,,,,,"SIR XGBoost Model","202503101","F1 score: 0.96, CI[0.93, 0.99]","Computational Method",,
1280,"1280.48290","Staphylococcus aureus AMR7","ciprofloxacin","Susceptible",,,,,,,,"PATRIC",,,"AdaBoost Classifier",,"Accuracy:0.977, F1 score:0.980, AUC:0.982","Computational Method",,
573,"573.62641","Klebsiella pneumoniae AMR180022","gentamicin","Resistant",,,,,,,,"PATRIC",,,"AdaBoost Classifier",,"Accuracy:0.863, F1 score:0.863, AUC:0.930","Computational Method",,
562,"562.138665","Escherichia coli AMR_MDS_5755","streptomycin","Resistant",,,,,,,,,,,"SIR XGBoost Model","202503101","F1 score: 0.96, CI[0.90, 1.02]","Computational Method",,
611,"611.293","Salmonella enterica subsp. enterica serovar Heidelberg strain AMR588-04-00320","sulfisoxazole",,"32.0",,"32.0","mg/L",,,,,,,"MIC XGBoost Model","202503101","W1 score: 0.98, CI[0.97, 0.99]","Computational Method",,
562,"562.114877","Escherichia coli AMR0264","chloramphenicol",,"16.0",,"16.0","mg/L",,,,,,,"MIC XGBoost Model","202503101","W1 score: 0.77, CI[0.71, 0.83]","Computational Method",,
562,"562.114877","Escherichia coli AMR0264","gentamicin",,"32.0",,"32.0","mg/L",,,,,,,"MIC XGBoost Model","202503101","W1 score: 0.95, CI[0.91, 0.98]","Computational Method",,
611,"611.291","Salmonella enterica subsp. enterica serovar Heidelberg strain AMR588-04-00318","cefotaxime","Susceptible",,,,,,,,,,,"SIR XGBoost Model","202503101","F1 score: 0.95, CI[0.90, 0.99]","Computational Method",,
611,"611.114","Salmonella enterica subsp. enterica serovar Heidelberg strain AMR588-04-00320","cefotaxime","Susceptible",,,,,,,,,,,"SIR XGBoost Model","202503101","F1 score: 0.95, CI[0.90, 0.99]","Computational Method",,
611,"611.292","Salmonella enterica subsp. enterica serovar Heidelberg strain AMR588-04-00320","ceftriaxone",,"64.0",,"64.0","mg/L",,,,,,,"MIC XGBoost Model","202503101","W1 score: 0.95, CI[0.94, 0.96]","Computational Method",,
562,"562.112540","Escherichia coli AMR0278","cefazolin",,"16.0",,"16.0","mg/L",,,,,,,"MIC XGBoost Model","202503101","W1 score: 0.86, CI[0.82, 0.90]","Computational Method",,
611,"611.111","Salmonella enterica subsp. enterica serovar Heidelberg strain AMR588-04-00435","tetracycline","Susceptible",,,,,,,,,,,"SIR XGBoost Model","202503101","F1 score: 0.97, CI[0.96, 0.98]","Computational Method",,
1280,"1280.48295","Staphylococcus aureus AMR28","clindamycin","Susceptible",,,,,,,,"PATRIC",,,"AdaBoost Classifier",,"Accuracy:0.963, F1 score:0.965, AUC:0.977","Computational Method",,
562,"562.138665","Escherichia coli AMR_MDS_5755","levofloxacin",,"2.0",,"2.0","mg/L",,,,,,,"MIC XGBoost Model","202503101","W1 score: 0.87, CI[0.81, 0.93]","Computational Method",,
562,"562.114873","Escherichia coli AMR0279","cefotaxime","Resistant",,,,,,,,,,,"SIR XGBoost Model","202503101","F1 score: 0.96, CI[0.96, 0.97]","Computational Method",,
1280,"1280.48305","Staphylococcus aureus AMR1","gentamicin","Susceptible",,,,,,,,"PATRIC",,,"AdaBoost Classifier",,"Accuracy:0.984, F1 score:0.984, AUC:0.980","Computational Method",,
562,"562.114873","Escherichia coli AMR0279","piperacillin/tazobactam","Resistant",,,,,,,,,,,"SIR XGBoost Model","202503101","F1 score: 0.80, CI[0.78, 0.82]","Computational Method",,
562,"562.114877","Escherichia coli AMR0264","cefuroxime",,"8.0",,"8.0","mg/L",,,,,,,"MIC XGBoost Model","202503101","W1 score: 0.62, CI[0.26, 0.97]","Computational Method",,
611,"611.294","Salmonella enterica subsp. enterica serovar Heidelberg strain AMR588-04-00320","cefoxitin",,"16.0",,"16.0","mg/L",,,,,,,"MIC XGBoost Model","202503101","W1 score: 0.98, CI[0.97, 1.00]","Computational Method",,
562,"562.138665","Escherichia coli AMR_MDS_5755","ceftiofur","Susceptible",,,,,,,,,,,"SIR XGBoost Model","202503101","F1 score: 0.97, CI[0.88, 1.06]","Computational Method",,
611,"611.116","Salmonella enterica subsp. enterica serovar Heidelberg strain AMR588-04-00437","sulfisoxazole",,"16.0",,"16.0","mg/L",,,,,,,"MIC XGBoost Model","202503101","W1 score: 0.98, CI[0.97, 0.99]","Computational Method",,
562,"562.114876","Escherichia coli AMR0262","piperacillin/tazobactam","Resistant",,,,,,,,,,,"SIR XGBoost Model","202503101","F1 score: 0.80, CI[0.78, 0.82]","Computational Method",,
611,"611.294","Salmonella enterica subsp. enterica serovar Heidelberg strain AMR588-04-00320","ampicillin","Resistant",,,,,,,,,,,"SIR XGBoost Model","202503101","F1 score: 0.93, CI[0.92, 0.93]","Computational Method",,
562,"562.138665","Escherichia coli AMR_MDS_5755","tetracycline","Susceptible",,,,,,,,,,,"SIR XGBoost Model","202503101","F1 score: 0.93, CI[0.89, 0.97]","Computational Method",,
562,"562.114873","Escherichia coli AMR0279","ampicillin/sulbactam","Resistant",,,,,,,,,,,"SIR XGBoost Model","202503101","F1 score: 0.88, CI[0.79, 0.98]","Computational Method",,
1280,"1280.48305","Staphylococcus aureus AMR1","penicillin","Resistant",,,,,,,,,,,"SIR XGBoost Model","202503101","F1 score: 0.94, CI[0.91, 0.98]","Computational Method",,
562,"562.114875","Escherichia coli AMR0177","ampicillin","Resistant",,,,,,,,,,,"SIR XGBoost Model","202503101","F1 score: 0.94, CI[0.93, 0.96]","Computational Method",,
611,"611.111","Salmonella enterica subsp. enterica serovar Heidelberg strain AMR588-04-00435","meropenem",,"0.125",,"0.125","mg/L",,,,,,,"MIC XGBoost Model","202503101","W1 score: 0.95, CI[0.90, 1.01]","Computational Method",,
611,"611.111","Salmonella enterica subsp. enterica serovar Heidelberg strain AMR588-04-00435","ceftazidime",,"1.0",,"1.0","mg/L",,,,,,,"MIC XGBoost Model","202503101","W1 score: 0.93, CI[0.88, 0.99]","Computational Method",,
1280,"1280.48295","Staphylococcus aureus AMR28","daptomycin",,"0.5",,"0.5","mg/L",,,,,,,"MIC XGBoost Model","202503101","W1 score: 0.93, CI[0.87, 0.99]","Computational Method",,
611,"611.295","Salmonella enterica subsp. enterica serovar Heidelberg strain AMR588-04-00435","amoxicillin/clavulanic acid",,"8.0",,"8.0","mg/L",,,,,,,"MIC XGBoost Model","202503101","W1 score: 0.98, CI[0.96, 0.99]","Computational Method",,
611,"611.127","Salmonella enterica subsp. enterica serovar Heidelberg strain AMR588-04-00318","azithromycin",,"4.0",,"4.0","mg/L",,,,,,,"MIC XGBoost Model","202503101","W1 score: 0.99, CI[0.98, 1.00]","Computational Method",,
1280,"1280.48300","Staphylococcus aureus AMR11","erythromycin","Resistant",,,,,,,,,,,"SIR XGBoost Model","202503101","F1 score: 0.98, CI[0.97, 0.99]","Computational Method",,
562,"562.112540","Escherichia coli AMR0278","gentamicin","Resistant",,,,,,,,,,,"SIR XGBoost Model","202503101","F1 score: 0.96, CI[0.95, 0.97]","Computational Method",,
611,"611.116","Salmonella enterica subsp. enterica serovar Heidelberg strain AMR588-04-00437","streptomycin",,"16.0",,"16.0","mg/L",,,,,,,"MIC XGBoost Model","202503101","W1 score: 0.92, CI[0.90, 0.93]","Computational Method",,
611,"611.293","Salmonella enterica subsp. enterica serovar Heidelberg strain AMR588-04-00320","nalidixic acid",,"8.0",,"8.0","mg/L",,,,,,,"MIC XGBoost Model","202503101","W1 score: 0.98, CI[0.97, 0.99]","Computational Method",,
611,"611.295","Salmonella enterica subsp. enterica serovar Heidelberg strain AMR588-04-00435","ceftazidime",,"32.0",,"32.0","mg/L",,,,,,,"MIC XGBoost Model","202503101","W1 score: 0.93, CI[0.88, 0.99]","Computational Method",,
611,"611.297","Salmonella enterica subsp. enterica serovar Heidelberg strain AMR588-04-00437","ceftriaxone","Susceptible",,,,,,,,,,,"SIR XGBoost Model","202503101","F1 score: 0.98, CI[0.97, 1.00]","Computational Method",,
1280,"1280.48305","Staphylococcus aureus AMR1","oxacillin",,"4.0",,"4.0","mg/L",,,,,,,"MIC XGBoost Model","202503101","W1 score: 0.86, CI[0.77, 0.95]","Computational Method",,
611,"611.293","Salmonella enterica subsp. enterica serovar Heidelberg strain AMR588-04-00320","pefloxacin","Resistant",,,,,,,,,,,"SIR XGBoost Model","202503101","F1 score: 0.98, CI[0.96, 1.00]","Computational Method",,
573,"573.62645","Klebsiella pneumoniae AMR180036","ciprofloxacin",,"16.0",,"16.0","mg/L",,,,,,,"MIC XGBoost Model","202503101","W1 score: 0.97, CI[0.95, 0.98]","Computational Method",,
562,"562.114876","Escherichia coli AMR0262","ciprofloxacin",,"4.0",,"4.0","mg/L",,,,,,,"MIC XGBoost Model","202503101","W1 score: 0.95, CI[0.93, 0.97]","Computational Method",,
562,"562.114877","Escherichia coli AMR0264","chloramphenicol","Resistant",,,,,,,,,,,"SIR XGBoost Model","202503101","F1 score: 0.96, CI[0.93, 0.99]","Computational Method",,
611,"611.297","Salmonella enterica subsp. enterica serovar Heidelberg strain AMR588-04-00437","tetracycline","Susceptible",,,,,,,,,,,"SIR XGBoost Model","202503101","F1 score: 0.97, CI[0.96, 0.98]","Computational Method",,
611,"611.114","Salmonella enterica subsp. enterica serovar Heidelberg strain AMR588-04-00320","ciprofloxacin",,"0.015625",,"0.015625","mg/L",,,,,,,"MIC XGBoost Model","202503101","W1 score: 0.88, CI[0.86, 0.90]","Computational Method",,
611,"611.114","Salmonella enterica subsp. enterica serovar Heidelberg strain AMR588-04-00320","azithromycin","Susceptible",,,,,,,,,,,"SIR XGBoost Model","202503101","F1 score: 0.92, CI[0.87, 0.98]","Computational Method",,
1280,"1280.48297","Staphylococcus aureus AMR2","gentamicin","Susceptible",,,,,,,,"PATRIC",,,"AdaBoost Classifier",,"Accuracy:0.984, F1 score:0.984, AUC:0.980","Computational Method",,
562,"562.114873","Escherichia coli AMR0279","sulfamethoxazole","Resistant",,,,,,,,,,,"SIR XGBoost Model","202503101","F1 score: 0.93, CI[0.88, 0.99]","Computational Method",,
562,"562.114871","Escherichia coli AMR0265","ampicillin/sulbactam",,"32.0",,"32.0","mg/L",,,,,,,"MIC XGBoost Model","202503101","W1 score: 0.90, CI[0.82, 0.98]","Computational Method",,
562,"562.138665","Escherichia coli AMR_MDS_5755","amoxicillin/clavulanic acid",,"8.0",,"8.0","mg/L",,,,,,,"MIC XGBoost Model","202503101","W1 score: 0.97, CI[0.96, 0.98]","Computational Method",,
1280,"1280.48297","Staphylococcus aureus AMR2","methicillin","Resistant",,,,,,,,"PATRIC",,,"AdaBoost Classifier",,"Accuracy:0.989, F1 score:0.989, AUC:0.994","Computational Method",,
573,"573.62642","Klebsiella pneumoniae AMR180026","amikacin","Resistant",,,,,,,,"PATRIC",,,"AdaBoost Classifier",,"Accuracy:0.910, F1 score:0.919, AUC:0.947","Computational Method",,
1280,"1280.48288","Staphylococcus aureus AMR8","gentamicin","Susceptible",,,,,,,,,,,"SIR XGBoost Model","202503101","F1 score: 0.99, CI[0.99, 1.00]","Computational Method",,
611,"611.290","Salmonella enterica subsp. enterica serovar Heidelberg strain AMR588-04-00318","chloramphenicol",,"16.0",,"16.0","mg/L",,,,,,,"MIC XGBoost Model","202503101","W1 score: 0.99, CI[0.98, 1.00]","Computational Method",,
573,"573.62644","Klebsiella pneumoniae AMR200031","trimethoprim/sulfamethoxazole","Resistant",,,,,,,,"PATRIC",,,"AdaBoost Classifier",,"Accuracy:0.861, F1 score:0.865, AUC:0.930","Computational Method",,
562,"562.114876","Escherichia coli AMR0262","piperacillin",,"8.0",,"8.0","mg/L",,,,,,,"MIC XGBoost Model","202503101","W1 score: 0.73, CI[0.39, 1.08]","Computational Method",,
562,"562.114871","Escherichia coli AMR0265","chloramphenicol","Susceptible",,,,,,,,,,,"SIR XGBoost Model","202503101","F1 score: 0.96, CI[0.93, 0.99]","Computational Method",,
611,"611.298","Salmonella enterica subsp. enterica serovar Heidelberg strain AMR588-04-00437","ceftiofur","Susceptible",,,,,,,,,,,"SIR XGBoost Model","202503101","F1 score: 0.98, CI[0.97, 1.00]","Computational Method",,
611,"611.298","Salmonella enterica subsp. enterica serovar Heidelberg strain AMR588-04-00437","cefotaxime",,"32.0",,"32.0","mg/L",,,,,,,"MIC XGBoost Model","202503101","W1 score: 0.95, CI[0.89, 1.00]","Computational Method",,
562,"562.114873","Escherichia coli AMR0279","colistin",,"2.0",,"2.0","mg/L",,,,,,,"MIC XGBoost Model","202503101","W1 score: 0.80, CI[0.64, 0.96]","Computational Method",,
611,"611.127","Salmonella enterica subsp. enterica serovar Heidelberg strain AMR588-04-00318","nalidixic acid","Susceptible",,,,,,,,,,,"SIR XGBoost Model","202503101","F1 score: 0.95, CI[0.93, 0.96]","Computational Method",,
611,"611.294","Salmonella enterica subsp. enterica serovar Heidelberg strain AMR588-04-00320","sulfisoxazole",,"64.0",,"64.0","mg/L",,,,,,,"MIC XGBoost Model","202503101","W1 score: 0.98, CI[0.97, 0.99]","Computational Method",,
562,"562.138665","Escherichia coli AMR_MDS_5755","levofloxacin","Susceptible",,,,,,,,,,,"SIR XGBoost Model","202503101","F1 score: 0.97, CI[0.91, 1.02]","Computational Method",,
1280,"1280.48300","Staphylococcus aureus AMR11","cefoxitin","Resistant",,,,,,,,,,,"SIR XGBoost Model","202503101","F1 score: 0.97, CI[0.96, 0.99]","Computational Method",,
611,"611.293","Salmonella enterica subsp. enterica serovar Heidelberg strain AMR588-04-00320","gentamicin",,"0.5",,"0.5","mg/L",,,,,,,"MIC XGBoost Model","202503101","W1 score: 0.97, CI[0.95, 0.99]","Computational Method",,
562,"562.114876","Escherichia coli AMR0262","meropenem",,"16.0",,"16.0","mg/L",,,,,,,"MIC XGBoost Model","202503101","W1 score: 0.95, CI[0.93, 0.98]","Computational Method",,
562,"562.114871","Escherichia coli AMR0265","sulfamethoxazole","Resistant",,,,,,,,,,,"SIR XGBoost Model","202503101","F1 score: 0.93, CI[0.88, 0.99]","Computational Method",,
573,"573.62644","Klebsiella pneumoniae AMR200031","ampicillin",,"64.0",,"64.0","mg/L",,,,,,,"MIC XGBoost Model","202503101","W1 score: 0.99, CI[0.98, 1.00]","Computational Method",,
611,"611.111","Salmonella enterica subsp. enterica serovar Heidelberg strain AMR588-04-00435","nalidixic acid","Susceptible",,,,,,,,,,,"SIR XGBoost Model","202503101","F1 score: 0.95, CI[0.93, 0.96]","Computational Method",,
562,"562.114875","Escherichia coli AMR0177","ampicillin/sulbactam",,"32.0",,"32.0","mg/L",,,,,,,"MIC XGBoost Model","202503101","W1 score: 0.90, CI[0.82, 0.98]","Computational Method",,
611,"611.297","Salmonella enterica subsp. enterica serovar Heidelberg strain AMR588-04-00437","cefoxitin","Susceptible",,,,,,,,,,,"SIR XGBoost Model","202503101","F1 score: 0.96, CI[0.93, 0.99]","Computational Method",,
611,"611.116","Salmonella enterica subsp. enterica serovar Heidelberg strain AMR588-04-00437","sulfisoxazole","Susceptible",,,,,,,,,,,"SIR XGBoost Model","202503101","F1 score: 0.99, CI[0.98, 1.00]","Computational Method",,
562,"562.114871","Escherichia coli AMR0265","ampicillin","Resistant",,,,,,,,,,,"SIR XGBoost Model","202503101","F1 score: 0.94, CI[0.93, 0.96]","Computational Method",,
562,"562.114876","Escherichia coli AMR0262","fosfomycin",,"4.0",,"4.0","mg/L",,,,,,,"MIC XGBoost Model","202503101","W1 score: 0.77, CI[0.60, 0.94]","Computational Method",,
1280,"1280.48305","Staphylococcus aureus AMR1","erythromycin","Resistant",,,,,,,,,,,"SIR XGBoost Model","202503101","F1 score: 0.98, CI[0.97, 0.99]","Computational Method",,
562,"562.114875","Escherichia coli AMR0177","imipenem",,"8.0",,"8.0","mg/L",,,,,,,"MIC XGBoost Model","202503101","W1 score: 0.78, CI[0.70, 0.86]","Computational Method",,
562,"562.114871","Escherichia coli AMR0265","nalidixic acid","Resistant",,,,,,,,,,,"SIR XGBoost Model","202503101","F1 score: 0.98, CI[0.96, 1.00]","Computational Method",,
1280,"1280.48305","Staphylococcus aureus AMR1","daptomycin",,"1.0",,"1.0","mg/L",,,,,,,"MIC XGBoost Model","202503101","W1 score: 0.93, CI[0.87, 0.99]","Computational Method",,
1280,"1280.48290","Staphylococcus aureus AMR7","vancomycin",,"1.0",,"1.0","mg/L",,,,,,,"MIC XGBoost Model","202503101","W1 score: 1.00, CI[1.00, 1.00]","Computational Method",,
573,"573.65449","Klebsiella pneumoniae AMR20201034","gentamicin",,"2.0",,"2.0","mg/L",,,,,,,"MIC XGBoost Model","202503101","W1 score: 0.94, CI[0.92, 0.95]","Computational Method",,
562,"562.114871","Escherichia coli AMR0265","ciprofloxacin","Resistant",,,,,,,,,,,"SIR XGBoost Model","202503101","F1 score: 0.98, CI[0.97, 0.98]","Computational Method",,
611,"611.116","Salmonella enterica subsp. enterica serovar Heidelberg strain AMR588-04-00437","kanamycin","Susceptible",,,,,,,,,,,"SIR XGBoost Model","202503101","F1 score: 0.86, CI[0.77, 0.95]","Computational Method",,
1280,"1280.48290","Staphylococcus aureus AMR7","oxacillin",,"4.0",,"4.0","mg/L",,,,,,,"MIC XGBoost Model","202503101","W1 score: 0.86, CI[0.77, 0.95]","Computational Method",,
611,"611.290","Salmonella enterica subsp. enterica serovar Heidelberg strain AMR588-04-00318","tetracycline","Susceptible",,,,,,,,,,,"SIR XGBoost Model","202503101","F1 score: 0.97, CI[0.96, 0.98]","Computational Method",,
562,"562.114877","Escherichia coli AMR0264","cefepime",,"32.0",,"32.0","mg/L",,,,,,,"MIC XGBoost Model","202503101","W1 score: 0.73, CI[0.68, 0.78]","Computational Method",,
562,"562.114877","Escherichia coli AMR0264","doxycycline","Resistant",,,,,,,,,,,"SIR XGBoost Model","202503101","F1 score: 0.87, CI[0.80, 0.95]","Computational Method",,
611,"611.116","Salmonella enterica subsp. enterica serovar Heidelberg strain AMR588-04-00437","amoxicillin/clavulanic acid","Susceptible",,,,,,,,,,,"SIR XGBoost Model","202503101","F1 score: 0.96, CI[0.95, 0.97]","Computational Method",,
573,"573.62642","Klebsiella pneumoniae AMR180026","minocycline",,"32.0",,"32.0","mg/L",,,,,,,"MIC XGBoost Model","202503101","W1 score: 0.82, CI[0.69, 0.95]","Computational Method",,
573,"573.62645","Klebsiella pneumoniae AMR180036","cefazolin",,"32.0",,"32.0","mg/L",,,,,,,"MIC XGBoost Model","202503101","W1 score: 0.96, CI[0.95, 0.97]","Computational Method",,
611,"611.296","Salmonella enterica subsp. enterica serovar Heidelberg strain AMR588-04-00435","cefotaxime",,"32.0",,"32.0","mg/L",,,,,,,"MIC XGBoost Model","202503101","W1 score: 0.95, CI[0.89, 1.00]","Computational Method",,
1352,"1352.16769","Enterococcus faecium KU-AMR0098","ampicillin","Resistant",,,,,,,,,,,"SIR XGBoost Model","202503101","F1 score: 0.98, CI[0.97, 0.98]","Computational Method",,
562,"562.114871","Escherichia coli AMR0265","cefuroxime",,"16.0",,"16.0","mg/L",,,,,,,"MIC XGBoost Model","202503101","W1 score: 0.62, CI[0.26, 0.97]","Computational Method",,
573,"573.62645","Klebsiella pneumoniae AMR180036","levofloxacin","Resistant",,,,,,,,"PATRIC",,,"AdaBoost Classifier",,"Accuracy:0.917, F1 score:0.927, AUC:0.961","Computational Method",,
562,"562.138665","Escherichia coli AMR_MDS_5755","chloramphenicol",,"16.0",,"16.0","mg/L",,,,,,,"MIC XGBoost Model","202503101","W1 score: 0.77, CI[0.71, 0.83]","Computational Method",,
562,"562.112540","Escherichia coli AMR0278","tigecycline",,"0.5",,"0.5","mg/L",,,,,,,"MIC XGBoost Model","202503101","W1 score: 0.98, CI[0.91, 1.04]","Computational Method",,
1280,"1280.48290","Staphylococcus aureus AMR7","gentamicin","Susceptible",,,,,,,,"PATRIC",,,"AdaBoost Classifier",,"Accuracy:0.984, F1 score:0.984, AUC:0.980","Computational Method",,
562,"562.138665","Escherichia coli AMR_MDS_5755","nitrofurantoin",,"16.0",,"16.0","mg/L",,,,,,,"MIC XGBoost Model","202503101","W1 score: 0.95, CI[0.90, 1.01]","Computational Method",,
562,"562.114877","Escherichia coli AMR0264","levofloxacin","Resistant",,,,,,,,,,,"SIR XGBoost Model","202503101","F1 score: 0.97, CI[0.91, 1.02]","Computational Method",,
611,"611.114","Salmonella enterica subsp. enterica serovar Heidelberg strain AMR588-04-00320","sulfisoxazole","Susceptible",,,,,,,,,,,"SIR XGBoost Model","202503101","F1 score: 0.99, CI[0.98, 1.00]","Computational Method",,
573,"573.62644","Klebsiella pneumoniae AMR200031","gentamicin","Susceptible",,,,,,,,"PATRIC",,,"AdaBoost Classifier",,"Accuracy:0.863, F1 score:0.863, AUC:0.930","Computational Method",,
573,"573.62644","Klebsiella pneumoniae AMR200031","ciprofloxacin","Resistant",,,,,,,,"PATRIC",,,"AdaBoost Classifier",,"Accuracy:0.909, F1 score:0.912, AUC:0.947","Computational Method",,
562,"562.114877","Escherichia coli AMR0264","amikacin",,"32.0",,"32.0","mg/L",,,,,,,"MIC XGBoost Model","202503101","W1 score: 0.97, CI[0.96, 0.98]","Computational Method",,
562,"562.114877","Escherichia coli AMR0264","nitrofurantoin",,"16.0",,"16.0","mg/L",,,,,,,"MIC XGBoost Model","202503101","W1 score: 0.95, CI[0.90, 1.01]","Computational Method",,
562,"562.114873","Escherichia coli AMR0279","tigecycline",,"0.5",,"0.5","mg/L",,,,,,,"MIC XGBoost Model","202503101","W1 score: 0.98, CI[0.91, 1.04]","Computational Method",,
611,"611.116","Salmonella enterica subsp. enterica serovar Heidelberg strain AMR588-04-00437","meropenem",,"0.125",,"0.125","mg/L",,,,,,,"MIC XGBoost Model","202503101","W1 score: 0.95, CI[0.90, 1.01]","Computational Method",,
611,"611.127","Salmonella enterica subsp. enterica serovar Heidelberg strain AMR588-04-00318","spectinomycin","Susceptible",,,,,,,,,,,"SIR XGBoost Model","202503101","F1 score: 0.94, CI[0.90, 0.98]","Computational Method",,
1280,"1280.48297","Staphylococcus aureus AMR2","methicillin","Resistant",,,,,,,,,,,"SIR XGBoost Model","202503101","F1 score: 0.99, CI[0.98, 1.00]","Computational Method",,
611,"611.291","Salmonella enterica subsp. enterica serovar Heidelberg strain AMR588-04-00318","ampicillin","Susceptible",,,,,,,,,,,"SIR XGBoost Model","202503101","F1 score: 0.93, CI[0.92, 0.93]","Computational Method",,
562,"562.114873","Escherichia coli AMR0279","streptomycin",,"16.0",,"16.0","mg/L",,,,,,,"MIC XGBoost Model","202503101","W1 score: 0.96, CI[0.90, 1.03]","Computational Method",,
562,"562.114873","Escherichia coli AMR0279","doxycycline","Susceptible",,,,,,,,,,,"SIR XGBoost Model","202503101","F1 score: 0.87, CI[0.80, 0.95]","Computational Method",,
611,"611.114","Salmonella enterica subsp. enterica serovar Heidelberg strain AMR588-04-00320","cefotaxime",,"32.0",,"32.0","mg/L",,,,,,,"MIC XGBoost Model","202503101","W1 score: 0.95, CI[0.89, 1.00]","Computational Method",,
562,"562.114876","Escherichia coli AMR0262","amoxicillin/clavulanic acid",,"32.0",,"32.0","mg/L",,,,,,,"MIC XGBoost Model","202503101","W1 score: 0.97, CI[0.96, 0.98]","Computational Method",,
611,"611.291","Salmonella enterica subsp. enterica serovar Heidelberg strain AMR588-04-00318","streptomycin",,"2.0",,"2.0","mg/L",,,,,,,"MIC XGBoost Model","202503101","W1 score: 0.92, CI[0.90, 0.93]","Computational Method",,
562,"562.112540","Escherichia coli AMR0278","meropenem",,"32.0",,"32.0","mg/L",,,,,,,"MIC XGBoost Model","202503101","W1 score: 0.95, CI[0.93, 0.98]","Computational Method",,
562,"562.114873","Escherichia coli AMR0279","doripenem",,"2.0",,"2.0","mg/L",,,,,,,"MIC XGBoost Model","202503101","W1 score: 0.56, CI[0.34, 0.79]","Computational Method",,
573,"573.62645","Klebsiella pneumoniae AMR180036","tigecycline",,"1.0",,"1.0","mg/L",,,,,,,"MIC XGBoost Model","202503101","W1 score: 0.93, CI[0.91, 0.95]","Computational Method",,
1280,"1280.48293","Staphylococcus aureus AMR6","tetracycline","Susceptible",,,,,,,,,,,"SIR XGBoost Model","202503101","F1 score: 0.98, CI[0.97, 1.00]","Computational Method",,
562,"562.114877","Escherichia coli AMR0264","cefotaxime",,"64.0",,"64.0","mg/L",,,,,,,"MIC XGBoost Model","202503101","W1 score: 0.90, CI[0.88, 0.91]","Computational Method",,
573,"573.62641","Klebsiella pneumoniae AMR180022","cefepime",,"32.0",,"32.0","mg/L",,,,,,,"MIC XGBoost Model","202503101","W1 score: 0.68, CI[0.64, 0.72]","Computational Method",,
611,"611.297","Salmonella enterica subsp. enterica serovar Heidelberg strain AMR588-04-00437","trimethoprim","Resistant",,,,,,,,,,,"SIR XGBoost Model","202503101","F1 score: 0.86, CI[0.78, 0.93]","Computational Method",,
1280,"1280.48293","Staphylococcus aureus AMR6","fusidic acid","Susceptible",,,,,,,,,,,"SIR XGBoost Model","202503101","F1 score: 0.97, CI[0.96, 0.98]","Computational Method",,
562,"562.112540","Escherichia coli AMR0278","piperacillin/tazobactam",,"256.0",,"256.0","mg/L",,,,,,,"MIC XGBoost Model","202503101","W1 score: 0.93, CI[0.91, 0.95]","Computational Method",,
1280,"1280.48293","Staphylococcus aureus AMR6","clindamycin","Susceptible",,,,,,,,"PATRIC",,,"AdaBoost Classifier",,"Accuracy:0.963, F1 score:0.965, AUC:0.977","Computational Method",,
1280,"1280.48300","Staphylococcus aureus AMR11","ciprofloxacin","Resistant",,,,,,,,,,,"SIR XGBoost Model","202503101","F1 score: 0.99, CI[0.98, 1.00]","Computational Method",,
573,"573.64652","Klebsiella pneumoniae AMR_MDS_5016","tigecycline",,"1.0",,"1.0","mg/L",,,,,,,"MIC XGBoost Model","202503101","W1 score: 0.93, CI[0.91, 0.95]","Computational Method",,
562,"562.114871","Escherichia coli AMR0265","colistin",,"1.0",,"1.0","mg/L",,,,,,,"MIC XGBoost Model","202503101","W1 score: 0.80, CI[0.64, 0.96]","Computational Method",,
611,"611.296","Salmonella enterica subsp. enterica serovar Heidelberg strain AMR588-04-00435","spectinomycin","Susceptible",,,,,,,,,,,"SIR XGBoost Model","202503101","F1 score: 0.94, CI[0.90, 0.98]","Computational Method",,
611,"611.127","Salmonella enterica subsp. enterica serovar Heidelberg strain AMR588-04-00318","pefloxacin","Susceptible",,,,,,,,,,,"SIR XGBoost Model","202503101","F1 score: 0.98, CI[0.96, 1.00]","Computational Method",,
573,"573.62645","Klebsiella pneumoniae AMR180036","cefotaxime/clavulanic acid",,"32.0",,"32.0","mg/L",,,,,,,"MIC XGBoost Model","202503101","W1 score: 1.00, CI[1.00, 1.00]","Computational Method",,
611,"611.294","Salmonella enterica subsp. enterica serovar Heidelberg strain AMR588-04-00320","spectinomycin","Susceptible",,,,,,,,,,,"SIR XGBoost Model","202503101","F1 score: 0.94, CI[0.90, 0.98]","Computational Method",,
562,"562.114877","Escherichia coli AMR0264","tobramycin",,"16.0",,"16.0","mg/L",,,,,,,"MIC XGBoost Model","202503101","W1 score: 0.96, CI[0.92, 1.00]","Computational Method",,
562,"562.114875","Escherichia coli AMR0177","cefalothin","Resistant",,,,,,,,,,,"SIR XGBoost Model","202503101","F1 score: 0.92, CI[0.89, 0.96]","Computational Method",,
573,"573.62642","Klebsiella pneumoniae AMR180026","trimethoprim/sulfamethoxazole",,"16.0",,"16.0","mg/L",,,,,,,"MIC XGBoost Model","202503101","W1 score: 0.93, CI[0.91, 0.95]","Computational Method",,
573,"573.64652","Klebsiella pneumoniae AMR_MDS_5016","cefepime","Susceptible",,,,,,,,"PATRIC",,,"AdaBoost Classifier",,"Accuracy:0.697, F1 score:0.704, AUC:0.745","Computational Method",,
611,"611.290","Salmonella enterica subsp. enterica serovar Heidelberg strain AMR588-04-00318","cefoxitin",,"16.0",,"16.0","mg/L",,,,,,,"MIC XGBoost Model","202503101","W1 score: 0.98, CI[0.97, 1.00]","Computational Method",,
1280,"1280.48294","Staphylococcus aureus AMR3","penicillin","Resistant",,,,,,,,,,,"SIR XGBoost Model","202503101","F1 score: 0.94, CI[0.91, 0.98]","Computational Method",,
1280,"1280.48293","Staphylococcus aureus AMR6","cefoxitin","Resistant",,,,,,,,,,,"SIR XGBoost Model","202503101","F1 score: 0.97, CI[0.96, 0.99]","Computational Method",,
562,"562.114875","Escherichia coli AMR0177","cefepime",,"16.0",,"16.0","mg/L",,,,,,,"MIC XGBoost Model","202503101","W1 score: 0.73, CI[0.68, 0.78]","Computational Method",,
562,"562.114877","Escherichia coli AMR0264","trimethoprim","Resistant",,,,,,,,,,,"SIR XGBoost Model","202503101","F1 score: 0.94, CI[0.91, 0.97]","Computational Method",,
573,"573.64652","Klebsiella pneumoniae AMR_MDS_5016","amikacin",,"8.0",,"8.0","mg/L",,,,,,,"MIC XGBoost Model","202503101","W1 score: 0.94, CI[0.92, 0.96]","Computational Method",,
562,"562.114877","Escherichia coli AMR0264","ciprofloxacin",,"8.0",,"8.0","mg/L",,,,,,,"MIC XGBoost Model","202503101","W1 score: 0.95, CI[0.93, 0.97]","Computational Method",,
611,"611.297","Salmonella enterica subsp. enterica serovar Heidelberg strain AMR588-04-00437","ceftazidime",,"32.0",,"32.0","mg/L",,,,,,,"MIC XGBoost Model","202503101","W1 score: 0.93, CI[0.88, 0.99]","Computational Method",,
611,"611.295","Salmonella enterica subsp. enterica serovar Heidelberg strain AMR588-04-00435","meropenem",,"32.0",,"32.0","mg/L",,,,,,,"MIC XGBoost Model","202503101","W1 score: 0.95, CI[0.90, 1.01]","Computational Method",,
1280,"1280.48297","Staphylococcus aureus AMR2","fusidic acid","Resistant",,,,,,,,,,,"SIR XGBoost Model","202503101","F1 score: 0.97, CI[0.96, 0.98]","Computational Method",,
611,"611.291","Salmonella enterica subsp. enterica serovar Heidelberg strain AMR588-04-00318","meropenem",,"32.0",,"32.0","mg/L",,,,,,,"MIC XGBoost Model","202503101","W1 score: 0.95, CI[0.90, 1.01]","Computational Method",,
562,"562.114875","Escherichia coli AMR0177","colistin",,"2.0",,"2.0","mg/L",,,,,,,"MIC XGBoost Model","202503101","W1 score: 0.80, CI[0.64, 0.96]","Computational Method",,
1280,"1280.48296","Staphylococcus aureus AMR26","tetracycline","Susceptible",,,,,,,,,,,"SIR XGBoost Model","202503101","F1 score: 0.98, CI[0.97, 1.00]","Computational Method",,
562,"562.138665","Escherichia coli AMR_MDS_5755","ampicillin",,"16.0",,"16.0","mg/L",,,,,,,"MIC XGBoost Model","202503101","W1 score: 0.87, CI[0.82, 0.92]","Computational Method",,
611,"611.290","Salmonella enterica subsp. enterica serovar Heidelberg strain AMR588-04-00318","ceftriaxone","Resistant",,,,,,,,,,,"SIR XGBoost Model","202503101","F1 score: 0.98, CI[0.97, 1.00]","Computational Method",,
573,"573.62644","Klebsiella pneumoniae AMR200031","levofloxacin","Resistant",,,,,,,,"PATRIC",,,"AdaBoost Classifier",,"Accuracy:0.917, F1 score:0.927, AUC:0.961","Computational Method",,
611,"611.292","Salmonella enterica subsp. enterica serovar Heidelberg strain AMR588-04-00320","streptomycin",,"2.0",,"2.0","mg/L",,,,,,,"MIC XGBoost Model","202503101","W1 score: 0.92, CI[0.90, 0.93]","Computational Method",,
611,"611.294","Salmonella enterica subsp. enterica serovar Heidelberg strain AMR588-04-00320","trimethoprim/sulfamethoxazole",,"32.0",,"32.0","mg/L",,,,,,,"MIC XGBoost Model","202503101","W1 score: 0.96, CI[0.95, 0.97]","Computational Method",,
573,"573.65449","Klebsiella pneumoniae AMR20201034","fosfomycin",,"16.0",,"16.0","mg/L",,,,,,,"MIC XGBoost Model","202503101","W1 score: 0.60, CI[0.30, 0.90]","Computational Method",,
573,"573.65449","Klebsiella pneumoniae AMR20201034","levofloxacin",,"8.0",,"8.0","mg/L",,,,,,,"MIC XGBoost Model","202503101","W1 score: 0.95, CI[0.92, 0.99]","Computational Method",,
562,"562.114873","Escherichia coli AMR0279","ertapenem",,"4.0",,"4.0","mg/L",,,,,,,"MIC XGBoost Model","202503101","W1 score: 0.77, CI[0.66, 0.89]","Computational Method",,
573,"573.64652","Klebsiella pneumoniae AMR_MDS_5016","gentamicin",,"2.0",,"2.0","mg/L",,,,,,,"MIC XGBoost Model","202503101","W1 score: 0.94, CI[0.92, 0.95]","Computational Method",,
1280,"1280.48288","Staphylococcus aureus AMR8","methicillin","Resistant",,,,,,,,,,,"SIR XGBoost Model","202503101","F1 score: 0.99, CI[0.98, 1.00]","Computational Method",,
611,"611.291","Salmonella enterica subsp. enterica serovar Heidelberg strain AMR588-04-00318","ceftiofur",,"1.0",,"1.0","mg/L",,,,,,,"MIC XGBoost Model","202503101","W1 score: 0.99, CI[0.98, 0.99]","Computational Method",,
562,"562.114876","Escherichia coli AMR0262","trimethoprim/sulfamethoxazole",,"8.0",,"8.0","mg/L",,,,,,,"MIC XGBoost Model","202503101","W1 score: 0.81, CI[0.76, 0.85]","Computational Method",,
562,"562.114877","Escherichia coli AMR0264","cefoxitin","Resistant",,,,,,,,,,,"SIR XGBoost Model","202503101","F1 score: 0.88, CI[0.83, 0.92]","Computational Method",,
611,"611.116","Salmonella enterica subsp. enterica serovar Heidelberg strain AMR588-04-00437","azithromycin","Susceptible",,,,,,,,,,,"SIR XGBoost Model","202503101","F1 score: 0.92, CI[0.87, 0.98]","Computational Method",,
562,"562.114876","Escherichia coli AMR0262","tigecycline",,"0.5",,"0.5","mg/L",,,,,,,"MIC XGBoost Model","202503101","W1 score: 0.98, CI[0.91, 1.04]","Computational Method",,
562,"562.114875","Escherichia coli AMR0177","doxycycline","Resistant",,,,,,,,,,,"SIR XGBoost Model","202503101","F1 score: 0.87, CI[0.80, 0.95]","Computational Method",,
562,"562.114877","Escherichia coli AMR0264","amoxicillin","Resistant",,,,,,,,,,,"SIR XGBoost Model","202503101","F1 score: 0.90, CI[0.87, 0.93]","Computational Method",,
1280,"1280.48293","Staphylococcus aureus AMR6","oxacillin","Resistant",,,,,,,,,,,"SIR XGBoost Model","202503101","F1 score: 0.91, CI[0.87, 0.96]","Computational Method",,
611,"611.297","Salmonella enterica subsp. enterica serovar Heidelberg strain AMR588-04-00437","spectinomycin","Susceptible",,,,,,,,,,,"SIR XGBoost Model","202503101","F1 score: 0.94, CI[0.90, 0.98]","Computational Method",,
1280,"1280.48290","Staphylococcus aureus AMR7","daptomycin","Resistant",,,,,,,,,,,"SIR XGBoost Model","202503101","F1 score: 0.30, CI[-0.26, 0.85]","Computational Method",,
611,"611.290","Salmonella enterica subsp. enterica serovar Heidelberg strain AMR588-04-00318","ceftiofur","Resistant",,,,,,,,,,,"SIR XGBoost Model","202503101","F1 score: 0.98, CI[0.97, 1.00]","Computational Method",,
1280,"1280.48295","Staphylococcus aureus AMR28","oxacillin","Resistant",,,,,,,,,,,"SIR XGBoost Model","202503101","F1 score: 0.91, CI[0.87, 0.96]","Computational Method",,
611,"611.293","Salmonella enterica subsp. enterica serovar Heidelberg strain AMR588-04-00320","azithromycin","Susceptible",,,,,,,,,,,"SIR XGBoost Model","202503101","F1 score: 0.92, CI[0.87, 0.98]","Computational Method",,
611,"611.293","Salmonella enterica subsp. enterica serovar Heidelberg strain AMR588-04-00320","cefotaxime",,"32.0",,"32.0","mg/L",,,,,,,"MIC XGBoost Model","202503101","W1 score: 0.95, CI[0.89, 1.00]","Computational Method",,
611,"611.291","Salmonella enterica subsp. enterica serovar Heidelberg strain AMR588-04-00318","cefotaxime",,"32.0",,"32.0","mg/L",,,,,,,"MIC XGBoost Model","202503101","W1 score: 0.95, CI[0.89, 1.00]","Computational Method",,
611,"611.290","Salmonella enterica subsp. enterica serovar Heidelberg strain AMR588-04-00318","amoxicillin/clavulanic acid",,"64.0",,"64.0","mg/L",,,,,,,"MIC XGBoost Model","202503101","W1 score: 0.98, CI[0.96, 0.99]","Computational Method",,
573,"573.62645","Klebsiella pneumoniae AMR180036","tobramycin",,"32.0",,"32.0","mg/L",,,,,,,"MIC XGBoost Model","202503101","W1 score: 0.93, CI[0.92, 0.95]","Computational Method",,
562,"562.114876","Escherichia coli AMR0262","doxycycline","Resistant",,,,,,,,,,,"SIR XGBoost Model","202503101","F1 score: 0.87, CI[0.80, 0.95]","Computational Method",,
562,"562.114877","Escherichia coli AMR0264","meropenem","Resistant",,,,,,,,,,,"SIR XGBoost Model","202503101","F1 score: 0.76, CI[0.68, 0.84]","Computational Method",,
611,"611.290","Salmonella enterica subsp. enterica serovar Heidelberg strain AMR588-04-00318","tetracycline",,"32.0",,"32.0","mg/L",,,,,,,"MIC XGBoost Model","202503101","W1 score: 0.99, CI[0.98, 0.99]","Computational Method",,
1280,"1280.48296","Staphylococcus aureus AMR26","tetracycline","Susceptible",,,,,,,,"PATRIC",,,"AdaBoost Classifier",,"Accuracy:0.975, F1 score:0.974, AUC:0.986","Computational Method",,
562,"562.138665","Escherichia coli AMR_MDS_5755","imipenem","Susceptible",,,,,,,,,,,"SIR XGBoost Model","202503101","F1 score: 0.96, CI[0.94, 0.98]","Computational Method",,
562,"562.114876","Escherichia coli AMR0262","streptomycin",,"8.0",,"8.0","mg/L",,,,,,,"MIC XGBoost Model","202503101","W1 score: 0.96, CI[0.90, 1.03]","Computational Method",,
562,"562.112540","Escherichia coli AMR0278","ampicillin/sulbactam","Resistant",,,,,,,,,,,"SIR XGBoost Model","202503101","F1 score: 0.88, CI[0.79, 0.98]","Computational Method",,
611,"611.295","Salmonella enterica subsp. enterica serovar Heidelberg strain AMR588-04-00435","sulfisoxazole",,"32.0",,"32.0","mg/L",,,,,,,"MIC XGBoost Model","202503101","W1 score: 0.98, CI[0.97, 0.99]","Computational Method",,
562,"562.114876","Escherichia coli AMR0262","streptomycin","Resistant",,,,,,,,,,,"SIR XGBoost Model","202503101","F1 score: 0.96, CI[0.90, 1.02]","Computational Method",,
562,"562.114871","Escherichia coli AMR0265","doxycycline","Resistant",,,,,,,,,,,"SIR XGBoost Model","202503101","F1 score: 0.87, CI[0.80, 0.95]","Computational Method",,
611,"611.298","Salmonella enterica subsp. enterica serovar Heidelberg strain AMR588-04-00437","nalidixic acid",,"8.0",,"8.0","mg/L",,,,,,,"MIC XGBoost Model","202503101","W1 score: 0.98, CI[0.97, 0.99]","Computational Method",,
1280,"1280.48292","Staphylococcus aureus AMR9","erythromycin","Resistant",,,,,,,,"PATRIC",,,"AdaBoost Classifier",,"Accuracy:0.959, F1 score:0.962, AUC:0.981","Computational Method",,
611,"611.127","Salmonella enterica subsp. enterica serovar Heidelberg strain AMR588-04-00318","tetracycline","Susceptible",,,,,,,,,,,"SIR XGBoost Model","202503101","F1 score: 0.97, CI[0.96, 0.98]","Computational Method",,
611,"611.111","Salmonella enterica subsp. enterica serovar Heidelberg strain AMR588-04-00435","ciprofloxacin",,"0.015625",,"0.015625","mg/L",,,,,,,"MIC XGBoost Model","202503101","W1 score: 0.88, CI[0.86, 0.90]","Computational Method",,
611,"611.295","Salmonella enterica subsp. enterica serovar Heidelberg strain AMR588-04-00435","ceftiofur","Susceptible",,,,,,,,,,,"SIR XGBoost Model","202503101","F1 score: 0.98, CI[0.97, 1.00]","Computational Method",,
611,"611.111","Salmonella enterica subsp. enterica serovar Heidelberg strain AMR588-04-00435","spectinomycin","Susceptible",,,,,,,,,,,"SIR XGBoost Model","202503101","F1 score: 0.94, CI[0.90, 0.98]","Computational Method",,
611,"611.114","Salmonella enterica subsp. enterica serovar Heidelberg strain AMR588-04-00320","sulfisoxazole",,"32.0",,"32.0","mg/L",,,,,,,"MIC XGBoost Model","202503101","W1 score: 0.98, CI[0.97, 0.99]","Computational Method",,
573,"573.62641","Klebsiella pneumoniae AMR180022","meropenem","Susceptible",,,,,,,,"PATRIC",,,"AdaBoost Classifier",,"Accuracy:0.916, F1 score:0.922, AUC:0.949","Computational Method",,
1280,"1280.48293","Staphylococcus aureus AMR6","trimethoprim/sulfamethoxazole","Susceptible",,,,,,,,,,,"SIR XGBoost Model","202503101","F1 score: 0.94, CI[0.89, 0.98]","Computational Method",,
562,"562.138665","Escherichia coli AMR_MDS_5755","imipenem",,"16.0",,"16.0","mg/L",,,,,,,"MIC XGBoost Model","202503101","W1 score: 0.78, CI[0.70, 0.86]","Computational Method",,
611,"611.111","Salmonella enterica subsp. enterica serovar Heidelberg strain AMR588-04-00435","ceftiofur","Susceptible",,,,,,,,,,,"SIR XGBoost Model","202503101","F1 score: 0.98, CI[0.97, 1.00]","Computational Method",,
562,"562.114877","Escherichia coli AMR0264","nalidixic acid","Resistant",,,,,,,,,,,"SIR XGBoost Model","202503101","F1 score: 0.98, CI[0.96, 1.00]","Computational Method",,
611,"611.114","Salmonella enterica subsp. enterica serovar Heidelberg strain AMR588-04-00320","nalidixic acid",,"4.0",,"4.0","mg/L",,,,,,,"MIC XGBoost Model","202503101","W1 score: 0.98, CI[0.97, 0.99]","Computational Method",,
562,"562.114873","Escherichia coli AMR0279","chloramphenicol",,"16.0",,"16.0","mg/L",,,,,,,"MIC XGBoost Model","202503101","W1 score: 0.77, CI[0.71, 0.83]","Computational Method",,
562,"562.112540","Escherichia coli AMR0278","ceftiofur","Resistant",,,,,,,,,,,"SIR XGBoost Model","202503101","F1 score: 0.97, CI[0.88, 1.06]","Computational Method",,
573,"573.62641","Klebsiella pneumoniae AMR180022","amikacin",,"32.0",,"32.0","mg/L",,,,,,,"MIC XGBoost Model","202503101","W1 score: 0.94, CI[0.92, 0.96]","Computational Method",,
611,"611.295","Salmonella enterica subsp. enterica serovar Heidelberg strain AMR588-04-00435","gentamicin",,"0.5",,"0.5","mg/L",,,,,,,"MIC XGBoost Model","202503101","W1 score: 0.97, CI[0.95, 0.99]","Computational Method",,
1280,"1280.48294","Staphylococcus aureus AMR3","daptomycin",,"0.5",,"0.5","mg/L",,,,,,,"MIC XGBoost Model","202503101","W1 score: 0.93, CI[0.87, 0.99]","Computational Method",,
611,"611.127","Salmonella enterica subsp. enterica serovar Heidelberg strain AMR588-04-00318","nalidixic acid",,"4.0",,"4.0","mg/L",,,,,,,"MIC XGBoost Model","202503101","W1 score: 0.98, CI[0.97, 0.99]","Computational Method",,
573,"573.62642","Klebsiella pneumoniae AMR180026","cefazolin",,"32.0",,"32.0","mg/L",,,,,,,"MIC XGBoost Model","202503101","W1 score: 0.96, CI[0.95, 0.97]","Computational Method",,
611,"611.111","Salmonella enterica subsp. enterica serovar Heidelberg strain AMR588-04-00435","amoxicillin/clavulanic acid","Susceptible",,,,,,,,,,,"SIR XGBoost Model","202503101","F1 score: 0.96, CI[0.95, 0.97]","Computational Method",,
573,"573.62642","Klebsiella pneumoniae AMR180026","piperacillin/tazobactam","Susceptible",,,,,,,,"PATRIC",,,"AdaBoost Classifier",,"Accuracy:0.766, F1 score:0.759, AUC:0.825","Computational Method",,
1280,"1280.48290","Staphylococcus aureus AMR7","daptomycin",,"1.0",,"1.0","mg/L",,,,,,,"MIC XGBoost Model","202503101","W1 score: 0.93, CI[0.87, 0.99]","Computational Method",,
573,"573.62645","Klebsiella pneumoniae AMR180036","ertapenem",,"8.0",,"8.0","mg/L",,,,,,,"MIC XGBoost Model","202503101","W1 score: 0.90, CI[0.88, 0.92]","Computational Method",,
1280,"1280.48300","Staphylococcus aureus AMR11","fusidic acid","Susceptible",,,,,,,,,,,"SIR XGBoost Model","202503101","F1 score: 0.97, CI[0.96, 0.98]","Computational Method",,
573,"573.62642","Klebsiella pneumoniae AMR180026","cefotaxime",,"64.0",,"64.0","mg/L",,,,,,,"MIC XGBoost Model","202503101","W1 score: 0.92, CI[0.90, 0.94]","Computational Method",,
573,"573.62645","Klebsiella pneumoniae AMR180036","tetracycline",,"64.0",,"64.0","mg/L",,,,,,,"MIC XGBoost Model","202503101","W1 score: 0.88, CI[0.83, 0.92]","Computational Method",,
562,"562.114876","Escherichia coli AMR0262","cefuroxime","Resistant",,,,,,,,,,,"SIR XGBoost Model","202503101","F1 score: 0.88, CI[0.86, 0.90]","Computational Method",,
573,"573.64652","Klebsiella pneumoniae AMR_MDS_5016","meropenem",,"1.0",,"1.0","mg/L",,,,,,,"MIC XGBoost Model","202503101","W1 score: 0.91, CI[0.89, 0.93]","Computational Method",,
562,"562.138665","Escherichia coli AMR_MDS_5755","meropenem",,"0.25",,"0.25","mg/L",,,,,,,"MIC XGBoost Model","202503101","W1 score: 0.95, CI[0.93, 0.98]","Computational Method",,
562,"562.112540","Escherichia coli AMR0278","doripenem",,"4.0",,"4.0","mg/L",,,,,,,"MIC XGBoost Model","202503101","W1 score: 0.56, CI[0.34, 0.79]","Computational Method",,
611,"611.292","Salmonella enterica subsp. enterica serovar Heidelberg strain AMR588-04-00320","cefoxitin",,"8.0",,"8.0","mg/L",,,,,,,"MIC XGBoost Model","202503101","W1 score: 0.98, CI[0.97, 1.00]","Computational Method",,
573,"573.65449","Klebsiella pneumoniae AMR20201034","cefoxitin",,"32.0",,"32.0","mg/L",,,,,,,"MIC XGBoost Model","202503101","W1 score: 0.91, CI[0.90, 0.92]","Computational Method",,
611,"611.290","Salmonella enterica subsp. enterica serovar Heidelberg strain AMR588-04-00318","trimethoprim","Resistant",,,,,,,,,,,"SIR XGBoost Model","202503101","F1 score: 0.86, CI[0.78, 0.93]","Computational Method",,
611,"611.291","Salmonella enterica subsp. enterica serovar Heidelberg strain AMR588-04-00318","spectinomycin","Susceptible",,,,,,,,,,,"SIR XGBoost Model","202503101","F1 score: 0.94, CI[0.90, 0.98]","Computational Method",,
573,"573.62641","Klebsiella pneumoniae AMR180022","trimethoprim/sulfamethoxazole",,"16.0",,"16.0","mg/L",,,,,,,"MIC XGBoost Model","202503101","W1 score: 0.93, CI[0.91, 0.95]","Computational Method",,
611,"611.291","Salmonella enterica subsp. enterica serovar Heidelberg strain AMR588-04-00318","streptomycin","Susceptible",,,,,,,,,,,"SIR XGBoost Model","202503101","F1 score: 0.94, CI[0.93, 0.96]","Computational Method",,
562,"562.138665","Escherichia coli AMR_MDS_5755","cefazolin","Susceptible",,,,,,,,,,,"SIR XGBoost Model","202503101","F1 score: 0.93, CI[0.86, 0.99]","Computational Method",,
611,"611.294","Salmonella enterica subsp. enterica serovar Heidelberg strain AMR588-04-00320","streptomycin","Susceptible",,,,,,,,,,,"SIR XGBoost Model","202503101","F1 score: 0.94, CI[0.93, 0.96]","Computational Method",,
562,"562.114875","Escherichia coli AMR0177","cefuroxime","Resistant",,,,,,,,,,,"SIR XGBoost Model","202503101","F1 score: 0.88, CI[0.86, 0.90]","Computational Method",,
611,"611.293","Salmonella enterica subsp. enterica serovar Heidelberg strain AMR588-04-00320","ceftiofur",,"1.0",,"1.0","mg/L",,,,,,,"MIC XGBoost Model","202503101","W1 score: 0.99, CI[0.98, 0.99]","Computational Method",,
573,"573.62642","Klebsiella pneumoniae AMR180026","tobramycin","Resistant",,,,,,,,"PATRIC",,,"AdaBoost Classifier",,"Accuracy:0.882, F1 score:0.889, AUC:0.939","Computational Method",,
611,"611.292","Salmonella enterica subsp. enterica serovar Heidelberg strain AMR588-04-00320","chloramphenicol",,"32.0",,"32.0","mg/L",,,,,,,"MIC XGBoost Model","202503101","W1 score: 0.99, CI[0.98, 1.00]","Computational Method",,
562,"562.114873","Escherichia coli AMR0279","ceftiofur","Resistant",,,,,,,,,,,"SIR XGBoost Model","202503101","F1 score: 0.97, CI[0.88, 1.06]","Computational Method",,
562,"562.114873","Escherichia coli AMR0279","streptomycin","Resistant",,,,,,,,,,,"SIR XGBoost Model","202503101","F1 score: 0.96, CI[0.90, 1.02]","Computational Method",,
1280,"1280.48300","Staphylococcus aureus AMR11","methicillin","Resistant",,,,,,,,"PATRIC",,,"AdaBoost Classifier",,"Accuracy:0.989, F1 score:0.989, AUC:0.994","Computational Method",,
573,"573.64652","Klebsiella pneumoniae AMR_MDS_5016","amikacin","Susceptible",,,,,,,,"PATRIC",,,"AdaBoost Classifier",,"Accuracy:0.910, F1 score:0.919, AUC:0.947","Computational Method",,
562,"562.114871","Escherichia coli AMR0265","tetracycline",,"32.0",,"32.0","mg/L",,,,,,,"MIC XGBoost Model","202503101","W1 score: 0.79, CI[0.71, 0.87]","Computational Method",,
611,"611.292","Salmonella enterica subsp. enterica serovar Heidelberg strain AMR588-04-00320","amoxicillin/clavulanic acid","Susceptible",,,,,,,,,,,"SIR XGBoost Model","202503101","F1 score: 0.96, CI[0.95, 0.97]","Computational Method",,
562,"562.138665","Escherichia coli AMR_MDS_5755","ceftriaxone",,"4.0",,"4.0","mg/L",,,,,,,"MIC XGBoost Model","202503101","W1 score: 0.83, CI[0.74, 0.91]","Computational Method",,
611,"611.296","Salmonella enterica subsp. enterica serovar Heidelberg strain AMR588-04-00435","amoxicillin/clavulanic acid",,"8.0",,"8.0","mg/L",,,,,,,"MIC XGBoost Model","202503101","W1 score: 0.98, CI[0.96, 0.99]","Computational Method",,
562,"562.114871","Escherichia coli AMR0265","ceftriaxone",,"32.0",,"32.0","mg/L",,,,,,,"MIC XGBoost Model","202503101","W1 score: 0.83, CI[0.74, 0.91]","Computational Method",,
